/**
 ****************************************************************************************************
 * @file        demo.c
 * @author      正点原子团队(ALIENTEK)
 * @version     V1.0
 * @date        2022-06-21
 * @brief       ATK-MC2640模块测试实验（DCMI）
 ****************************************************************************************************
 */


#include "demo.h"
#include "mc2640.h"
#include "main.h"
#include "usart.h"
#include <stdio.h>
#include <string.h>
#include "mc2640_sccb.h"
#include "malloc.h"
static uint8_t dump_once = 0;
extern DCMI_HandleTypeDef hdcmi;



/* DMA 写入用：AXI SRAM */
__attribute__((section(".AxSRAM"), aligned(32)))
uint16_t cam_dma_buf[PIXELS];

/* CPU / AI 使用 */
uint16_t image_buffer[PIXELS] = {
    0x0841, 0x0841, 0x0841, 0x0841, 0x0841, 0x0841, 0x0841, 0x0841, 0x0841, 0x0841, 0x0841, 0x0841, 0x0841, 0x0841, 0x0841, 0x0841, 
    0x0841, 0x0841, 0x0841, 0x0841, 0x0841, 0x0841, 0x0841, 0x0841, 0x0841, 0x0841, 0x0841, 0x0841, 0x0841, 0x0841, 0x0841, 0x0841, 
    0x0841, 0x0841, 0x0841, 0x0841, 0x0841, 0x0841, 0x0841, 0x0841, 0x0841, 0x0841, 0x0841, 0x0841, 0x0841, 0x0841, 0x0841, 0x0841, 
    0x0841, 0x0841, 0x0841, 0x0841, 0x0841, 0x0841, 0x0841, 0x0841, 0x0841, 0x0841, 0x0841, 0x0841, 0x0841, 0x0841, 0x0841, 0x0841, 
    0x0841, 0x0841, 0x0841, 0x0841, 0x0841, 0x0841, 0x0841, 0x0841, 0x0841, 0x0841, 0x0841, 0x0841, 0x0841, 0x0841, 0x0841, 0x0841, 
    0x0841, 0x0841, 0x0841, 0x0841, 0x0841, 0x0841, 0x0841, 0x0841, 0x0841, 0x0841, 0x0841, 0x0841, 0x0841, 0x0841, 0x0841, 0x0841, 
    0x0841, 0x0841, 0x0841, 0x0841, 0x0841, 0x0841, 0x0841, 0x0841, 0x0841, 0x0841, 0x0841, 0x0841, 0x0841, 0x0841, 0x0841, 0x0841, 
    0x0841, 0x0841, 0x0841, 0x0841, 0x0841, 0x0841, 0x0841, 0x0841, 0x0841, 0x0841, 0x0841, 0x0841, 0x0841, 0x0841, 0x0841, 0x0841, 
    0x0841, 0x0841, 0x0841, 0x0841, 0x0841, 0x0841, 0x0841, 0x0841, 0x0841, 0x0841, 0x0841, 0x0841, 0x0841, 0x0841, 0x0841, 0x0841, 
    0x0841, 0x0841, 0x0841, 0x0841, 0x0841, 0x0841, 0x0841, 0x0841, 0x0841, 0x0841, 0x0841, 0x0841, 0x0841, 0x0841, 0x0841, 0x0841, 
    0x0841, 0x0841, 0x0841, 0x0841, 0x0841, 0x0841, 0x0841, 0x0841, 0x0841, 0x0841, 0x0841, 0x0841, 0x0841, 0x0841, 0x0841, 0x0841, 
    0x0841, 0x0841, 0x0841, 0x0841, 0x0841, 0x0841, 0x0841, 0x0841, 0x0841, 0x0841, 0x0841, 0x0841, 0x0841, 0x0841, 0x0841, 0x0841, 
    0x0841, 0x0841, 0x0841, 0x0841, 0x0841, 0x0841, 0x0841, 0x0841, 0x0841, 0x0841, 0x0841, 0x0841, 0x0841, 0x0841, 0x0841, 0x0841, 
    0x0841, 0x0841, 0x0841, 0x0841, 0x0841, 0x0841, 0x0841, 0x0841, 0x0841, 0x0841, 0x0841, 0x0841, 0x0841, 0x0841, 0x0841, 0x0841, 
    0x0841, 0x0841, 0x0841, 0x0841, 0x0841, 0x0841, 0x0841, 0x0841, 0x0841, 0x0841, 0x0841, 0x0841, 0x0841, 0x0841, 0x0841, 0x0841, 
    0x0841, 0x0841, 0x0841, 0x0841, 0x0841, 0x0841, 0x0841, 0x0841, 0x0841, 0x0841, 0x0841, 0x0841, 0x0841, 0x0841, 0x0841, 0x0841, 
    0x0841, 0x0841, 0x0841, 0x0841, 0x0841, 0x0841, 0x0841, 0x0841, 0x0841, 0x0841, 0x0841, 0x0841, 0x0841, 0x0841, 0x0841, 0x0841, 
    0x0841, 0x0841, 0x0841, 0x0841, 0x0841, 0x0841, 0x0841, 0x0841, 0x0841, 0x0841, 0x0841, 0x0841, 0x0841, 0x0841, 0x0841, 0x0841, 
    0x0841, 0x0841, 0x0841, 0x0841, 0x0841, 0x0841, 0x0841, 0x0841, 0x0841, 0x0841, 0x0841, 0x0841, 0x0841, 0x0841, 0x0841, 0x0841, 
    0x0841, 0x0841, 0x0841, 0x0841, 0x0841, 0x0841, 0x0841, 0x0841, 0x0841, 0x0841, 0x0841, 0x0841, 0x0841, 0x0841, 0x0841, 0x0841, 
    0x0841, 0x0841, 0x0841, 0x0841, 0x0841, 0x0841, 0x0841, 0x0841, 0x0841, 0x0841, 0x0841, 0x0841, 0x0841, 0x0841, 0x0841, 0x0841, 
    0x0841, 0x0841, 0x0841, 0x0841, 0x0841, 0x0841, 0x0841, 0x0841, 0x0841, 0x0841, 0x0841, 0x0841, 0x0841, 0x0841, 0x0841, 0x0841, 
    0x0841, 0x0841, 0x0841, 0x0841, 0x0841, 0x0841, 0x0841, 0x0841, 0x0841, 0x0841, 0x0841, 0x0841, 0x0841, 0x0841, 0x0841, 0x0841, 
    0x0841, 0x0841, 0x0841, 0x0841, 0x0841, 0x0841, 0x0841, 0x0841, 0x0841, 0x0841, 0x0841, 0x0841, 0x0841, 0x0841, 0x0841, 0x0841, 
    0x0841, 0x0841, 0x0841, 0x0841, 0x0841, 0x0841, 0x0841, 0x0841, 0x0841, 0x0841, 0x0841, 0x0841, 0x0841, 0x0841, 0x0841, 0x0841, 
    0x0841, 0x0841, 0x0841, 0x0841, 0x0841, 0x0841, 0x0841, 0x0841, 0x0841, 0x0841, 0x0841, 0x0841, 0x0841, 0x0841, 0x0841, 0x0841, 
    0x0841, 0x0841, 0x0841, 0x0841, 0x0841, 0x0841, 0x0841, 0x0841, 0x0841, 0x0841, 0x0841, 0x0841, 0x0841, 0x0841, 0x0841, 0x0841, 
    0x0841, 0x0841, 0x0841, 0x0841, 0x0841, 0x0841, 0x0841, 0x0841, 0x0841, 0x0841, 0x0841, 0x0841, 0x0841, 0x0841, 0x0841, 0x0841, 
    0x0841, 0x0841, 0x0841, 0x0841, 0x0841, 0x0841, 0x0841, 0x0841, 0x0841, 0x0841, 0x0841, 0x0841, 0x0841, 0x0841, 0x0841, 0x0841, 
    0x0841, 0x0841, 0x0841, 0x0841, 0x0841, 0x0841, 0x0841, 0x0841, 0x0841, 0x0841, 0x0841, 0x0841, 0x0841, 0x0841, 0x0841, 0x0841, 
    0x0841, 0x0841, 0x0841, 0x0841, 0x0841, 0x0841, 0x0841, 0x0841, 0x0841, 0x0841, 0x0841, 0x0841, 0x0841, 0x0841, 0x0841, 0x0841, 
    0x0841, 0x0841, 0x0841, 0x0841, 0x0841, 0x0841, 0x0841, 0x0841, 0x0841, 0x0841, 0x0841, 0x0841, 0x0841, 0x0841, 0x0841, 0x0841, 
    0x0841, 0x0841, 0x0841, 0x0841, 0x0841, 0x0841, 0x0841, 0x0841, 0x0841, 0x0841, 0x0841, 0x0841, 0x0841, 0x0841, 0x0841, 0x0841, 
    0x0841, 0x0841, 0x0841, 0x0841, 0x0841, 0x0841, 0x0841, 0x0841, 0x0841, 0x0841, 0x0841, 0x0841, 0x0841, 0x0841, 0x0841, 0x0841, 
    0x0841, 0x0841, 0x0841, 0x0841, 0x0841, 0x0841, 0x0841, 0x0841, 0x0841, 0x0841, 0x0841, 0x0841, 0x0841, 0x0841, 0x0841, 0x0841, 
    0x0841, 0x0841, 0x0841, 0x0841, 0x0841, 0x0841, 0x0841, 0x0841, 0x0841, 0x0841, 0x0841, 0x0841, 0x0841, 0x0841, 0x0841, 0x0841, 
    0x0841, 0x0841, 0x0841, 0x0841, 0x0841, 0x0841, 0x0841, 0x0841, 0x0841, 0x0841, 0x0841, 0x0841, 0x0841, 0x0841, 0x0841, 0x0841, 
    0x0841, 0x0841, 0x0841, 0x0841, 0x0841, 0x0841, 0x0841, 0x0841, 0x0841, 0x0841, 0x0841, 0x0841, 0x0841, 0x0841, 0x0841, 0x0841, 
    0x0841, 0x0841, 0x0841, 0x0841, 0x0841, 0x0841, 0x0841, 0x0841, 0x0841, 0x0841, 0x0841, 0x0841, 0x0841, 0x0841, 0x0841, 0x0841, 
    0x0841, 0x0841, 0x0841, 0x0841, 0x0841, 0x0841, 0x0841, 0x0841, 0x0841, 0x0841, 0x0841, 0x0841, 0x0841, 0x0841, 0x0841, 0x0841, 
    0x0041, 0x0041, 0x0041, 0x0041, 0x0041, 0x0041, 0x0041, 0x0041, 0x0041, 0x0041, 0x0041, 0x0041, 0x0041, 0x0041, 0x0041, 0x0041, 
    0x0041, 0x0041, 0x0041, 0x0041, 0x0041, 0x0041, 0x0041, 0x0041, 0x0041, 0x0041, 0x0041, 0x0041, 0x0041, 0x0041, 0x0041, 0x0041, 
    0x0041, 0x0041, 0x0041, 0x0041, 0x0041, 0x0041, 0x0041, 0x0041, 0x0021, 0x0021, 0x0021, 0x0021, 0x0021, 0x0021, 0x0021, 0x0021, 
    0x0021, 0x0021, 0x0021, 0x0021, 0x0021, 0x0021, 0x0021, 0x0021, 0x0021, 0x0021, 0x0021, 0x0021, 0x0021, 0x0021, 0x0021, 0x0020, 
    0x0021, 0x0021, 0x0021, 0x0021, 0x0020, 0x0020, 0x0021, 0x0021, 0x0021, 0x0020, 0x0020, 0x0020, 0x0020, 0x0020, 0x0020, 0x0020, 
    0x0020, 0x0020, 0x0020, 0x0020, 0x0020, 0x0020, 0x0020, 0x0020, 0x0020, 0x0020, 0x0020, 0x0020, 0x0020, 0x0020, 0x0020, 0x0020, 
    0x0020, 0x0020, 0x0020, 0x0020, 0x0020, 0x0020, 0x0020, 0x0020, 0x0020, 0x0020, 0x0021, 0x0021, 0x0021, 0x0021, 0x0020, 0x0021, 
    0x0021, 0x0021, 0x0021, 0x0021, 0x0021, 0x0021, 0x0021, 0x0021, 0x0021, 0x0021, 0x0021, 0x0021, 0x0021, 0x0021, 0x0021, 0x0021, 
    0x0021, 0x0021, 0x0021, 0x0021, 0x0021, 0x0021, 0x0021, 0x0021, 0x0021, 0x0021, 0x0021, 0x0021, 0x0021, 0x0021, 0x0021, 0x0021, 
    0x0021, 0x0021, 0x0021, 0x0021, 0x0021, 0x0021, 0x0041, 0x0841, 0x0841, 0x0841, 0x0841, 0x0841, 0x0841, 0x0841, 0x0841, 0x0841, 
    0x10E5, 0x10E5, 0x10E5, 0x10E5, 0x10E5, 0x10E5, 0x10E5, 0x10E5, 0x10E5, 0x10E5, 0x10E5, 0x10E5, 0x10E5, 0x10E5, 0x10E5, 0x10E5, 
    0x10E5, 0x10E5, 0x18E5, 0x18E5, 0x18E5, 0x18E5, 0x18E5, 0x18E5, 0x1905, 0x1905, 0x18E5, 0x1905, 0x1905, 0x1905, 0x1905, 0x1905, 
    0x1905, 0x1906, 0x1906, 0x1905, 0x1905, 0x1906, 0x1906, 0x1906, 0x1905, 0x1906, 0x1906, 0x1905, 0x1905, 0x1905, 0x1905, 0x1906, 
    0x1906, 0x1906, 0x1905, 0x1906, 0x1906, 0x1906, 0x1906, 0x1906, 0x1906, 0x1906, 0x1906, 0x1906, 0x1906, 0x1906, 0x1926, 0x2126, 
    0x2126, 0x2126, 0x2106, 0x2126, 0x2126, 0x2126, 0x2126, 0x2126, 0x2126, 0x2126, 0x2146, 0x2126, 0x2126, 0x2146, 0x2146, 0x2126, 
    0x2126, 0x2926, 0x2126, 0x2146, 0x2146, 0x2146, 0x2146, 0x2126, 0x2946, 0x2146, 0x2146, 0x2146, 0x2146, 0x2146, 0x2146, 0x2146, 
    0x2146, 0x2146, 0x2146, 0x2146, 0x2146, 0x2146, 0x2126, 0x2126, 0x2126, 0x2126, 0x2126, 0x2126, 0x2126, 0x2126, 0x2126, 0x2126, 
    0x2126, 0x2125, 0x2125, 0x2126, 0x2126, 0x2126, 0x2106, 0x2105, 0x2105, 0x2125, 0x2125, 0x2105, 0x2105, 0x2105, 0x2105, 0x2105, 
    0x2125, 0x2125, 0x2105, 0x2105, 0x2105, 0x2105, 0x2105, 0x1905, 0x2105, 0x1905, 0x18E5, 0x18E5, 0x18E5, 0x2105, 0x2105, 0x2105, 
    0x2105, 0x2105, 0x2105, 0x2125, 0x2125, 0x1905, 0x10A3, 0x0041, 0x0021, 0x0841, 0x0841, 0x0841, 0x0841, 0x0841, 0x0841, 0x0841, 
    0x326E, 0x326E, 0x326E, 0x326F, 0x3A6F, 0x3A6F, 0x3A8F, 0x3A90, 0x3A90, 0x3A8F, 0x3A8F, 0x3AB0, 0x3AB0, 0x3ACF, 0x3AD0, 0x3AD1, 
    0x3AD1, 0x42D0, 0x42D0, 0x42D0, 0x42D0, 0x42D1, 0x42F1, 0x4AF1, 0x4AF1, 0x4AF1, 0x4AF1, 0x4AF1, 0x4AF1, 0x4AF1, 0x4B11, 0x4B11, 
    0x4B11, 0x5312, 0x5332, 0x4B31, 0x5311, 0x5312, 0x5312, 0x5332, 0x5332, 0x5332, 0x5B32, 0x5B11, 0x5B11, 0x5B11, 0x5B32, 0x5B12, 
    0x5B32, 0x5B32, 0x5B31, 0x5B32, 0x5B32, 0x5B32, 0x5B32, 0x5B32, 0x5B32, 0x5B32, 0x6332, 0x6332, 0x6332, 0x6332, 0x6352, 0x6353, 
    0x6352, 0x6B52, 0x6353, 0x6B53, 0x6B73, 0x6B73, 0x6B93, 0x6BB3, 0x6B93, 0x73B4, 0x73D4, 0x73D4, 0x73D4, 0x73F4, 0x73D4, 0x73D4, 
    0x73D4, 0x7BD5, 0x7BD5, 0x7BD4, 0x7BF4, 0x7BF4, 0x7BF5, 0x7BD5, 0x7BF5, 0x7BF4, 0x7BF3, 0x7C13, 0x7C14, 0x7C14, 0x7BF3, 0x7BF4, 
    0x7C14, 0x7C14, 0x7BF4, 0x7C14, 0x7C15, 0x7BF5, 0x83D4, 0x7BD4, 0x7BD4, 0x7BD3, 0x73B3, 0x73B3, 0x73B3, 0x7393, 0x7393, 0x7392, 
    0x6B92, 0x6B72, 0x6B72, 0x6B72, 0x6B52, 0x6352, 0x6B52, 0x6352, 0x6351, 0x6B51, 0x6B51, 0x6B51, 0x6331, 0x6331, 0x6331, 0x6331, 
    0x6B50, 0x6B51, 0x6331, 0x6311, 0x6331, 0x6311, 0x6311, 0x6311, 0x6311, 0x5B10, 0x5AF0, 0x5AF0, 0x5B10, 0x6330, 0x6331, 0x6331, 
    0x6331, 0x6351, 0x6351, 0x6351, 0x6372, 0x6B72, 0x6331, 0x52AE, 0x2126, 0x0021, 0x0841, 0x0841, 0x0841, 0x0841, 0x0841, 0x0841, 
    0x326E, 0x324E, 0x324F, 0x324F, 0x3A6F, 0x3A6F, 0x3A8F, 0x3A8F, 0x3A8F, 0x3A8F, 0x3A8F, 0x3AAF, 0x3AAF, 0x42AF, 0x42D0, 0x42D0, 
    0x42D0, 0x42D0, 0x42D0, 0x42D0, 0x42D0, 0x42D1, 0x42F1, 0x42F1, 0x42F1, 0x42F1, 0x4AF1, 0x4AF1, 0x4AF1, 0x4AF1, 0x52F1, 0x5311, 
    0x5311, 0x5311, 0x5311, 0x5312, 0x5311, 0x5311, 0x5311, 0x5B11, 0x5B11, 0x5B11, 0x5B31, 0x5B11, 0x5B11, 0x5331, 0x5B31, 0x5B12, 
    0x5B32, 0x5B31, 0x5B31, 0x5B31, 0x5B31, 0x5B31, 0x5B31, 0x5B31, 0x5B32, 0x5B32, 0x6331, 0x6331, 0x6331, 0x6331, 0x6352, 0x6352, 
    0x6351, 0x6B52, 0x6353, 0x6B53, 0x6B72, 0x6B72, 0x6B72, 0x6B93, 0x6B93, 0x7393, 0x7393, 0x73B3, 0x73B3, 0x73D3, 0x73D3, 0x73B3, 
    0x73D4, 0x73D4, 0x7BD4, 0x7BD4, 0x7BD3, 0x7BF3, 0x7BD4, 0x7BD4, 0x73F4, 0x7BD4, 0x7BD3, 0x7BF3, 0x7BF3, 0x7BF3, 0x7BF3, 0x7BF3, 
    0x7BF3, 0x7BF3, 0x7BD3, 0x7BF3, 0x7BF4, 0x83F4, 0x83F4, 0x7BD4, 0x7BF4, 0x7BF3, 0x7BD3, 0x73D3, 0x73D3, 0x73B3, 0x73B3, 0x73B2, 
    0x7392, 0x6B92, 0x6B72, 0x6B71, 0x6B51, 0x6351, 0x6B51, 0x6351, 0x6351, 0x6B30, 0x6B51, 0x6B51, 0x6351, 0x6331, 0x6331, 0x6331, 
    0x6B30, 0x6B30, 0x6331, 0x6311, 0x6330, 0x6310, 0x6310, 0x6310, 0x5B10, 0x5B10, 0x5B10, 0x5B10, 0x6330, 0x6310, 0x6330, 0x6331, 
    0x6331, 0x6351, 0x6351, 0x6351, 0x6372, 0x6B72, 0x6B92, 0x73B3, 0x6B92, 0x31C9, 0x0021, 0x0841, 0x0841, 0x0841, 0x0841, 0x0841, 
    0x326E, 0x3A6F, 0x3A6F, 0x3A6F, 0x3A8F, 0x3A8F, 0x3A8F, 0x3A8F, 0x3A90, 0x3AAF, 0x3AAF, 0x42B0, 0x42B0, 0x42B0, 0x42B0, 0x42D0, 
    0x42D0, 0x42D0, 0x42D0, 0x4AD0, 0x4AF1, 0x42F1, 0x4AF1, 0x4AF1, 0x4AF1, 0x4AF1, 0x4AF1, 0x4AF1, 0x4AF1, 0x4AF1, 0x5311, 0x5311, 
    0x52F1, 0x5311, 0x5B11, 0x5311, 0x5B12, 0x5B32, 0x5B32, 0x5B32, 0x5B32, 0x5B31, 0x5B31, 0x5B31, 0x5B31, 0x5B32, 0x5B32, 0x5B32, 
    0x5B32, 0x6332, 0x6332, 0x6332, 0x6332, 0x6332, 0x6332, 0x6332, 0x6332, 0x6332, 0x6351, 0x6352, 0x6332, 0x6352, 0x6352, 0x6372, 
    0x6372, 0x6372, 0x6B72, 0x6B72, 0x6B72, 0x6B93, 0x6B93, 0x6B93, 0x73B3, 0x73B3, 0x73B3, 0x73B3, 0x73D3, 0x73D3, 0x73D4, 0x73D4, 
    0x73D4, 0x7BD4, 0x7BF4, 0x7BF4, 0x7BF4, 0x7BF4, 0x7BF4, 0x7BF4, 0x7BF4, 0x7BF4, 0x7BF4, 0x7BF4, 0x7BF4, 0x7BD4, 0x7BF4, 0x7BF4, 
    0x7BF4, 0x7BF4, 0x7BF4, 0x7BF4, 0x7BF3, 0x7BF4, 0x7BF4, 0x7BF4, 0x7BF4, 0x7BF4, 0x7BF4, 0x7BF4, 0x7BF4, 0x7BF3, 0x73F3, 0x73F3, 
    0x73D3, 0x73D2, 0x73B2, 0x73B2, 0x6B92, 0x6B92, 0x6B92, 0x6B72, 0x6B52, 0x6B72, 0x6B51, 0x6B51, 0x6B51, 0x6B51, 0x6B32, 0x6B31, 
    0x6331, 0x6331, 0x6B31, 0x6331, 0x6330, 0x6330, 0x6330, 0x6310, 0x6310, 0x6330, 0x6330, 0x6351, 0x6331, 0x6331, 0x6351, 0x6351, 
    0x6B52, 0x6B52, 0x6B52, 0x6B52, 0x6B72, 0x6B92, 0x7392, 0x7392, 0x73B2, 0x73D3, 0x2967, 0x0020, 0x0841, 0x0841, 0x0841, 0x0841, 
    0x3A8F, 0x3A8F, 0x3A8F, 0x3A8F, 0x3A8F, 0x3A8F, 0x3AAF, 0x3AB0, 0x42AF, 0x42B0, 0x42B0, 0x42D0, 0x42D0, 0x42D0, 0x42D0, 0x42D0, 
    0x42F0, 0x42F1, 0x4AF0, 0x4AF0, 0x4AF1, 0x4AF1, 0x4B11, 0x4B11, 0x4B11, 0x5311, 0x5311, 0x52F1, 0x5311, 0x5312, 0x5332, 0x5332, 
    0x5312, 0x5332, 0x5B32, 0x5B12, 0x5B32, 0x5B32, 0x5B32, 0x5B32, 0x5B32, 0x5B32, 0x6332, 0x6332, 0x6332, 0x6332, 0x6352, 0x6332, 
    0x6352, 0x6352, 0x6332, 0x6352, 0x6352, 0x6352, 0x6332, 0x6352, 0x6352, 0x6352, 0x6352, 0x6372, 0x6B53, 0x6B53, 0x6B72, 0x6B73, 
    0x6B73, 0x6B73, 0x6B73, 0x6B93, 0x6B93, 0x6B93, 0x73B3, 0x6BB3, 0x73B3, 0x73B3, 0x73B3, 0x73D3, 0x73D4, 0x73F4, 0x73F4, 0x73F5, 
    0x73F4, 0x7BF4, 0x7BF4, 0x7BF5, 0x7BF5, 0x7C15, 0x7C15, 0x7C14, 0x7C14, 0x7BF4, 0x7BF5, 0x7BF5, 0x83F5, 0x83D5, 0x83F5, 0x83F5, 
    0x83F4, 0x83F5, 0x8415, 0x8414, 0x83F4, 0x83F4, 0x8414, 0x83F5, 0x83F4, 0x8414, 0x83F4, 0x83F4, 0x8414, 0x83F3, 0x83F4, 0x7C14, 
    0x7BF4, 0x7BF3, 0x7BD3, 0x7BD3, 0x73B3, 0x7BB3, 0x7BB3, 0x7B93, 0x7BB3, 0x7BB2, 0x7B92, 0x7B92, 0x7372, 0x6B72, 0x6B72, 0x6B52, 
    0x6B52, 0x6B51, 0x6351, 0x6331, 0x6331, 0x6330, 0x6331, 0x6331, 0x6351, 0x6351, 0x6B52, 0x6B52, 0x6B51, 0x6B51, 0x6B51, 0x6B72, 
    0x6B72, 0x6B72, 0x6B72, 0x7372, 0x7372, 0x7392, 0x7392, 0x73B3, 0x73D3, 0x7BF4, 0x6330, 0x0861, 0x0041, 0x0841, 0x0841, 0x0841, 
    0x3AAF, 0x3AAF, 0x3A8F, 0x4290, 0x3AB0, 0x3AB0, 0x3AD0, 0x42D0, 0x42D0, 0x42D0, 0x42F0, 0x42F0, 0x42F0, 0x42F1, 0x4311, 0x4311, 
    0x4311, 0x4AF1, 0x4AF1, 0x4B11, 0x4B11, 0x4B11, 0x4B11, 0x4B11, 0x5312, 0x5332, 0x5332, 0x5331, 0x5B12, 0x5B12, 0x5332, 0x5332, 
    0x5B32, 0x5B52, 0x5B32, 0x5B33, 0x5B53, 0x5B73, 0x5B53, 0x6353, 0x5B53, 0x5B53, 0x6352, 0x6353, 0x6353, 0x6352, 0x6373, 0x6353, 
    0x6353, 0x6372, 0x6372, 0x6372, 0x6372, 0x6B52, 0x6B53, 0x6373, 0x6373, 0x6373, 0x6B73, 0x6B73, 0x6B73, 0x6B73, 0x6B73, 0x6B93, 
    0x6B93, 0x6B93, 0x6B93, 0x7393, 0x7393, 0x7393, 0x73B3, 0x73B3, 0x73B3, 0x73D3, 0x73D4, 0x73F4, 0x73F4, 0x7BF4, 0x7BF4, 0x7BF5, 
    0x7BF5, 0x7BF5, 0x7BF5, 0x7BF5, 0x7C15, 0x7BF5, 0x7C15, 0x7C15, 0x7C14, 0x7C14, 0x7C14, 0x7C15, 0x83F5, 0x8415, 0x83F5, 0x83F5, 
    0x8415, 0x8415, 0x8415, 0x83F5, 0x8415, 0x83F5, 0x8414, 0x8415, 0x8414, 0x8414, 0x8414, 0x83F4, 0x83F4, 0x83F4, 0x83F4, 0x83F4, 
    0x83F4, 0x7BF3, 0x7BF3, 0x7BF4, 0x7BD4, 0x73D3, 0x73D3, 0x73D3, 0x7BD3, 0x7BB2, 0x7BB3, 0x7BB2, 0x73B2, 0x73B2, 0x73B2, 0x6B92, 
    0x6B92, 0x7372, 0x7372, 0x6B51, 0x6B31, 0x6B51, 0x6351, 0x6B71, 0x6B72, 0x6B72, 0x6B52, 0x6B72, 0x6B72, 0x6B72, 0x6B72, 0x6B92, 
    0x6B92, 0x6B92, 0x6B92, 0x6B92, 0x6B92, 0x6BB3, 0x73B3, 0x73D3, 0x7BF4, 0x8414, 0x8414, 0x18E4, 0x0021, 0x0841, 0x0841, 0x0841, 
    0x3A8E, 0x3A8E, 0x3A8F, 0x3A91, 0x3AB1, 0x3AD0, 0x3AD1, 0x42D0, 0x42D0, 0x42D0, 0x42F1, 0x4311, 0x42F1, 0x42F1, 0x4AF2, 0x4B11, 
    0x4B11, 0x4B11, 0x4B12, 0x4B12, 0x5311, 0x5312, 0x5312, 0x5332, 0x5332, 0x5332, 0x5333, 0x5333, 0x5B12, 0x5B32, 0x5332, 0x5333, 
    0x5B32, 0x5B52, 0x5B33, 0x5B33, 0x5B53, 0x5B73, 0x6353, 0x6353, 0x6353, 0x5B53, 0x6353, 0x6353, 0x6353, 0x6353, 0x6373, 0x6353, 
    0x6353, 0x6373, 0x6373, 0x6372, 0x6372, 0x6B72, 0x6B72, 0x6B73, 0x6373, 0x6B73, 0x6B73, 0x6B73, 0x6B73, 0x6B73, 0x6B73, 0x6B93, 
    0x6B93, 0x6B93, 0x6B93, 0x7393, 0x7393, 0x73B3, 0x73B3, 0x73B3, 0x73D4, 0x73D4, 0x73D4, 0x73F4, 0x7BF4, 0x7BF4, 0x7BF4, 0x7BF5, 
    0x7BF5, 0x7C15, 0x7C15, 0x7C15, 0x7C15, 0x8415, 0x8415, 0x8415, 0x8415, 0x8415, 0x8415, 0x7C15, 0x8415, 0x8435, 0x8415, 0x8415, 
    0x8415, 0x8415, 0x8415, 0x8415, 0x8415, 0x8415, 0x8414, 0x8415, 0x8415, 0x8415, 0x8415, 0x83F5, 0x8415, 0x8415, 0x8415, 0x8414, 
    0x83F4, 0x7BF4, 0x83F4, 0x83F4, 0x7BD4, 0x73D4, 0x73D4, 0x73D3, 0x7BD3, 0x7BB3, 0x7BB3, 0x7BB2, 0x73B2, 0x73B2, 0x7BB2, 0x73B2, 
    0x73B2, 0x7392, 0x7372, 0x7371, 0x6B71, 0x6B51, 0x6B72, 0x7372, 0x6B72, 0x6B72, 0x6B72, 0x6B72, 0x6B72, 0x6B72, 0x6B92, 0x6B92, 
    0x6B92, 0x6B92, 0x6B92, 0x6B92, 0x6B92, 0x73B3, 0x73B3, 0x7BD3, 0x7BF4, 0x7BB5, 0xB59A, 0x2986, 0x0020, 0x0841, 0x0841, 0x0841, 
    0x322C, 0x322D, 0x324D, 0x3A6E, 0x3A8E, 0x3AAE, 0x3AAE, 0x42CF, 0x42CF, 0x4ACF, 0x4AF0, 0x4AF1, 0x4AF1, 0x4B11, 0x4B11, 0x5311, 
    0x5311, 0x4B12, 0x4B32, 0x5332, 0x5332, 0x5332, 0x5B32, 0x5352, 0x5352, 0x5352, 0x5B53, 0x5B53, 0x5B53, 0x5B53, 0x5B53, 0x5B53, 
    0x5B53, 0x5B53, 0x5B53, 0x6353, 0x6353, 0x6353, 0x6353, 0x6373, 0x6373, 0x6373, 0x6373, 0x6393, 0x6393, 0x6373, 0x6B93, 0x6B93, 
    0x6B93, 0x6B93, 0x6B93, 0x6B73, 0x6B93, 0x6B72, 0x6B72, 0x6B93, 0x6B93, 0x6B93, 0x6B93, 0x6B93, 0x6B93, 0x73B3, 0x73B3, 0x73B3, 
    0x73B3, 0x73B3, 0x73B3, 0x73B3, 0x73D3, 0x73D3, 0x73D3, 0x73D4, 0x73D4, 0x73D4, 0x7BF4, 0x7BF4, 0x7BF4, 0x7BF5, 0x7BF5, 0x7BF5, 
    0x7C15, 0x7C15, 0x7C15, 0x8415, 0x8415, 0x8415, 0x8415, 0x8415, 0x8415, 0x8435, 0x8435, 0x8435, 0x8435, 0x8435, 0x8415, 0x8415, 
    0x8435, 0x8435, 0x8C35, 0x8415, 0x8415, 0x8415, 0x8415, 0x8435, 0x8415, 0x8415, 0x83F5, 0x8415, 0x8415, 0x8435, 0x8435, 0x8415, 
    0x8415, 0x8415, 0x7C15, 0x7BF5, 0x7BF5, 0x7BF4, 0x7BF4, 0x7BF3, 0x7BD3, 0x7BD3, 0x7BD3, 0x7BD3, 0x7BD3, 0x73D3, 0x7BB3, 0x7BB3, 
    0x73B3, 0x73B3, 0x7392, 0x7392, 0x6B92, 0x6B92, 0x7372, 0x7392, 0x6B92, 0x6B92, 0x6B92, 0x6B91, 0x6B92, 0x6B92, 0x7392, 0x7392, 
    0x7392, 0x73B2, 0x73B2, 0x73B2, 0x73B3, 0x73D3, 0x73F3, 0x83F4, 0xAD39, 0xD67C, 0xF7BF, 0x39C7, 0x0000, 0x0841, 0x0841, 0x0841, 
    0x29EB, 0x31EC, 0x31EC, 0x320C, 0x320C, 0x322C, 0x322C, 0x3A2C, 0x3A4D, 0x3A6D, 0x3A6C, 0x3A6D, 0x42AE, 0x4AAE, 0x52CF, 0x4AF0, 
    0x4AF0, 0x5331, 0x5331, 0x5331, 0x5331, 0x5332, 0x5B52, 0x5B52, 0x5B52, 0x5B72, 0x6372, 0x6352, 0x5B73, 0x5B73, 0x5B73, 0x6373, 
    0x6373, 0x6374, 0x6373, 0x6373, 0x6373, 0x6393, 0x6373, 0x6393, 0x6393, 0x6393, 0x6393, 0x6B93, 0x6B73, 0x6B93, 0x6B93, 0x6BB3, 
    0x6BB3, 0x6B93, 0x6BB3, 0x6393, 0x6BB3, 0x7393, 0x7393, 0x6B93, 0x6BB3, 0x6BB3, 0x6BB3, 0x6BB3, 0x6BB3, 0x6BB3, 0x6BB3, 0x73B3, 
    0x73B4, 0x73B4, 0x73B3, 0x73D3, 0x73D3, 0x73D3, 0x73D3, 0x73F3, 0x73D4, 0x7BD5, 0x7BF5, 0x7BF5, 0x7C15, 0x7BF5, 0x7C15, 0x7C15, 
    0x8415, 0x8415, 0x8435, 0x8415, 0x8415, 0x8415, 0x8436, 0x8435, 0x8435, 0x8436, 0x8416, 0x8C36, 0x8436, 0x8436, 0x8435, 0x8455, 
    0x8435, 0x8435, 0x8456, 0x8436, 0x8436, 0x8436, 0x8435, 0x8435, 0x8435, 0x8435, 0x8435, 0x8435, 0x8435, 0x8434, 0x8435, 0x8415, 
    0x8435, 0x8435, 0x8435, 0x8415, 0x8415, 0x83F5, 0x83F4, 0x7C14, 0x7BF4, 0x7BF4, 0x73D4, 0x7BD3, 0x7BD3, 0x7BD3, 0x7BD3, 0x7BD3, 
    0x73B2, 0x73B2, 0x73B2, 0x7392, 0x73B2, 0x73B2, 0x7392, 0x73B2, 0x7392, 0x7392, 0x7392, 0x7392, 0x7392, 0x7392, 0x7392, 0x73B2, 
    0x73B2, 0x73B2, 0x73B2, 0x73D2, 0x73D3, 0x73D3, 0x7C13, 0x9C56, 0xEEDE, 0xFFFF, 0xFFFF, 0x39C7, 0x0000, 0x0841, 0x0841, 0x0841, 
    0x31EB, 0x31EC, 0x320C, 0x320D, 0x320C, 0x320C, 0x320C, 0x320C, 0x322C, 0x320C, 0x322C, 0x3A2C, 0x3A4C, 0x3A4D, 0x426E, 0x3A6F, 
    0x3A6F, 0x428F, 0x42AF, 0x42CF, 0x42D0, 0x4AF0, 0x5310, 0x5311, 0x5331, 0x5B51, 0x5B51, 0x5B72, 0x6392, 0x6392, 0x6372, 0x6B73, 
    0x6B93, 0x6B93, 0x6B94, 0x6B94, 0x6B94, 0x6B94, 0x6B94, 0x6B94, 0x6B94, 0x6BB3, 0x6BB3, 0x6B93, 0x7394, 0x73B3, 0x6BB3, 0x73B4, 
    0x73B4, 0x6BB4, 0x6BB4, 0x6BB3, 0x6BB3, 0x6BB3, 0x6BB3, 0x6BB3, 0x6BB3, 0x6BB3, 0x6BB3, 0x73B4, 0x73B3, 0x73B3, 0x73D3, 0x73B3, 
    0x73D3, 0x73D3, 0x73D3, 0x73B3, 0x73D3, 0x73D3, 0x7BF4, 0x7BF4, 0x7BF4, 0x7BF5, 0x7BF5, 0x7C15, 0x7C15, 0x7C15, 0x7C15, 0x8415, 
    0x8435, 0x8435, 0x8415, 0x8435, 0x8435, 0x8415, 0x8436, 0x8436, 0x8436, 0x8436, 0x8436, 0x8436, 0x8456, 0x8455, 0x8C35, 0x8C55, 
    0x8C56, 0x8C56, 0x8436, 0x8456, 0x8C36, 0x8C36, 0x8C35, 0x8C55, 0x8C55, 0x8C55, 0x8435, 0x8455, 0x8455, 0x8435, 0x8435, 0x8C15, 
    0x8C35, 0x8C35, 0x8C35, 0x8415, 0x8415, 0x8415, 0x83F5, 0x7BF4, 0x83F4, 0x83F4, 0x7BD4, 0x7BD3, 0x7BF3, 0x7BF3, 0x7BD3, 0x7BD3, 
    0x7BD3, 0x73D3, 0x73B2, 0x73B2, 0x73B2, 0x73B2, 0x73B2, 0x73B2, 0x73B2, 0x7392, 0x7392, 0x73B2, 0x73B2, 0x73B2, 0x73B2, 0x73B2, 
    0x73B2, 0x73B2, 0x73D3, 0x73D3, 0x7BD3, 0x7BF3, 0x7C14, 0xA476, 0xEEBF, 0xFFFF, 0xFFFF, 0x39C7, 0x0000, 0x0841, 0x0841, 0x0841, 
    0x320B, 0x320B, 0x320C, 0x320C, 0x320C, 0x320C, 0x320C, 0x320D, 0x320D, 0x322C, 0x322C, 0x322D, 0x3A2D, 0x322D, 0x3A2E, 0x322E, 
    0x322E, 0x322E, 0x3A4E, 0x3A4E, 0x3A4E, 0x3A6E, 0x428E, 0x428F, 0x428F, 0x4A8F, 0x4A8F, 0x4AAF, 0x4AEF, 0x4B10, 0x5B11, 0x5B11, 
    0x5B51, 0x5B72, 0x6372, 0x6372, 0x6B93, 0x6B93, 0x6BB3, 0x6B93, 0x6BB3, 0x6BB3, 0x73B3, 0x73B4, 0x73B4, 0x73D4, 0x73D4, 0x73D4, 
    0x73D4, 0x73B4, 0x73D4, 0x73B4, 0x73B4, 0x73B4, 0x73B4, 0x73B4, 0x73D3, 0x73D3, 0x73D4, 0x73B4, 0x73B4, 0x73B4, 0x73D4, 0x73D4, 
    0x73D4, 0x73D4, 0x73D4, 0x73D4, 0x7BD4, 0x7BD4, 0x7BF4, 0x7BF4, 0x7BF4, 0x7BF5, 0x7BF5, 0x7C15, 0x8415, 0x8415, 0x8415, 0x8415, 
    0x8435, 0x8435, 0x8435, 0x8436, 0x8436, 0x8436, 0x8436, 0x8456, 0x8456, 0x8456, 0x8456, 0x8C56, 0x8C56, 0x8C36, 0x8C55, 0x8C55, 
    0x8C56, 0x8C56, 0x8456, 0x8C56, 0x8C56, 0x8C56, 0x8C55, 0x8C55, 0x8C55, 0x8C56, 0x8455, 0x8455, 0x8455, 0x8C55, 0x8C36, 0x8C56, 
    0x8C56, 0x8C56, 0x8C35, 0x8C35, 0x8C35, 0x8415, 0x8415, 0x8414, 0x7BF4, 0x8413, 0x8414, 0x83F4, 0x83F4, 0x7BF4, 0x7BF3, 0x7BD3, 
    0x7BD3, 0x7BD3, 0x73D3, 0x73B3, 0x73B2, 0x7BB2, 0x7BB3, 0x73B2, 0x73B3, 0x73B3, 0x73B3, 0x73D3, 0x73B3, 0x73B2, 0x73B3, 0x73B3, 
    0x73D3, 0x73D3, 0x73D3, 0x73D3, 0x73F3, 0x7BF3, 0x7C14, 0x8C35, 0x9CB8, 0xBD5A, 0xBD59, 0x2946, 0x0020, 0x0841, 0x0841, 0x0841, 
    0x324D, 0x324D, 0x322D, 0x322C, 0x322C, 0x322D, 0x320D, 0x320D, 0x320E, 0x322D, 0x324D, 0x3A2D, 0x3A2D, 0x3A2D, 0x3A2D, 0x3A4D, 
    0x3A2E, 0x3A2E, 0x3A4E, 0x3A4E, 0x3A4E, 0x3A4E, 0x3A6E, 0x424E, 0x424F, 0x426F, 0x426F, 0x428F, 0x428F, 0x428F, 0x426F, 0x428F, 
    0x428F, 0x4AB0, 0x4AD0, 0x4AD0, 0x52F1, 0x52F1, 0x5B11, 0x5B31, 0x5B51, 0x6372, 0x6393, 0x6B93, 0x6BB3, 0x73B4, 0x73D4, 0x73D4, 
    0x73D4, 0x73D4, 0x73F4, 0x73D4, 0x73D4, 0x73D4, 0x73D4, 0x73D4, 0x73D4, 0x73D4, 0x73D4, 0x73F4, 0x73D4, 0x73D4, 0x73D4, 0x73D4, 
    0x73F4, 0x73D4, 0x7BD4, 0x7BF4, 0x7BF4, 0x7BF4, 0x83F4, 0x83F5, 0x83F5, 0x8415, 0x8415, 0x8416, 0x8416, 0x8435, 0x8435, 0x8435, 
    0x8455, 0x8435, 0x8456, 0x8456, 0x8456, 0x8C56, 0x8C56, 0x8C56, 0x8C56, 0x8C76, 0x8C76, 0x8C76, 0x8C56, 0x8C56, 0x8C55, 0x8C76, 
    0x8C56, 0x8C76, 0x8C76, 0x8456, 0x8C76, 0x8C76, 0x8C76, 0x8C76, 0x8C76, 0x8C76, 0x8C76, 0x8456, 0x8456, 0x8C56, 0x8C56, 0x8455, 
    0x8C55, 0x8C55, 0x8C55, 0x8C35, 0x8455, 0x8456, 0x8435, 0x8435, 0x8415, 0x7C14, 0x8414, 0x83F4, 0x83F4, 0x83F4, 0x7BF3, 0x7BF3, 
    0x7BF3, 0x7BF3, 0x7BD3, 0x7BB3, 0x73D2, 0x73D2, 0x73D2, 0x73B2, 0x73B3, 0x73B3, 0x73D2, 0x73D2, 0x73D2, 0x73D2, 0x73B3, 0x73B3, 
    0x73D3, 0x73D3, 0x7BD3, 0x7BF3, 0x7BF3, 0x7BF4, 0x7BF4, 0x7C15, 0x8456, 0x94B7, 0xA539, 0x2946, 0x0020, 0x0841, 0x0841, 0x0841, 
    0x3A90, 0x3A8F, 0x3A8F, 0x3A8F, 0x3A8F, 0x3A6F, 0x3A6F, 0x3A6F, 0x3A6F, 0x3A6F, 0x3A6F, 0x3A6F, 0x3A6F, 0x3A6F, 0x3A6F, 0x3A4E, 
    0x3A4E, 0x3A6E, 0x3A6E, 0x3A4E, 0x3A4E, 0x3A6E, 0x426E, 0x426F, 0x426F, 0x3A6F, 0x426F, 0x426F, 0x4270, 0x426F, 0x428F, 0x428F, 
    0x4290, 0x4AB0, 0x4A90, 0x4A90, 0x4AB0, 0x4AB0, 0x4AB0, 0x52D0, 0x52D0, 0x52F1, 0x5312, 0x52F1, 0x5B11, 0x5B51, 0x6351, 0x6372, 
    0x6372, 0x6392, 0x63B2, 0x6BB3, 0x6BB3, 0x6BB3, 0x6BD4, 0x6BD4, 0x73D5, 0x73D5, 0x73D5, 0x73F4, 0x73F5, 0x73F5, 0x7BF4, 0x7BF4, 
    0x7BF4, 0x7BF4, 0x7BF4, 0x7BF4, 0x7C15, 0x7C15, 0x7BF5, 0x7C15, 0x8415, 0x8415, 0x8415, 0x8435, 0x8435, 0x8435, 0x8456, 0x8456, 
    0x8456, 0x8456, 0x8C56, 0x8C56, 0x8C76, 0x8C76, 0x8C76, 0x8C76, 0x8C76, 0x8C76, 0x8C76, 0x8C76, 0x8C76, 0x8C76, 0x8C76, 0x8C96, 
    0x8C96, 0x8C96, 0x8C96, 0x8C96, 0x8C76, 0x9476, 0x8C96, 0x8C76, 0x8C76, 0x9476, 0x9496, 0x9476, 0x8C76, 0x8C76, 0x8C76, 0x8C76, 
    0x8C76, 0x8C75, 0x8C56, 0x8C55, 0x8455, 0x8C55, 0x8C34, 0x8C55, 0x8C35, 0x8415, 0x8415, 0x8414, 0x7C14, 0x7C14, 0x8414, 0x7C14, 
    0x7BF3, 0x7BF4, 0x7BD3, 0x7BD3, 0x73D3, 0x7BD3, 0x73D3, 0x73D3, 0x7BB3, 0x73B2, 0x73D3, 0x73D3, 0x73B3, 0x73D3, 0x73D2, 0x73D3, 
    0x7BD3, 0x7BD3, 0x7BF3, 0x7BD4, 0x7BF4, 0x7BF4, 0x7C14, 0x8435, 0x8C96, 0x9D18, 0xB5DB, 0x2966, 0x0020, 0x0841, 0x0841, 0x0841, 
    0x3A90, 0x42B0, 0x42B0, 0x42B0, 0x42D0, 0x42D0, 0x42D1, 0x42D1, 0x42F1, 0x4AF1, 0x4AF1, 0x4AF1, 0x4AF1, 0x4AF2, 0x4AF2, 0x4AF2, 
    0x4AF2, 0x4AD1, 0x4AD1, 0x4AD1, 0x42B1, 0x42B0, 0x42B0, 0x42B0, 0x4A90, 0x4AB0, 0x4A8F, 0x4A8F, 0x4290, 0x4290, 0x42AF, 0x42AF, 
    0x4AAF, 0x4AB0, 0x4A90, 0x4A90, 0x4AB0, 0x4AB0, 0x4AB0, 0x4AB0, 0x52B0, 0x52D1, 0x52D1, 0x52D0, 0x52F1, 0x5AD1, 0x5AF1, 0x5B10, 
    0x5B10, 0x5B11, 0x5B11, 0x5B12, 0x5B32, 0x5B31, 0x5B32, 0x5B52, 0x6352, 0x6352, 0x6372, 0x6B93, 0x73B3, 0x73B3, 0x73B3, 0x73D3, 
    0x73D4, 0x7BD4, 0x7BF4, 0x7C14, 0x7C15, 0x7C15, 0x7C15, 0x7C36, 0x8436, 0x8436, 0x8436, 0x8436, 0x8456, 0x8456, 0x8456, 0x8456, 
    0x8C56, 0x8C56, 0x8C56, 0x8C76, 0x8C76, 0x8C76, 0x8C76, 0x8C76, 0x8C76, 0x8C77, 0x8C77, 0x8C77, 0x8C77, 0x8C77, 0x8C97, 0x8C97, 
    0x8C96, 0x8C96, 0x9496, 0x9476, 0x9496, 0x9496, 0x8C96, 0x8C96, 0x8C96, 0x8C96, 0x8C96, 0x9496, 0x9496, 0x9497, 0x9497, 0x8C96, 
    0x8C96, 0x8C76, 0x8C76, 0x8C75, 0x8456, 0x8C55, 0x8455, 0x8C55, 0x8455, 0x8435, 0x8435, 0x8435, 0x8415, 0x8415, 0x8415, 0x83F5, 
    0x83F4, 0x83F4, 0x7BF4, 0x7BF4, 0x7BD4, 0x73D3, 0x73D3, 0x73D3, 0x7BD2, 0x7BD2, 0x73D3, 0x73D3, 0x7BD3, 0x7BD3, 0x7BF3, 0x7BF3, 
    0x7BD3, 0x7BF3, 0x7BF3, 0x7BF4, 0x7BF4, 0x7BF4, 0x7C35, 0x8C76, 0x94D8, 0xAD7B, 0xC65E, 0x2987, 0x0020, 0x0841, 0x0841, 0x0841, 
    0x3A90, 0x3AB0, 0x3AB0, 0x42B1, 0x42B1, 0x42B1, 0x42D1, 0x42D1, 0x4AF1, 0x4AF0, 0x4AF0, 0x4B12, 0x4B12, 0x4B12, 0x4B12, 0x4B11, 
    0x4B11, 0x5311, 0x5312, 0x5B32, 0x5B33, 0x5B53, 0x5B73, 0x5B52, 0x5B52, 0x5352, 0x5353, 0x5332, 0x5312, 0x5332, 0x4AF2, 0x4AF1, 
    0x4AF1, 0x4AD1, 0x4AD1, 0x4AF1, 0x52D1, 0x52D1, 0x52D0, 0x52F1, 0x52F1, 0x52F1, 0x52F1, 0x52F1, 0x52F1, 0x5AF1, 0x5AF2, 0x5AF1, 
    0x5B11, 0x5AF1, 0x5B12, 0x5B12, 0x5B11, 0x5B11, 0x5B11, 0x5B11, 0x5AF1, 0x6311, 0x6311, 0x6311, 0x6310, 0x6330, 0x6331, 0x6351, 
    0x6B51, 0x6B51, 0x6B91, 0x7391, 0x73B2, 0x73B2, 0x73D3, 0x7BD4, 0x7BF4, 0x8414, 0x8434, 0x8434, 0x8C55, 0x8C56, 0x8C76, 0x8C76, 
    0x8C77, 0x8C77, 0x8C77, 0x8C77, 0x8C77, 0x8C97, 0x8C97, 0x8C97, 0x8C97, 0x8C97, 0x9497, 0x9497, 0x9497, 0x9497, 0x9497, 0x94B7, 
    0x9497, 0x9497, 0x8C97, 0x9497, 0x9497, 0x9497, 0x9497, 0x9497, 0x9497, 0x9497, 0x94B7, 0x94B7, 0x94B7, 0x9497, 0x9497, 0x9497, 
    0x9496, 0x8C96, 0x8C96, 0x8C95, 0x8C76, 0x8C76, 0x8C76, 0x8C56, 0x8C55, 0x8C55, 0x8C55, 0x8435, 0x8435, 0x8415, 0x8415, 0x8414, 
    0x8414, 0x83F4, 0x8413, 0x7BF3, 0x7BF3, 0x7BF3, 0x7BD3, 0x7BD3, 0x7BF3, 0x73D3, 0x7BD3, 0x7BD2, 0x7BD3, 0x7BD3, 0x7BF3, 0x7BF3, 
    0x7BF4, 0x7BF4, 0x7C14, 0x7BF4, 0x7C15, 0x8436, 0x8C76, 0x94D7, 0xA53A, 0xB5DD, 0xD69F, 0x3187, 0x0020, 0x0841, 0x0841, 0x0841, 
    0x3A90, 0x3AB0, 0x3AB0, 0x3AB0, 0x42B0, 0x42B0, 0x42B0, 0x42D0, 0x42D0, 0x4AD0, 0x4AD0, 0x4AF1, 0x4B11, 0x4B11, 0x4AF1, 0x426E, 
    0x426D, 0x4A8F, 0x4AB0, 0x52D0, 0x52F0, 0x5B31, 0x5B51, 0x6352, 0x6373, 0x6373, 0x6393, 0x6393, 0x6374, 0x6394, 0x5B93, 0x5B73, 
    0x5B73, 0x5B72, 0x5353, 0x5353, 0x5352, 0x5352, 0x5352, 0x5B32, 0x5B32, 0x5B12, 0x5B12, 0x5B12, 0x5311, 0x5B12, 0x5B12, 0x5B11, 
    0x5B11, 0x5B12, 0x5B12, 0x5B12, 0x5B12, 0x62F2, 0x6311, 0x6311, 0x62F1, 0x5AF1, 0x5B11, 0x5B11, 0x6311, 0x6311, 0x6310, 0x5B11, 
    0x6311, 0x6311, 0x6331, 0x6331, 0x6331, 0x6331, 0x6331, 0x6B32, 0x6B51, 0x7371, 0x7391, 0x7BB1, 0x7BB2, 0x7BD2, 0x83F3, 0x8413, 
    0x8C14, 0x8C55, 0x8C56, 0x9476, 0x9476, 0x8C97, 0x8C97, 0x9497, 0x9497, 0x9497, 0x9497, 0x94B7, 0x94B7, 0x9496, 0x9497, 0x94B7, 
    0x94B7, 0x94B7, 0x9497, 0x9497, 0x94B7, 0x94B7, 0x94B7, 0x94B7, 0x94B7, 0x94B7, 0x94B7, 0x94B7, 0x94B7, 0x94B7, 0x94B7, 0x9497, 
    0x9496, 0x8CB7, 0x9496, 0x9496, 0x9496, 0x8C96, 0x8C96, 0x8C76, 0x8C56, 0x8C76, 0x8C76, 0x8C56, 0x8C35, 0x8C35, 0x8415, 0x8415, 
    0x8414, 0x8414, 0x7BF3, 0x83F3, 0x83F3, 0x83F3, 0x7BF3, 0x7BF3, 0x7BD3, 0x7BD3, 0x73D3, 0x7BF3, 0x83D3, 0x83D3, 0x7BF3, 0x7BF3, 
    0x7BF4, 0x7BF4, 0x8414, 0x7C16, 0x8456, 0x8C96, 0x8CB7, 0x9CF8, 0xAD7B, 0xBDFE, 0xDEDF, 0x31A7, 0x0020, 0x0841, 0x0841, 0x0841, 
    0x3A70, 0x3A90, 0x3AB0, 0x3AB0, 0x3A90, 0x4290, 0x42B0, 0x42D0, 0x42D1, 0x42D1, 0x42D1, 0x4AF2, 0x4AF2, 0x4B11, 0x4AF1, 0x39EB, 
    0x3169, 0x2948, 0x2988, 0x31A9, 0x31C9, 0x3A0B, 0x4AAF, 0x5B52, 0x5B53, 0x6373, 0x6393, 0x6393, 0x6373, 0x6394, 0x6393, 0x6393, 
    0x6373, 0x6373, 0x6373, 0x6373, 0x6393, 0x6393, 0x6394, 0x6393, 0x6B93, 0x6B94, 0x6B94, 0x6B94, 0x6374, 0x6373, 0x6373, 0x6373, 
    0x6373, 0x6353, 0x6353, 0x6353, 0x5B53, 0x5B32, 0x5B32, 0x5B32, 0x6312, 0x6311, 0x6311, 0x6311, 0x6311, 0x6311, 0x6331, 0x6311, 
    0x6331, 0x6331, 0x6311, 0x6331, 0x6331, 0x6331, 0x6331, 0x6331, 0x6331, 0x6331, 0x6311, 0x6311, 0x6310, 0x62F0, 0x62F0, 0x62F0, 
    0x6AF0, 0x7330, 0x7371, 0x73B1, 0x73D2, 0x7BF3, 0x7C13, 0x8414, 0x8414, 0x8454, 0x8C74, 0x9475, 0x9495, 0x9496, 0x9496, 0x94B6, 
    0x94B7, 0x94B7, 0x94B7, 0x94B7, 0x94D7, 0x94D7, 0x94D7, 0x94D7, 0x94B7, 0x94B8, 0x94B8, 0x94B7, 0x94D7, 0x94D7, 0x94D7, 0x94B7, 
    0x9CB7, 0x94B7, 0x9497, 0x9497, 0x9497, 0x8C97, 0x8C97, 0x8C96, 0x8C96, 0x8C76, 0x8C75, 0x8C56, 0x8C36, 0x8C36, 0x8C35, 0x8435, 
    0x8435, 0x8414, 0x8414, 0x7BF4, 0x7BF3, 0x7BF3, 0x83F4, 0x7BF4, 0x7BF3, 0x7BD3, 0x7BF3, 0x7BF3, 0x7BF3, 0x7BF4, 0x7BF4, 0x7BF4, 
    0x7C15, 0x8415, 0x8435, 0x8456, 0x8C96, 0x94B7, 0x94D8, 0x9D39, 0xB59C, 0xC61E, 0xDEDF, 0x31A7, 0x0020, 0x0841, 0x0841, 0x0841, 
    0x3A6F, 0x3A70, 0x3A90, 0x3AAF, 0x3AB0, 0x3AB0, 0x3AB1, 0x42D0, 0x42D0, 0x42F0, 0x42F0, 0x4AF1, 0x4B11, 0x4B12, 0x4AF2, 0x420F, 
    0x294C, 0x20E9, 0x2108, 0x20E8, 0x18C6, 0x2169, 0x42AE, 0x5B51, 0x6353, 0x6353, 0x5B72, 0x6393, 0x6393, 0x6393, 0x6373, 0x6373, 
    0x6373, 0x6373, 0x6373, 0x6373, 0x6393, 0x6B93, 0x6B93, 0x6B93, 0x6B93, 0x6B93, 0x6BB3, 0x6BB3, 0x6B93, 0x6BB3, 0x6B93, 0x6BB4, 
    0x6BB4, 0x6BB3, 0x6BB3, 0x6BB3, 0x6B93, 0x6B93, 0x6B93, 0x6B93, 0x6B73, 0x6B73, 0x6B93, 0x6B73, 0x6B73, 0x6B93, 0x6B94, 0x6373, 
    0x6B73, 0x6B73, 0x6B52, 0x6B53, 0x6B52, 0x6352, 0x6352, 0x6352, 0x6352, 0x6312, 0x5AF1, 0x5AD0, 0x5AAF, 0x5AAF, 0x5ACF, 0x5AD0, 
    0x62F0, 0x6310, 0x5AF0, 0x5B11, 0x6332, 0x6352, 0x6B52, 0x6B52, 0x7352, 0x6B71, 0x7371, 0x7B92, 0x7BD2, 0x7BD3, 0x7BD3, 0x83F4, 
    0x8413, 0x8C34, 0x8C34, 0x8C54, 0x8C75, 0x8C75, 0x9496, 0x9496, 0x94B6, 0x94B7, 0x9CD7, 0x9CD7, 0x9CD7, 0x9CB8, 0x9CD7, 0x9CD7, 
    0x9CD7, 0x9CD7, 0x9CD7, 0x94B7, 0x94B7, 0x94B7, 0x94B7, 0x9496, 0x8C96, 0x9476, 0x9476, 0x8C76, 0x8C56, 0x8C55, 0x8455, 0x8455, 
    0x8435, 0x8435, 0x8414, 0x7C14, 0x7BF4, 0x7C14, 0x7BF4, 0x7BF3, 0x7BF3, 0x7BF3, 0x7BF3, 0x7BF4, 0x7BF4, 0x83F4, 0x8415, 0x8435, 
    0x8435, 0x8456, 0x8C56, 0x8C76, 0x9496, 0x94D7, 0x9CF8, 0xA53A, 0xB5DD, 0xC63F, 0xDEFF, 0x31A7, 0x0020, 0x0841, 0x0841, 0x0841, 
    0x3A6F, 0x3A8F, 0x3A8F, 0x3A90, 0x3A90, 0x4290, 0x4290, 0x42B0, 0x42B1, 0x42D0, 0x42F0, 0x4AF1, 0x4AF1, 0x4AF2, 0x4B12, 0x4B12, 
    0x4AF2, 0x4AF2, 0x4AD2, 0x42B1, 0x3A4F, 0x3A4F, 0x4AF1, 0x5B32, 0x5B53, 0x6353, 0x6353, 0x6373, 0x6373, 0x6372, 0x6373, 0x6373, 
    0x6353, 0x6353, 0x6353, 0x6373, 0x6393, 0x6393, 0x6B93, 0x6B93, 0x6B93, 0x6B93, 0x6BB3, 0x6B94, 0x6BB4, 0x73B3, 0x6B93, 0x73B4, 
    0x73B4, 0x73B3, 0x73D3, 0x73B3, 0x73B3, 0x6BD3, 0x6BB3, 0x6BB3, 0x73B4, 0x73B4, 0x73D4, 0x73D4, 0x73F4, 0x73F4, 0x73F5, 0x73D5, 
    0x73F4, 0x73F4, 0x73F4, 0x73F4, 0x73D5, 0x73B4, 0x73B4, 0x73B3, 0x73B3, 0x6373, 0x62F1, 0x5A2F, 0x51EC, 0x51A9, 0x51EA, 0x5A0B, 
    0x5A2B, 0x528D, 0x5AEE, 0x5B11, 0x6332, 0x6B52, 0x6B52, 0x6B52, 0x6B52, 0x6352, 0x6352, 0x6B52, 0x6B52, 0x6B52, 0x6B52, 0x6B52, 
    0x6B71, 0x7372, 0x7372, 0x7392, 0x73B2, 0x73D3, 0x7BF4, 0x7C14, 0x8414, 0x8434, 0x8C54, 0x8C75, 0x8C76, 0x9495, 0x94B6, 0x94B6, 
    0x94B7, 0x94B7, 0x94D7, 0x9CB7, 0x9CB7, 0x94B7, 0x94B7, 0x94B6, 0x94B6, 0x8C96, 0x8C96, 0x8C76, 0x8C56, 0x8C55, 0x8455, 0x8435, 
    0x8435, 0x8435, 0x8414, 0x8414, 0x7C14, 0x7C14, 0x7BF4, 0x7BF4, 0x7BF3, 0x7BF3, 0x7BF4, 0x8414, 0x8414, 0x8434, 0x8455, 0x8C55, 
    0x8C56, 0x8C76, 0x8C76, 0x8C96, 0x94B6, 0x9CF8, 0x9D39, 0xAD7B, 0xBDFD, 0xC65F, 0xDEDF, 0x31A7, 0x0020, 0x0841, 0x0841, 0x0841, 
    0x3A4F, 0x3A6F, 0x3A6F, 0x3A8F, 0x3A8F, 0x3A90, 0x3A8F, 0x4290, 0x4290, 0x42B0, 0x42D0, 0x42D0, 0x42F0, 0x42F1, 0x4AF1, 0x4B12, 
    0x4B12, 0x5312, 0x5312, 0x5332, 0x5B32, 0x5B32, 0x5B32, 0x5B32, 0x5B53, 0x5B53, 0x5B53, 0x6353, 0x6353, 0x6353, 0x6353, 0x6353, 
    0x6353, 0x6353, 0x6353, 0x6373, 0x6373, 0x6373, 0x6373, 0x6B93, 0x6B93, 0x6B93, 0x6BB3, 0x6BB3, 0x73B3, 0x6BB4, 0x6BB4, 0x73B3, 
    0x73D3, 0x73B4, 0x73B4, 0x73B4, 0x73B4, 0x73D3, 0x73B3, 0x73B3, 0x73D3, 0x73D4, 0x73D4, 0x7BF4, 0x7BF4, 0x7C15, 0x7BF5, 0x7BF6, 
    0x7C15, 0x8415, 0x8435, 0x8436, 0x8436, 0x8436, 0x8436, 0x8436, 0x8436, 0x7C35, 0x7393, 0x5A90, 0x520E, 0x496B, 0x494A, 0x4149, 
    0x4129, 0x31AA, 0x5ACF, 0x7392, 0x73B4, 0x73B3, 0x7393, 0x7393, 0x6B93, 0x6B72, 0x6B72, 0x6B72, 0x6B52, 0x6B32, 0x6B51, 0x6B52, 
    0x6B52, 0x6B51, 0x6B51, 0x6B51, 0x6B51, 0x6B71, 0x6B72, 0x6B72, 0x6B72, 0x6B92, 0x6B92, 0x7392, 0x73B3, 0x7BD3, 0x7BF3, 0x7C13, 
    0x7C14, 0x7C34, 0x8434, 0x8C34, 0x8C55, 0x8C55, 0x8C55, 0x8C75, 0x8C95, 0x8C76, 0x8C76, 0x8C75, 0x9455, 0x8C55, 0x8C55, 0x8C55, 
    0x8435, 0x8435, 0x8435, 0x8435, 0x8434, 0x8414, 0x8414, 0x7BF4, 0x83F4, 0x83F4, 0x8435, 0x8435, 0x8435, 0x8C35, 0x8C75, 0x8C76, 
    0x8C76, 0x8C96, 0x8C96, 0x94B6, 0x9CD7, 0x9D19, 0xA559, 0xAD9B, 0xBE1E, 0xC65F, 0xCE9F, 0x2987, 0x0020, 0x0841, 0x0841, 0x0841, 
    0x322E, 0x324E, 0x324E, 0x324E, 0x3A6F, 0x3A6F, 0x3A6F, 0x3A70, 0x4270, 0x3A90, 0x4290, 0x3AB1, 0x42B1, 0x42D0, 0x4AF0, 0x4AF1, 
    0x4AF2, 0x4AF2, 0x5312, 0x5312, 0x5332, 0x5332, 0x5332, 0x5332, 0x5B32, 0x5B32, 0x5B33, 0x5B53, 0x6333, 0x6333, 0x6333, 0x6353, 
    0x6353, 0x6353, 0x6353, 0x6353, 0x6373, 0x6373, 0x6373, 0x6373, 0x6B93, 0x6B73, 0x6B93, 0x63B3, 0x6BB3, 0x6B93, 0x73B4, 0x73B4, 
    0x73D4, 0x73D4, 0x73B4, 0x73B4, 0x73D4, 0x73D4, 0x73D4, 0x73D4, 0x73F4, 0x73D4, 0x7BD5, 0x7BF5, 0x7BF5, 0x7BF5, 0x7C15, 0x7C15, 
    0x8416, 0x8415, 0x8416, 0x8436, 0x8435, 0x8435, 0x8456, 0x8456, 0x8C76, 0x8C76, 0x8456, 0x8416, 0x7BF5, 0x7BF6, 0x7BD5, 0x73D4, 
    0x7394, 0x7394, 0x73D5, 0x8C76, 0x94B7, 0x9497, 0x9497, 0x8C97, 0x8C76, 0x8C56, 0x8C56, 0x8435, 0x8415, 0x7BD4, 0x7BD4, 0x73B4, 
    0x73D3, 0x73D3, 0x73B3, 0x7393, 0x7392, 0x6B92, 0x6B72, 0x6B72, 0x6B72, 0x6B72, 0x6B72, 0x6B72, 0x7392, 0x7392, 0x7392, 0x7392, 
    0x7392, 0x6BB2, 0x73B2, 0x7392, 0x7392, 0x7392, 0x73B2, 0x73B2, 0x73B2, 0x73B3, 0x73B3, 0x73D3, 0x7BD3, 0x7BD3, 0x7BF3, 0x7BF3, 
    0x7BF4, 0x83F4, 0x8414, 0x8414, 0x8414, 0x8414, 0x8414, 0x83F5, 0x8415, 0x8435, 0x8456, 0x8476, 0x8C76, 0x8C76, 0x8C76, 0x8C96, 
    0x8C96, 0x8C97, 0x94B7, 0x94B7, 0x9CF8, 0x9D39, 0xA55A, 0xAD9B, 0xB5DC, 0xB5BB, 0xA559, 0x2126, 0x0020, 0x0841, 0x0841, 0x0841, 
    0x322E, 0x324E, 0x324E, 0x324E, 0x324F, 0x3A6F, 0x3A6F, 0x3A50, 0x3A70, 0x4250, 0x4270, 0x3A90, 0x42B0, 0x4AAF, 0x4AD0, 0x42D1, 
    0x4AF1, 0x4AF2, 0x4AF2, 0x4AF1, 0x4B11, 0x5332, 0x5312, 0x5312, 0x5B12, 0x5B12, 0x5B12, 0x5B32, 0x6332, 0x6332, 0x6332, 0x6332, 
    0x6352, 0x6352, 0x6352, 0x6352, 0x6352, 0x6372, 0x6373, 0x6373, 0x6B73, 0x6B73, 0x6B93, 0x6B93, 0x6BB3, 0x6B93, 0x6BB3, 0x73B3, 
    0x73B3, 0x73D3, 0x73B3, 0x73D4, 0x73B4, 0x73D5, 0x73D5, 0x73D4, 0x73F4, 0x7BD5, 0x7BD5, 0x7BF5, 0x7BF5, 0x7BF5, 0x7C15, 0x7C15, 
    0x8416, 0x8415, 0x8415, 0x8436, 0x8416, 0x8436, 0x8456, 0x8456, 0x8476, 0x8C76, 0x8C76, 0x8C77, 0x8C97, 0x8CB7, 0x94B7, 0x94D7, 
    0x94D8, 0x94D8, 0x94B7, 0x94D7, 0x94D8, 0x9CD8, 0x9CD9, 0x9CF9, 0x9CF8, 0x9CF8, 0x9CD8, 0x94D8, 0x94B8, 0x94B8, 0x9498, 0x8C77, 
    0x8C97, 0x8C77, 0x8477, 0x8457, 0x8456, 0x8436, 0x7C15, 0x7BF5, 0x7BD4, 0x7BB4, 0x73B3, 0x73B3, 0x73B3, 0x73B3, 0x73B3, 0x7393, 
    0x7393, 0x73B2, 0x73B2, 0x7391, 0x7392, 0x7392, 0x7372, 0x6B72, 0x6B52, 0x6B51, 0x6B51, 0x6B51, 0x6B71, 0x6B71, 0x7371, 0x7391, 
    0x7392, 0x7BB2, 0x7BD2, 0x7BD3, 0x83D3, 0x83F3, 0x8415, 0x8435, 0x8436, 0x8436, 0x8476, 0x8C76, 0x8C76, 0x8C76, 0x8C96, 0x8C96, 
    0x8C97, 0x94B7, 0x94B7, 0x9CD8, 0x9CF9, 0xA539, 0xA539, 0xA519, 0x9CB7, 0x8433, 0x73B1, 0x18E4, 0x0021, 0x0841, 0x0841, 0x0841, 
    0x324E, 0x3A4F, 0x3A4F, 0x3A4F, 0x3A4F, 0x3A4F, 0x3A6F, 0x3A6F, 0x3A6F, 0x4270, 0x4270, 0x3A90, 0x42B1, 0x42B1, 0x42B1, 0x42D0, 
    0x4AF0, 0x4AF1, 0x4AF1, 0x4AF1, 0x4AF2, 0x4B11, 0x52F1, 0x52F1, 0x4B12, 0x5312, 0x5B12, 0x5B12, 0x5B12, 0x5312, 0x5312, 0x5332, 
    0x5B12, 0x5B32, 0x5B32, 0x5B32, 0x6352, 0x6352, 0x6352, 0x6353, 0x6353, 0x6373, 0x6B73, 0x6B73, 0x6B73, 0x6B93, 0x6BB4, 0x6B93, 
    0x73B4, 0x73B4, 0x73D4, 0x73D4, 0x73D4, 0x7C16, 0x7BF5, 0x73D4, 0x73B3, 0x73D4, 0x7BF5, 0x7BF5, 0x7BF5, 0x7BF5, 0x7BF5, 0x7C15, 
    0x7C15, 0x7C15, 0x8415, 0x8415, 0x8436, 0x8436, 0x8456, 0x8456, 0x8C76, 0x8C76, 0x8C76, 0x8C76, 0x8C77, 0x8C96, 0x9496, 0x9497, 
    0x94B7, 0x94B8, 0x94B8, 0x94B8, 0x9CD8, 0x9CD8, 0x9CD8, 0x9CD8, 0x94D7, 0x9CD7, 0x9CD7, 0x9CD8, 0x9CD8, 0x9CD8, 0x9CD8, 0x9CD8, 
    0x9CF9, 0xA4F9, 0xA51A, 0xA53A, 0xA53A, 0xA51A, 0x9D19, 0x94F8, 0x94B7, 0x8C96, 0x8C56, 0x8456, 0x8456, 0x8476, 0x8456, 0x8456, 
    0x7C35, 0x8414, 0x7BD3, 0x7392, 0x7351, 0x6B71, 0x6B71, 0x6B72, 0x6B52, 0x6B71, 0x6B71, 0x6372, 0x6372, 0x6B72, 0x6B71, 0x6B72, 
    0x7372, 0x7392, 0x73B2, 0x73D3, 0x7BF3, 0x8414, 0x8C55, 0x8C55, 0x8C75, 0x8C76, 0x8C76, 0x8C96, 0x8C76, 0x8C76, 0x9497, 0x94B7, 
    0x94B7, 0x9CB7, 0x9CD7, 0x9CF8, 0x9CD7, 0x9475, 0x7BF3, 0x6B71, 0x630F, 0x526E, 0x528F, 0x10C4, 0x0021, 0x0841, 0x0841, 0x0841, 
    0x3A4F, 0x3A6F, 0x3A6F, 0x3A70, 0x3A8F, 0x3A8F, 0x4290, 0x3AB0, 0x42B0, 0x42B0, 0x42B0, 0x42D1, 0x42D1, 0x42D1, 0x4AD1, 0x4AD1, 
    0x4AF1, 0x4AF2, 0x4B12, 0x4B12, 0x5312, 0x5312, 0x5312, 0x5312, 0x5312, 0x5B12, 0x5B12, 0x5B12, 0x5B12, 0x5312, 0x5311, 0x5332, 
    0x5B12, 0x5B12, 0x5B32, 0x5B12, 0x5B32, 0x5B32, 0x6332, 0x6332, 0x6332, 0x6352, 0x6353, 0x6372, 0x6372, 0x6B72, 0x6B92, 0x7393, 
    0x7393, 0x73B3, 0x73D4, 0x73D4, 0x7415, 0x5AF1, 0xAD58, 0xAD59, 0x9CF7, 0xA55A, 0x7BD7, 0x7BD6, 0x7BF5, 0x7BF5, 0x7BF5, 0x7BF5, 
    0x7BF5, 0x7C15, 0x7C15, 0x8415, 0x8435, 0x8435, 0x8456, 0x8456, 0x8456, 0x8C76, 0x8C76, 0x8C76, 0x8C76, 0x8C97, 0x8C97, 0x8C97, 
    0x8C97, 0x94B8, 0x94B8, 0x94B8, 0x94B8, 0x94B7, 0x94D7, 0x94B7, 0x94B7, 0x94B6, 0x94B6, 0x94B7, 0x94B7, 0x94D7, 0x9CB7, 0x9CD8, 
    0x9CD8, 0xA4D9, 0xA4F9, 0xA4F9, 0xA4F8, 0xA4F8, 0xA4D7, 0x9CB7, 0x9CB6, 0x94B6, 0x94D7, 0x9CD7, 0x9CD8, 0x9CD8, 0x9CF9, 0x9CF9, 
    0x94D8, 0x8C35, 0x7372, 0x6B31, 0x6310, 0x62EF, 0x630F, 0x6310, 0x6331, 0x6B93, 0x73D4, 0x7BF4, 0x73D4, 0x73D4, 0x73D3, 0x73D4, 
    0x7BD4, 0x7BD4, 0x7BF4, 0x8435, 0x8435, 0x8C55, 0x8C75, 0x8C75, 0x9476, 0x9476, 0x9496, 0x94B6, 0x94B6, 0x94B6, 0x94B6, 0x94B7, 
    0x9CB7, 0x9CB6, 0x9475, 0x8412, 0x6B50, 0x62EF, 0x52AE, 0x4A6E, 0x4A8E, 0x528E, 0x526E, 0x10A4, 0x0021, 0x0841, 0x0841, 0x0841, 
    0x3A50, 0x3A70, 0x3A70, 0x3A90, 0x3AB0, 0x3AB0, 0x42B0, 0x42B0, 0x4AB0, 0x4AD0, 0x4AD0, 0x4AD1, 0x4AF1, 0x4AF1, 0x4AF2, 0x4AF1, 
    0x4B12, 0x5312, 0x5313, 0x5B13, 0x5B32, 0x5B32, 0x5B32, 0x5B32, 0x5B32, 0x5B32, 0x5B53, 0x5B52, 0x5B32, 0x6352, 0x5B32, 0x5B32, 
    0x6332, 0x6332, 0x6332, 0x6332, 0x6332, 0x6332, 0x6332, 0x6332, 0x6352, 0x6352, 0x6353, 0x6352, 0x6352, 0x6B52, 0x6B73, 0x6B73, 
    0x6B93, 0x6BB3, 0x73D4, 0x7BD5, 0x6333, 0xA517, 0xF7BE, 0xF79E, 0xF79E, 0xB5BA, 0x6315, 0x7BF7, 0x7BF4, 0x7BF4, 0x73D3, 0x7BF4, 
    0x7BF4, 0x7C14, 0x7C15, 0x8415, 0x8415, 0x8416, 0x8436, 0x8436, 0x8456, 0x8456, 0x8477, 0x8C77, 0x8C76, 0x8C76, 0x8C76, 0x8C76, 
    0x8C96, 0x8C96, 0x9496, 0x9496, 0x9497, 0x9497, 0x9496, 0x9496, 0x9496, 0x9496, 0x9496, 0x9496, 0x9497, 0x94B7, 0x94B7, 0x94B7, 
    0x9CB7, 0x9CB7, 0x9CD7, 0x9CB7, 0x9CB6, 0x9CB6, 0x9496, 0x9476, 0x9497, 0x94D7, 0x9CD7, 0x9CF8, 0x9CF8, 0xA4F8, 0xA4F9, 0x9CF9, 
    0x9CF8, 0x8415, 0x6332, 0x6331, 0x5B10, 0x5AD0, 0x52F0, 0x6352, 0x7BD4, 0x8435, 0x8C56, 0x8C76, 0x8C55, 0x8455, 0x8455, 0x8455, 
    0x8C36, 0x8C36, 0x8C36, 0x8C56, 0x8C55, 0x8C75, 0x8C76, 0x8C96, 0x8C96, 0x9496, 0x94B6, 0x94B6, 0x94B6, 0x94B6, 0x94B6, 0x9496, 
    0x8C34, 0x7391, 0x630F, 0x5AEE, 0x528D, 0x526F, 0x528F, 0x4AAE, 0x4AAE, 0x526E, 0x528E, 0x10A4, 0x0021, 0x0841, 0x0841, 0x0841, 
    0x3A70, 0x3A70, 0x3A90, 0x3A90, 0x3AB0, 0x42B1, 0x42B1, 0x42B1, 0x4AB1, 0x4AD0, 0x4AD1, 0x4AD1, 0x4AF2, 0x4AF2, 0x4B12, 0x4B12, 
    0x4B12, 0x52F2, 0x5B12, 0x5B12, 0x5B32, 0x5B32, 0x5B32, 0x5B32, 0x5B52, 0x5B52, 0x5B53, 0x5B53, 0x6333, 0x6353, 0x5B32, 0x5B52, 
    0x6333, 0x6333, 0x6333, 0x6B33, 0x6333, 0x6353, 0x6353, 0x6353, 0x6373, 0x6373, 0x6373, 0x6B53, 0x6B53, 0x6B73, 0x6B73, 0x6B73, 
    0x6B94, 0x73B4, 0x7BD5, 0x83D6, 0x8BD7, 0xDEBD, 0xFFFF, 0xFFFF, 0xFFFF, 0xBDDA, 0x6B95, 0x7BF6, 0x7BF5, 0x7BD5, 0x7BD4, 0x7BF4, 
    0x7BD4, 0x7BF4, 0x7BF5, 0x7BF5, 0x7C15, 0x7C15, 0x8416, 0x8416, 0x8436, 0x8455, 0x8456, 0x8456, 0x8C56, 0x8C56, 0x8C56, 0x8C56, 
    0x8C96, 0x8C96, 0x8C96, 0x8C76, 0x8C76, 0x8C96, 0x8C96, 0x8C76, 0x8C76, 0x8C97, 0x8C97, 0x8C97, 0x9496, 0x9497, 0x94B7, 0x94B7, 
    0x94B7, 0x94B7, 0x94B7, 0x9496, 0x8C96, 0x8C76, 0x8C76, 0x9476, 0x9497, 0x94D7, 0x9CD8, 0x9CF8, 0xA4F8, 0xA519, 0xA519, 0xA519, 
    0x9CF8, 0x8456, 0x6B93, 0x6352, 0x6332, 0x6B73, 0x73D4, 0x8435, 0x8C76, 0x9476, 0x8C76, 0x8C96, 0x9475, 0x9475, 0x8C96, 0x8C96, 
    0x9476, 0x9476, 0x8C76, 0x8C76, 0x8C76, 0x8C96, 0x9496, 0x9496, 0x9497, 0x9497, 0x94B7, 0x94B6, 0x94B6, 0x8C96, 0x8414, 0x7BD2, 
    0x6B50, 0x5ACF, 0x52AE, 0x52AE, 0x528E, 0x4A8E, 0x4A8E, 0x4A8E, 0x4A8E, 0x526E, 0x526E, 0x10A4, 0x0021, 0x0841, 0x0841, 0x0841, 
    0x3A90, 0x4290, 0x4290, 0x42B1, 0x42B1, 0x42D1, 0x42D1, 0x4AD1, 0x4AD1, 0x4AF0, 0x4AF1, 0x52F2, 0x52F2, 0x5312, 0x5312, 0x5312, 
    0x5312, 0x5312, 0x5B12, 0x5B32, 0x5B32, 0x5B32, 0x5B32, 0x5B53, 0x5B52, 0x5B53, 0x5B53, 0x6353, 0x6353, 0x6353, 0x5B53, 0x5B53, 
    0x6372, 0x6352, 0x6373, 0x6373, 0x6373, 0x6373, 0x6373, 0x6373, 0x6373, 0x6B73, 0x6B73, 0x6B93, 0x6B93, 0x6B93, 0x6BB3, 0x73B3, 
    0x73B4, 0x7BF4, 0x8436, 0x83D5, 0xCDDB, 0xFFDF, 0xFFFF, 0xFFFF, 0xFFFF, 0xCE7D, 0x947A, 0x8438, 0x7BF5, 0x7BF5, 0x73F4, 0x7BF4, 
    0x7BF4, 0x7BF4, 0x7BF5, 0x7C15, 0x83F5, 0x8415, 0x8415, 0x8415, 0x8415, 0x8435, 0x8435, 0x8435, 0x8435, 0x8436, 0x8456, 0x8456, 
    0x8456, 0x8456, 0x8456, 0x8456, 0x8456, 0x8456, 0x8456, 0x8456, 0x8456, 0x8C56, 0x8C56, 0x8C56, 0x8C76, 0x8C76, 0x8C76, 0x8C76, 
    0x8C76, 0x8C76, 0x8476, 0x8456, 0x8C56, 0x8C77, 0x9496, 0x9496, 0x94B7, 0x9CF7, 0xA4F8, 0xA518, 0xA519, 0xAD19, 0xAD39, 0xAD3A, 
    0xAD3A, 0x9497, 0x7BD4, 0x7BF4, 0x94B7, 0xA53A, 0xA55A, 0xA4F9, 0x9CB7, 0x9497, 0x9497, 0x9496, 0x9496, 0x9496, 0x9C97, 0x9CB7, 
    0x94B7, 0x9497, 0x9496, 0x9496, 0x8C96, 0x94B6, 0x9496, 0x94B6, 0x94B7, 0x9497, 0x8C76, 0x8C34, 0x7BD3, 0x6B72, 0x6310, 0x5ACF, 
    0x52AE, 0x52AE, 0x4AAF, 0x528F, 0x526E, 0x528E, 0x4A8E, 0x4A8D, 0x4A8D, 0x4A6E, 0x4A6E, 0x10A4, 0x0021, 0x0841, 0x0841, 0x0841, 
    0x3A90, 0x4290, 0x42B0, 0x42B1, 0x42D1, 0x42F0, 0x42F1, 0x4AF1, 0x4AF2, 0x52F1, 0x52F1, 0x52F2, 0x5312, 0x5312, 0x5312, 0x5312, 
    0x5312, 0x5332, 0x5B32, 0x5B32, 0x5B32, 0x5B32, 0x5B53, 0x5B53, 0x5B53, 0x5B53, 0x6373, 0x6373, 0x6373, 0x6373, 0x6374, 0x6374, 
    0x6373, 0x6393, 0x6373, 0x6373, 0x6373, 0x6373, 0x6373, 0x6373, 0x6B73, 0x6B73, 0x6B73, 0x6B93, 0x7394, 0x73B4, 0x73B3, 0x73D4, 
    0x73D4, 0x8415, 0x8C57, 0xC63B, 0xFFDF, 0xFFFF, 0xFFFF, 0xFFFF, 0xEFBE, 0xB61C, 0x9CDB, 0x8458, 0x8415, 0x8415, 0x8415, 0x8415, 
    0x8415, 0x8415, 0x8435, 0x8436, 0x8436, 0x8436, 0x8455, 0x8456, 0x8456, 0x8456, 0x8C56, 0x8C56, 0x8C56, 0x8C56, 0x8C56, 0x8455, 
    0x8456, 0x8435, 0x8435, 0x8435, 0x8435, 0x8415, 0x8416, 0x8436, 0x8435, 0x8435, 0x8435, 0x8435, 0x8455, 0x8455, 0x8435, 0x8435, 
    0x8415, 0x8415, 0x8C35, 0x8C35, 0x8C96, 0x9496, 0x94B6, 0x9CB7, 0x9CD7, 0x9CF8, 0xA519, 0xA519, 0xAD19, 0xAD3A, 0xAD7A, 0xB59A, 
    0xBD9C, 0xA4DC, 0x83D8, 0x9D19, 0xE73E, 0xE71F, 0xC61F, 0xAD3A, 0x9CD7, 0x9CD7, 0x9CD7, 0x9CD7, 0x94D7, 0x94D7, 0x9CD7, 0x9CB7, 
    0x9CB7, 0x9497, 0x94B7, 0x9496, 0x94B6, 0x94B6, 0x94B7, 0x9496, 0x8C96, 0x8435, 0x6BB2, 0x6350, 0x5AEF, 0x52AF, 0x52AF, 0x52AF, 
    0x52AF, 0x52AE, 0x528E, 0x4A8F, 0x528E, 0x528F, 0x4A6E, 0x4A8E, 0x4A6E, 0x4A8E, 0x4A6E, 0x10A4, 0x0021, 0x0841, 0x0841, 0x0841, 
    0x3A91, 0x42B1, 0x42B1, 0x42D1, 0x42D1, 0x42F1, 0x42F2, 0x42F2, 0x4AF2, 0x4AF1, 0x5311, 0x4B12, 0x5332, 0x5312, 0x5312, 0x5312, 
    0x5B13, 0x5B32, 0x5B32, 0x5B32, 0x5B52, 0x5B52, 0x5B53, 0x5B53, 0x6353, 0x6353, 0x6354, 0x6354, 0x6373, 0x6373, 0x6373, 0x6393, 
    0x6393, 0x6393, 0x6393, 0x6393, 0x6373, 0x6373, 0x6B73, 0x6B72, 0x6B92, 0x6B93, 0x6B93, 0x6B93, 0x6BB3, 0x73B3, 0x73D4, 0x73D5, 
    0x7BF5, 0x8C16, 0x83B5, 0xCE5B, 0xFFFF, 0xFFFF, 0xFFFF, 0xFFFF, 0xD6FD, 0x9D5A, 0x9499, 0x8457, 0x8436, 0x8415, 0x8436, 0x8436, 
    0x8436, 0x8456, 0x8456, 0x8456, 0x8C56, 0x8C56, 0x8456, 0x8C76, 0x8C76, 0x8C76, 0x8C76, 0x8C77, 0x8C77, 0x8C77, 0x8C76, 0x8C76, 
    0x8C76, 0x8476, 0x8C55, 0x8C56, 0x8435, 0x8435, 0x8435, 0x8435, 0x8C35, 0x8435, 0x8435, 0x8435, 0x8435, 0x8435, 0x8415, 0x8415, 
    0x7C15, 0x8435, 0x8C55, 0x8C76, 0x8C76, 0x94B6, 0x94B7, 0x9CB7, 0x9CD8, 0xA518, 0xA539, 0xAD3A, 0xAD5B, 0xB59B, 0xC61D, 0xDEBE, 
    0xEF3F, 0xEF3F, 0xDEFE, 0xE75E, 0xFFFF, 0xF7BF, 0xCEBE, 0xB5BD, 0xAD3B, 0xA519, 0xA519, 0x9CF8, 0x9CF7, 0x9CF7, 0x9CD8, 0x9CD8, 
    0x9CB7, 0x9CB7, 0x94B7, 0x94B7, 0x94B7, 0x8C96, 0x8C76, 0x8414, 0x73B2, 0x6331, 0x5AF0, 0x5ACF, 0x52CF, 0x52AF, 0x52AF, 0x4AAF, 
    0x4AAE, 0x528F, 0x528F, 0x4A6E, 0x4A8E, 0x4A8E, 0x4A6E, 0x4A8D, 0x4A8D, 0x4A6E, 0x4A4E, 0x10A4, 0x0041, 0x0841, 0x0841, 0x0841, 
    0x42B0, 0x42B0, 0x42D1, 0x4AD1, 0x4AD1, 0x4AF2, 0x4AF2, 0x52F2, 0x52F2, 0x4AF1, 0x4B12, 0x5311, 0x5312, 0x5332, 0x5B32, 0x5B13, 
    0x5B13, 0x5B33, 0x5B33, 0x5B33, 0x5B53, 0x5B53, 0x6353, 0x6373, 0x6373, 0x6353, 0x6353, 0x6353, 0x6373, 0x6393, 0x6393, 0x6393, 
    0x6B93, 0x6B93, 0x6B93, 0x6B93, 0x6B93, 0x6B93, 0x6B93, 0x6B93, 0x6B93, 0x6B93, 0x7393, 0x73B3, 0x73B3, 0x73D3, 0x73D4, 0x73F5, 
    0x7C15, 0x8BD7, 0xDE7C, 0xFFBF, 0xFFFF, 0xFFFF, 0xFFFF, 0xE73F, 0xA57D, 0x94B9, 0x9497, 0x8C56, 0x8435, 0x8435, 0x8435, 0x8456, 
    0x8456, 0x8C56, 0x8C76, 0x8C76, 0x8C76, 0x8C76, 0x8C76, 0x8C76, 0x8C76, 0x8C96, 0x8C96, 0x8C97, 0x8C97, 0x8C96, 0x8C76, 0x8C96, 
    0x8C97, 0x8C76, 0x8C76, 0x8C76, 0x8456, 0x8C56, 0x8C55, 0x8C56, 0x8C56, 0x8C56, 0x8C56, 0x8C56, 0x8436, 0x8435, 0x8415, 0x7BF4, 
    0x7C15, 0x8435, 0x8C55, 0x8C96, 0x9496, 0x94B7, 0x9CD7, 0x9CD7, 0xA4F8, 0xAD3A, 0xAD5B, 0xBDBC, 0xC5DD, 0xDE9F, 0xFFBF, 0xFFFF, 
    0xFFFF, 0xFFFF, 0xFFFF, 0xFFFF, 0xFFFF, 0xFFFF, 0xFFDF, 0xE6FF, 0xC5FF, 0xB57C, 0xAD5B, 0xA53A, 0x9D19, 0x9D19, 0x9CF8, 0x9CD8, 
    0x9CD7, 0x9CD7, 0x94B7, 0x9496, 0x8C55, 0x7BF3, 0x6B71, 0x632F, 0x5AEF, 0x5ACF, 0x52CF, 0x5AAF, 0x52AE, 0x52CE, 0x52AE, 0x52AE, 
    0x528E, 0x528E, 0x528E, 0x526E, 0x4A6E, 0x4A8E, 0x4A8E, 0x4A6D, 0x4A8D, 0x4A6D, 0x4A6D, 0x10A3, 0x0021, 0x0841, 0x0841, 0x0841, 
    0x3AD1, 0x42D1, 0x4AD1, 0x4AD1, 0x4AF1, 0x4AF1, 0x4AF1, 0x4AD1, 0x52F2, 0x4AF1, 0x5311, 0x5312, 0x5312, 0x5332, 0x5332, 0x5B32, 
    0x5B33, 0x5B53, 0x5B53, 0x5B53, 0x6353, 0x6353, 0x6372, 0x6372, 0x6373, 0x6373, 0x6393, 0x6393, 0x6393, 0x6393, 0x6393, 0x63B3, 
    0x6B93, 0x6BB3, 0x6B93, 0x6BB3, 0x6B94, 0x6B94, 0x6BB4, 0x63B4, 0x63B4, 0x6BB4, 0x6BB4, 0x6BD4, 0x6BD4, 0x73B4, 0x73D4, 0x7BF5, 
    0x7C15, 0x8C14, 0xEF5E, 0xFFFF, 0xFFFF, 0xFFFF, 0xE77E, 0xBE3C, 0x9CDA, 0x94B8, 0x8C96, 0x8456, 0x8456, 0x8456, 0x8C56, 0x8C56, 
    0x8C76, 0x8C77, 0x8C77, 0x8C77, 0x8C77, 0x8C97, 0x8C97, 0x8C77, 0x8C97, 0x8C97, 0x8C97, 0x8C97, 0x9497, 0x9497, 0x9497, 0x8C97, 
    0x9497, 0x9496, 0x9497, 0x9497, 0x8C77, 0x8C76, 0x8456, 0x8C76, 0x8C56, 0x8C76, 0x8C76, 0x8C76, 0x8C56, 0x8436, 0x8435, 0x8414, 
    0x7C35, 0x8455, 0x8C76, 0x9496, 0x94B7, 0x9CB7, 0x9CD8, 0xA4F8, 0xA519, 0xB57A, 0xAD1B, 0xE6BE, 0xFFDF, 0xFFFF, 0xFFFF, 0xFFFF, 
    0xFFFF, 0xFFFF, 0xFFFF, 0xFFFF, 0xFFFF, 0xFFFF, 0xFFFF, 0xF7BF, 0xCE9F, 0xB5DE, 0xB59D, 0xAD5B, 0xA51A, 0xA519, 0xA518, 0xA4F8, 
    0xA4D8, 0x9CB7, 0x8C74, 0x73B1, 0x630F, 0x630F, 0x5B10, 0x5AEF, 0x5ACF, 0x5ACF, 0x52AE, 0x52AF, 0x528E, 0x52AE, 0x528E, 0x528E, 
    0x528E, 0x526D, 0x526D, 0x528D, 0x528D, 0x528E, 0x526D, 0x4A6D, 0x4A6D, 0x4A6D, 0x426D, 0x10A3, 0x0021, 0x0841, 0x0841, 0x0841, 
    0x42D1, 0x42D1, 0x42D1, 0x42F1, 0x4AF1, 0x4AF1, 0x4AF2, 0x4B12, 0x5312, 0x5312, 0x5312, 0x5B32, 0x5B33, 0x5B32, 0x5B33, 0x5B53, 
    0x5B53, 0x5B53, 0x5B53, 0x5B53, 0x5B73, 0x5B73, 0x6373, 0x6373, 0x6373, 0x6373, 0x6393, 0x6394, 0x6394, 0x6B94, 0x6B94, 0x6BB4, 
    0x7394, 0x73B4, 0x73B4, 0x73B4, 0x73B4, 0x73B4, 0x73B4, 0x73B4, 0x6BB4, 0x6BB4, 0x6BB4, 0x73B4, 0x73D4, 0x73D4, 0x73D4, 0x7BF5, 
    0x8416, 0xD69B, 0xFFFF, 0xFFFF, 0xFFFF, 0xFFFF, 0xBE1C, 0x9D1A, 0x94D8, 0x8C97, 0x8C76, 0x8C76, 0x8476, 0x8476, 0x8C76, 0x8C76, 
    0x8C76, 0x8C77, 0x8C77, 0x8C97, 0x8C77, 0x8C97, 0x8C97, 0x8C97, 0x8C97, 0x8C97, 0x9497, 0x9497, 0x9497, 0x9497, 0x9497, 0x9497, 
    0x94B7, 0x9497, 0x9497, 0x8C97, 0x8C97, 0x8C97, 0x8C97, 0x8C77, 0x8C76, 0x8C76, 0x8C76, 0x8C76, 0x8C56, 0x8C55, 0x8435, 0x8435, 
    0x8C35, 0x8C56, 0x8C76, 0x9496, 0x94D7, 0x9CD7, 0x9CD8, 0xAD3A, 0x9478, 0xCE1C, 0xF79F, 0xFFDF, 0xFFFF, 0xFFFF, 0xFFFF, 0xFFFF, 
    0xFFFF, 0xFFFF, 0xFFFF, 0xFFFF, 0xFFFF, 0xFFFF, 0xFFFF, 0xFFFF, 0xD6FF, 0xBDFF, 0xB5BD, 0xB57C, 0xAD3B, 0xA539, 0xA4F8, 0x9CD6, 
    0x9474, 0x83F2, 0x6B70, 0x6330, 0x6310, 0x62EF, 0x5AEF, 0x5ACF, 0x5ACF, 0x5AAF, 0x52AE, 0x52AF, 0x52AF, 0x5AAF, 0x528F, 0x528E, 
    0x4A8E, 0x4A8D, 0x4A8D, 0x4A6E, 0x4A6E, 0x4A6D, 0x528D, 0x4A6D, 0x4A4D, 0x4A6C, 0x4A6C, 0x10A3, 0x0021, 0x0841, 0x0841, 0x0841, 
    0x42D1, 0x42F1, 0x4AF1, 0x52F1, 0x4B12, 0x4B12, 0x4B12, 0x5312, 0x5332, 0x5312, 0x5332, 0x5B13, 0x5B33, 0x5352, 0x5B53, 0x5B52, 
    0x5B52, 0x5B53, 0x5B73, 0x5B73, 0x6353, 0x6373, 0x6393, 0x6393, 0x6393, 0x6393, 0x6393, 0x6393, 0x6B94, 0x6BB4, 0x6BB4, 0x6BB3, 
    0x6BB3, 0x6BB3, 0x6BB4, 0x6BB4, 0x73B4, 0x73B4, 0x73D4, 0x73B4, 0x73B4, 0x73D4, 0x73D4, 0x73B4, 0x7BD4, 0x73D4, 0x73D4, 0x7BF5, 
    0x8416, 0x8C94, 0xE71C, 0xF79F, 0xF79F, 0xC65D, 0x9D1B, 0x94F9, 0x8CB8, 0x8C97, 0x8C97, 0x8C76, 0x8476, 0x8476, 0x8C76, 0x8C76, 
    0x8C76, 0x8C97, 0x8C97, 0x8C96, 0x8C96, 0x8C96, 0x8C97, 0x9497, 0x9497, 0x9497, 0x94B7, 0x94B6, 0x94B7, 0x9497, 0x9497, 0x9496, 
    0x94B7, 0x94B7, 0x9497, 0x9497, 0x9497, 0x9497, 0x9477, 0x9496, 0x9496, 0x8C76, 0x8C76, 0x8C76, 0x8C76, 0x8C55, 0x8C56, 0x8455, 
    0x8C55, 0x8C76, 0x9496, 0x94B6, 0x9CD7, 0xA519, 0x9477, 0xE6FE, 0xFFBF, 0xFFDF, 0xFFFF, 0xFFFF, 0xFFFF, 0xFFFF, 0xFFFF, 0xFFFF, 
    0xFFFF, 0xFFFF, 0xFFFF, 0xFFFF, 0xFFFF, 0xFFFF, 0xFFFF, 0xFFFF, 0xDF1F, 0xC63F, 0xBDDE, 0xB59B, 0xA519, 0x9CD7, 0x8C54, 0x73B2, 
    0x6B50, 0x6B30, 0x6310, 0x6310, 0x630F, 0x62EF, 0x5AEF, 0x5AEF, 0x5ACF, 0x5ACF, 0x52AE, 0x52AF, 0x52AF, 0x528F, 0x52AF, 0x4AAE, 
    0x4A8D, 0x4A8D, 0x4A8D, 0x526E, 0x526E, 0x4A6D, 0x4A6D, 0x4A6D, 0x4A4C, 0x4A4D, 0x4A4D, 0x10A3, 0x0041, 0x0841, 0x0841, 0x0841, 
    0x42D1, 0x42D1, 0x42F1, 0x4AF2, 0x4B12, 0x4B12, 0x5312, 0x5312, 0x5332, 0x52F2, 0x5333, 0x5B33, 0x5B33, 0x5B53, 0x5B53, 0x5B53, 
    0x5B53, 0x6353, 0x6373, 0x6374, 0x6374, 0x6374, 0x6393, 0x6393, 0x6394, 0x6B94, 0x6BB4, 0x6BB4, 0x6BB4, 0x6BB4, 0x6BB4, 0x6BB4, 
    0x6BD4, 0x6BD3, 0x6BD4, 0x6BD4, 0x6BD4, 0x6BD4, 0x73D4, 0x73D4, 0x73D4, 0x73D4, 0x73F4, 0x73D5, 0x73D5, 0x73D5, 0x7BF5, 0x7BF5, 
    0x7C16, 0x7C36, 0x94B7, 0x94F8, 0x9D39, 0x9D19, 0x94D8, 0x8CB8, 0x8C97, 0x8C77, 0x8C76, 0x8C76, 0x8C77, 0x8C77, 0x8C77, 0x8C77, 
    0x8C77, 0x8C97, 0x8C97, 0x8C97, 0x9497, 0x9497, 0x9497, 0x9497, 0x94B7, 0x94B7, 0x94B7, 0x94B7, 0x94B7, 0x94B7, 0x94B7, 0x94B7, 
    0x94B7, 0x94B7, 0x94B7, 0x94B7, 0x94B7, 0x9497, 0x9497, 0x9497, 0x8C96, 0x8C97, 0x8C76, 0x9496, 0x9496, 0x8C76, 0x8C56, 0x8456, 
    0x8C75, 0x8C96, 0x94B7, 0x94B7, 0xA4B8, 0xDE7E, 0xFFDF, 0xFFFF, 0xFFFF, 0xFFFF, 0xFFFF, 0xFFFF, 0xFFFF, 0xFFFF, 0xFFFF, 0xFFFF, 
    0xFFFF, 0xFFFF, 0xFFFF, 0xFFFF, 0xFFFF, 0xFFFF, 0xFFFF, 0xFFFF, 0xE73F, 0xC61E, 0xB59C, 0x9CD7, 0x8414, 0x7392, 0x6B30, 0x6330, 
    0x6310, 0x6310, 0x6310, 0x62F0, 0x62EF, 0x62F0, 0x5AEF, 0x5AEF, 0x5ACF, 0x5ACF, 0x52CE, 0x52AE, 0x52AE, 0x5A8E, 0x52AE, 0x52AE, 
    0x528E, 0x4A8E, 0x4A8E, 0x528E, 0x526E, 0x4A6E, 0x4A6E, 0x4A6D, 0x4A6D, 0x4A4D, 0x424D, 0x10A3, 0x0041, 0x0841, 0x0841, 0x0841, 
    0x42B1, 0x4AD1, 0x4AD1, 0x4AF1, 0x4AF2, 0x52F2, 0x52F2, 0x52F3, 0x5313, 0x5312, 0x5B32, 0x5B33, 0x5B33, 0x5B34, 0x5B53, 0x5B73, 
    0x5B73, 0x5B74, 0x6394, 0x6394, 0x6394, 0x6394, 0x6393, 0x63B3, 0x6BB3, 0x6BB3, 0x6BB3, 0x6BB4, 0x6BB3, 0x6BD3, 0x6BB4, 0x6BB4, 
    0x73D4, 0x73D4, 0x73D4, 0x73D4, 0x73D4, 0x73D4, 0x73D5, 0x73D5, 0x73D5, 0x73D5, 0x73D5, 0x73F5, 0x73F5, 0x7BF5, 0x7BF5, 0x7BF5, 
    0x7C16, 0x7C36, 0x8457, 0x8477, 0x8C97, 0x8CB7, 0x8CB7, 0x8C97, 0x8C77, 0x8C77, 0x8C76, 0x8C77, 0x8C77, 0x8C77, 0x8C76, 0x8C77, 
    0x8C97, 0x8C97, 0x8C97, 0x8C97, 0x94B7, 0x94B7, 0x94B7, 0x94B7, 0x94B7, 0x94B7, 0x94B7, 0x94D7, 0x94D8, 0x94D8, 0x94D8, 0x94D8, 
    0x94B8, 0x94B7, 0x94B7, 0x94B7, 0x94B7, 0x94B7, 0x94B7, 0x94B7, 0x9497, 0x8C97, 0x8C97, 0x9496, 0x9496, 0x9476, 0x8C56, 0x8C75, 
    0x8C76, 0x8C96, 0x94B7, 0x94B7, 0xA498, 0xEF3E, 0xFFFF, 0xFFFF, 0xFFFF, 0xFFFF, 0xFFFF, 0xFFFF, 0xFFFF, 0xFFFF, 0xFFFF, 0xFFFF, 
    0xFFFF, 0xFFFF, 0xFFFF, 0xFFFF, 0xFFFF, 0xFFFF, 0xFFFF, 0xFFDF, 0xD6BF, 0xAD5A, 0x9476, 0x73B3, 0x6351, 0x6331, 0x6311, 0x6310, 
    0x6310, 0x6310, 0x6310, 0x62EF, 0x5AF0, 0x5AF0, 0x62EF, 0x62CF, 0x5ACE, 0x5AEF, 0x5AEF, 0x4A8E, 0x4A6E, 0x528E, 0x52AE, 0x52AE, 
    0x4A8E, 0x4A8F, 0x4A8F, 0x4A6F, 0x4A6E, 0x4A6D, 0x4A6D, 0x4A4D, 0x4A4D, 0x4A4D, 0x4A2D, 0x10A3, 0x0041, 0x0841, 0x0841, 0x0841, 
    0x4B12, 0x4B12, 0x4B12, 0x4B11, 0x5312, 0x5312, 0x5332, 0x5B32, 0x5B32, 0x5332, 0x5B53, 0x5B33, 0x5B33, 0x6353, 0x6353, 0x6353, 
    0x6353, 0x5B73, 0x5B93, 0x6393, 0x6373, 0x6393, 0x6393, 0x6394, 0x6394, 0x6394, 0x6B94, 0x6B94, 0x6BB4, 0x6BB4, 0x6BB5, 0x6BB4, 
    0x6BD4, 0x73D4, 0x73D4, 0x73D4, 0x73D4, 0x73F4, 0x73D4, 0x73D5, 0x73D5, 0x73D5, 0x73D5, 0x7BF5, 0x7BF4, 0x73F5, 0x7C15, 0x7C15, 
    0x7C15, 0x7C15, 0x8436, 0x8457, 0x8477, 0x8496, 0x8C96, 0x8C97, 0x8C77, 0x8C77, 0x8C97, 0x8C97, 0x8C97, 0x8C97, 0x9498, 0x9498, 
    0x9497, 0x94B7, 0x94B7, 0x94B8, 0x94B8, 0x94B8, 0x94B8, 0x94B8, 0x94D8, 0x94D8, 0x94D8, 0x9CD8, 0x9CD8, 0x9CD8, 0x9CD8, 0x9CD8, 
    0x9CB8, 0x9CB8, 0x9CD8, 0x9CB8, 0x94B8, 0x94B8, 0x94B8, 0x94B7, 0x94B7, 0x9497, 0x9496, 0x9496, 0x8C96, 0x8C96, 0x8C76, 0x8C76, 
    0x8C76, 0x9496, 0x94B7, 0x9CD7, 0x9CB7, 0xDEBD, 0xF79F, 0xFFFF, 0xFFFF, 0xFFFF, 0xFFFF, 0xFFFF, 0xFFFF, 0xFFFF, 0xFFFF, 0xFFFF, 
    0xFFFF, 0xFFFF, 0xFFFF, 0xFFFF, 0xFFFF, 0xFFFF, 0xF77E, 0xC63C, 0x9497, 0x7392, 0x6B51, 0x6B51, 0x6331, 0x6311, 0x6311, 0x6310, 
    0x6310, 0x6310, 0x6310, 0x5AF0, 0x5AF0, 0x5AD0, 0x52CE, 0x4A8E, 0x4A6D, 0x4A6D, 0x528D, 0x4A4C, 0x422C, 0x4A6D, 0x52AE, 0x4AAE, 
    0x4A8E, 0x526E, 0x4A6E, 0x4A6E, 0x4A6E, 0x4A6E, 0x4A6E, 0x4A6E, 0x4A6E, 0x4A4D, 0x422D, 0x10A3, 0x0041, 0x0841, 0x0841, 0x0841, 
    0x5333, 0x5334, 0x5353, 0x5352, 0x5353, 0x5353, 0x5B73, 0x5B74, 0x5B74, 0x5B74, 0x5B94, 0x63B4, 0x6394, 0x63B4, 0x63B4, 0x6BB4, 
    0x6BB4, 0x63B4, 0x63B4, 0x6BB5, 0x6BB5, 0x6BB5, 0x6BB5, 0x6BB5, 0x6BB6, 0x73D6, 0x73D5, 0x73D5, 0x6BD5, 0x6BB5, 0x6BD5, 0x6BD5, 
    0x6BD5, 0x6BF5, 0x73F5, 0x73D4, 0x73F5, 0x73F5, 0x73D5, 0x73D5, 0x73D5, 0x73D5, 0x73F4, 0x7BD4, 0x7BF5, 0x7BF5, 0x7BF5, 0x8415, 
    0x7C15, 0x7C15, 0x7C36, 0x8436, 0x8456, 0x8456, 0x8456, 0x8C76, 0x8C77, 0x8C97, 0x8C97, 0x8C97, 0x8C97, 0x94B7, 0x94B8, 0x94B8, 
    0x94B8, 0x94B8, 0x94D8, 0x94D8, 0x94D8, 0x94D8, 0x94D9, 0x94D9, 0x94F8, 0x94F8, 0x9CF8, 0x9CF8, 0x9CF8, 0x9CD9, 0x9CD9, 0x9CF8, 
    0x9CD8, 0x9CF8, 0x9CF9, 0x9CD8, 0x9CD8, 0x9CD8, 0x9CD8, 0x9CB7, 0x9CB7, 0x9CB7, 0x94B7, 0x94B7, 0x8C97, 0x9496, 0x9496, 0x8C76, 
    0x8C96, 0x94B6, 0x94B7, 0x9CD7, 0xA4F8, 0xB55A, 0xCE1C, 0xEF3F, 0xFFDF, 0xFFFF, 0xFFFF, 0xFFFF, 0xFFFF, 0xFFFF, 0xFFFF, 0xFFFF, 
    0xFFFF, 0xFFFF, 0xFFFF, 0xFFFF, 0xF77E, 0xCE3A, 0x9CF6, 0x83F3, 0x6B70, 0x6B51, 0x6331, 0x6B31, 0x6330, 0x6310, 0x6311, 0x6330, 
    0x6330, 0x6330, 0x5AEF, 0x5ACF, 0x528F, 0x4A6E, 0x4A4C, 0x424C, 0x4A2C, 0x4A4C, 0x4A6D, 0x4A6D, 0x4A6D, 0x4A6E, 0x4A8E, 0x4A8D, 
    0x4A8D, 0x4A6D, 0x4A6D, 0x4A6D, 0x4A6D, 0x4A6D, 0x4A4D, 0x424C, 0x422C, 0x422B, 0x422B, 0x10A3, 0x0041, 0x0841, 0x0841, 0x0841, 
    0x5354, 0x5354, 0x5374, 0x5B73, 0x5B73, 0x5B73, 0x6394, 0x6395, 0x6395, 0x6394, 0x63B5, 0x63D5, 0x63D5, 0x63D4, 0x63D4, 0x6BD5, 
    0x6BD5, 0x6BD5, 0x6BD5, 0x6BD6, 0x6BD6, 0x6BD6, 0x73D6, 0x73D6, 0x73F6, 0x7BF6, 0x7BF6, 0x73F6, 0x73F6, 0x7416, 0x73F6, 0x73F6, 
    0x7417, 0x7417, 0x7416, 0x7416, 0x7415, 0x7415, 0x7415, 0x7C15, 0x7C15, 0x73F5, 0x7BF5, 0x7BF5, 0x7BF5, 0x7BF5, 0x7BF5, 0x7BF5, 
    0x7C15, 0x7C15, 0x7C35, 0x8436, 0x8436, 0x8C56, 0x8C56, 0x8C77, 0x8C77, 0x8C96, 0x8C96, 0x8C96, 0x8CB7, 0x94B7, 0x94B7, 0x94B7, 
    0x94B8, 0x94B8, 0x94D8, 0x94D8, 0x94D8, 0x94D8, 0x9CD9, 0x9CF9, 0x9CF9, 0x9CF9, 0x9CF9, 0x9CF9, 0x9CF9, 0x9CD9, 0x9CF9, 0x9CF8, 
    0x9CF8, 0x9CF9, 0x9CF9, 0x94F9, 0x9CD9, 0x9CD8, 0x9CD7, 0x9CD8, 0x9CB8, 0x9CB7, 0x9CB7, 0x9497, 0x9497, 0x9497, 0x9496, 0x8C76, 
    0x9496, 0x94B7, 0x9CB7, 0x9CD8, 0xA4F8, 0xAD39, 0xB5BB, 0xDEBF, 0xF79F, 0xFFFF, 0xFFFF, 0xFFFF, 0xFFFF, 0xFFFF, 0xFFFF, 0xFFFF, 
    0xFFFF, 0xFFFF, 0xF79E, 0xDEDC, 0xBD98, 0x7BD2, 0x7391, 0x7371, 0x6B50, 0x6B31, 0x6B31, 0x6B30, 0x6330, 0x6330, 0x6330, 0x6B51, 
    0x6351, 0x6330, 0x5ACF, 0x528D, 0x4A4D, 0x4A2C, 0x4A4C, 0x4A6D, 0x4A6D, 0x528E, 0x52CE, 0x52AE, 0x4A8E, 0x4A8E, 0x528E, 0x528E, 
    0x528E, 0x4A8D, 0x4A8D, 0x528D, 0x4A6C, 0x4A4C, 0x4A2C, 0x422B, 0x422B, 0x422A, 0x420A, 0x10A3, 0x0041, 0x0841, 0x0841, 0x0841, 
    0x5B74, 0x5B74, 0x5B94, 0x6394, 0x6394, 0x63B4, 0x63B5, 0x63B5, 0x63B5, 0x63D5, 0x6BD5, 0x6BD5, 0x6BD5, 0x73D6, 0x73D6, 0x73D6, 
    0x73D6, 0x73F6, 0x6BF6, 0x73F6, 0x73F6, 0x7416, 0x7416, 0x7416, 0x7417, 0x7C37, 0x7C37, 0x7C37, 0x7C37, 0x7C57, 0x7C37, 0x7C37, 
    0x7C37, 0x7C57, 0x7C57, 0x7C57, 0x7C37, 0x7C37, 0x7C57, 0x7C57, 0x7C37, 0x7C37, 0x7C37, 0x8437, 0x8417, 0x7C57, 0x7C57, 0x7C56, 
    0x7C56, 0x8457, 0x8457, 0x8477, 0x8477, 0x8477, 0x8497, 0x8498, 0x8C98, 0x8C98, 0x8CB8, 0x94B8, 0x94D8, 0x8CB8, 0x94B8, 0x94B8, 
    0x94B8, 0x94B8, 0x94D8, 0x94D9, 0x94D9, 0x94D9, 0x9CD9, 0x9CF9, 0x9CF9, 0x9CF9, 0x9CF9, 0x9CF9, 0x9CF9, 0x9CF9, 0x9CF9, 0x9D18, 
    0xA518, 0x9D18, 0x9D18, 0x9CF9, 0x9CF9, 0x9CF8, 0x9CF8, 0x9CD8, 0x94D8, 0x94B7, 0x94B7, 0x94B7, 0x94B7, 0x94B7, 0x8C96, 0x8C96, 
    0x9496, 0x94B7, 0x9CD8, 0x9CF8, 0x9D19, 0xAD3A, 0xBDDC, 0xDEFF, 0xF7BF, 0xFFFF, 0xFFFF, 0xFFFF, 0xFFFF, 0xFFFF, 0xFFFF, 0xFFDF, 
    0xE6DB, 0xBDB8, 0xAD36, 0x7BB2, 0x7391, 0x7392, 0x7352, 0x7351, 0x7331, 0x6B51, 0x6B30, 0x6331, 0x6330, 0x6330, 0x6B70, 0x73B2, 
    0x6B92, 0x6B72, 0x5AF1, 0x52AF, 0x526E, 0x4A6E, 0x52AE, 0x5ACF, 0x52D0, 0x52B0, 0x52AF, 0x528E, 0x528E, 0x528E, 0x528E, 0x526E, 
    0x4A6D, 0x4A4C, 0x4A4C, 0x4A4B, 0x422B, 0x422B, 0x422B, 0x420B, 0x41EA, 0x39E9, 0x39E9, 0x1082, 0x0041, 0x0841, 0x0841, 0x0841, 
    0x6395, 0x6395, 0x6394, 0x6BB4, 0x63B4, 0x63B4, 0x6BD6, 0x6BD6, 0x6BD6, 0x73F6, 0x6BF6, 0x6BF6, 0x6C16, 0x7416, 0x7416, 0x7416, 
    0x7416, 0x7416, 0x7C36, 0x7C16, 0x7417, 0x7C37, 0x7C37, 0x7C37, 0x7C37, 0x7C57, 0x7C57, 0x7C57, 0x7C37, 0x8457, 0x8457, 0x8457, 
    0x8457, 0x8477, 0x8477, 0x7C57, 0x8457, 0x8457, 0x8477, 0x8477, 0x8477, 0x8477, 0x8477, 0x8457, 0x8457, 0x8C57, 0x8C77, 0x8C77, 
    0x8C77, 0x8C77, 0x8C77, 0x8C97, 0x9498, 0x9498, 0x94B8, 0x94B8, 0x94D9, 0x94D9, 0x9CD9, 0x9CF9, 0x9CF9, 0x9CF9, 0x9CF9, 0x9CF9, 
    0x9CFA, 0x9CFA, 0x9CFA, 0x9D1A, 0xA51A, 0xA51A, 0xA51A, 0xA51A, 0xA51A, 0xA51A, 0xA51A, 0xA51A, 0xA51A, 0xA51A, 0x9D1A, 0x9D19, 
    0x9D19, 0xA519, 0xA519, 0x9D19, 0x9CF9, 0x9CF8, 0x94F8, 0x94D8, 0x9CD8, 0x94B7, 0x94B7, 0x9497, 0x9497, 0x9496, 0x9496, 0x9476, 
    0x9496, 0x9CB7, 0xA4F8, 0xA4F9, 0xA53A, 0xAD7B, 0xC5FD, 0xE6FF, 0xF7BF, 0xFFFF, 0xFFFF, 0xFFFF, 0xFFFF, 0xF75D, 0xC5F9, 0xAD57, 
    0x9433, 0x6B50, 0x7371, 0x7391, 0x7372, 0x6B72, 0x6B52, 0x6B51, 0x6331, 0x6B31, 0x6B31, 0x6B31, 0x6330, 0x6310, 0x730F, 0x6B50, 
    0x6B4F, 0x6B50, 0x6331, 0x5AF0, 0x5ACF, 0x5ACF, 0x5AEE, 0x5ACE, 0x5ACF, 0x5ACF, 0x52CE, 0x52AE, 0x528D, 0x524C, 0x4A2C, 0x422B, 
    0x420A, 0x41EA, 0x41EA, 0x420A, 0x420A, 0x420A, 0x3A0A, 0x39C9, 0x39C9, 0x39C9, 0x39C9, 0x1083, 0x0041, 0x0841, 0x0841, 0x0841, 
    0x63B5, 0x63B5, 0x63B5, 0x6BD5, 0x6BD5, 0x6BD5, 0x6BD6, 0x6BD6, 0x6BD6, 0x73D6, 0x73F6, 0x73F6, 0x7416, 0x7416, 0x7417, 0x7C17, 
    0x7C17, 0x7C17, 0x7C37, 0x7C37, 0x7C37, 0x7C57, 0x7C37, 0x7C37, 0x7C57, 0x7C57, 0x7C57, 0x7C77, 0x8457, 0x8457, 0x8477, 0x8478, 
    0x8457, 0x8477, 0x8498, 0x8477, 0x8477, 0x8497, 0x8497, 0x8497, 0x8498, 0x8498, 0x8497, 0x8497, 0x8497, 0x8C77, 0x8C97, 0x8C97, 
    0x8C78, 0x8C78, 0x8C98, 0x9498, 0x9498, 0x94B9, 0x94D9, 0x94D9, 0x94F9, 0x9CD9, 0x9CF9, 0x9D1A, 0xA51A, 0xA51A, 0xA51A, 0x9D1A, 
    0x9D3A, 0xA53A, 0xA51A, 0xA51A, 0xA53A, 0xA51B, 0xA51B, 0xA53B, 0xA53B, 0xA53B, 0xAD3B, 0xAD3B, 0xAD3B, 0xAD5B, 0xA55B, 0xA55B, 
    0xA53B, 0xAD3A, 0xA53B, 0xA51A, 0x9D1A, 0x9CFA, 0x9D19, 0x94F9, 0x94D9, 0x94D8, 0x94D8, 0x94B7, 0x9497, 0x9497, 0x9497, 0x9497, 
    0x94B7, 0x9CD8, 0xA4F8, 0xA519, 0xAD3A, 0xAD7B, 0xC61E, 0xEF3F, 0xFFDF, 0xFFFF, 0xFFFF, 0xEF3D, 0xD69B, 0xB598, 0x83F3, 0x7391, 
    0x7BB2, 0x73B2, 0x7391, 0x7372, 0x6B72, 0x6B71, 0x6351, 0x6B51, 0x6B30, 0x6B10, 0x6B10, 0x6B10, 0x6310, 0x62F0, 0x62EF, 0x5AEE, 
    0x5AEE, 0x5AEF, 0x5AEF, 0x5AEF, 0x5ACF, 0x5AAE, 0x5AAE, 0x5ACE, 0x5ACF, 0x5AAF, 0x528D, 0x4A6C, 0x422C, 0x41EB, 0x39EA, 0x41E9, 
    0x41EA, 0x39EA, 0x39E9, 0x3A0A, 0x39EA, 0x39EA, 0x39EA, 0x39CA, 0x31CA, 0x39EA, 0x39EA, 0x1083, 0x0041, 0x0841, 0x0841, 0x0841, 
    0x63B5, 0x63D5, 0x6BD5, 0x6BD5, 0x6BF6, 0x6BF6, 0x6BF6, 0x73D6, 0x73F6, 0x73F6, 0x7416, 0x7417, 0x7417, 0x7C17, 0x7C37, 0x7C37, 
    0x7C37, 0x7C57, 0x7C57, 0x7C57, 0x7C57, 0x7C57, 0x8477, 0x8477, 0x8477, 0x8477, 0x8477, 0x8477, 0x8478, 0x8C98, 0x8C98, 0x8C98, 
    0x8C98, 0x8C98, 0x8C98, 0x8C98, 0x8C97, 0x8C97, 0x8CB8, 0x94B8, 0x94B8, 0x9498, 0x94B8, 0x94B8, 0x94B8, 0x9497, 0x94B7, 0x9498, 
    0x94B8, 0x94B8, 0x94D9, 0x94D9, 0x94D9, 0x9CD9, 0x9CF9, 0x9CFA, 0x9D1A, 0x9D1A, 0xA51A, 0xA53A, 0xA53A, 0xA53A, 0xA53B, 0xA53B, 
    0xA53B, 0xAD5B, 0xAD5B, 0xA55B, 0xAD5B, 0xAD5B, 0xAD5B, 0xAD5B, 0xAD5B, 0xAD7B, 0xAD7B, 0xAD7B, 0xAD7B, 0xAD7B, 0xAD7B, 0xAD7B, 
    0xAD7B, 0xAD7B, 0xAD5B, 0xA55B, 0xAD5B, 0xAD3A, 0xA53A, 0xA53A, 0xA519, 0xA519, 0xA4F9, 0x9CD8, 0x9CD8, 0x9CD8, 0x9CB7, 0x9CD8, 
    0x9CD8, 0x9CF8, 0xA519, 0xA539, 0xAD7B, 0xB59C, 0xC61E, 0xDEDF, 0xDEDE, 0xD67C, 0xC5FA, 0x9CB5, 0x83F3, 0x73B2, 0x73D3, 0x73D2, 
    0x7392, 0x7372, 0x7392, 0x6B72, 0x6B51, 0x6330, 0x6310, 0x6310, 0x630F, 0x62EF, 0x62F0, 0x62F0, 0x62EF, 0x630F, 0x5AEF, 0x5AEF, 
    0x5AEF, 0x5ACE, 0x52AE, 0x5AEF, 0x6B10, 0x62CF, 0x528E, 0x4A6D, 0x4A6C, 0x422C, 0x39EA, 0x39C9, 0x31A8, 0x3188, 0x39C9, 0x39E9, 
    0x39EA, 0x39EA, 0x39EA, 0x39EA, 0x39E9, 0x39EA, 0x39EA, 0x31CB, 0x31EB, 0x39CA, 0x39EA, 0x1083, 0x0041, 0x0841, 0x0841, 0x0841, 
    0x6BD6, 0x6BD6, 0x6BF6, 0x6BF6, 0x6BF6, 0x7416, 0x7416, 0x7BF6, 0x7C17, 0x7416, 0x7C36, 0x7C37, 0x7C37, 0x7C37, 0x7C37, 0x7C57, 
    0x7C57, 0x7C57, 0x8458, 0x8458, 0x8457, 0x8477, 0x8477, 0x8477, 0x8497, 0x8498, 0x8498, 0x8C98, 0x8C99, 0x8C98, 0x8C98, 0x8CB8, 
    0x8CB8, 0x8CB8, 0x8CB8, 0x8C98, 0x94B8, 0x94B8, 0x94B8, 0x94B8, 0x94B8, 0x94D8, 0x94D8, 0x94B8, 0x94B8, 0x94B8, 0x94B8, 0x94B9, 
    0x94D9, 0x94D9, 0x9CD9, 0x9CFA, 0x9CFA, 0xA51A, 0x9D1A, 0x9D1A, 0x9D3A, 0xA53B, 0xA53B, 0xA53B, 0xA55B, 0xAD5B, 0xA55B, 0xA57B, 
    0xAD5B, 0xAD7B, 0xAD7B, 0xAD7B, 0xAD7C, 0xAD7C, 0xAD9C, 0xAD9C, 0xAD9C, 0xAD9C, 0xAD9C, 0xAD9C, 0xAD9C, 0xAD9C, 0xB59C, 0xB57C, 
    0xB59C, 0xB59C, 0xAD7C, 0xAD9C, 0xAD7B, 0xAD7B, 0xAD5B, 0xAD5A, 0xAD3A, 0xA53A, 0xA51A, 0xA519, 0x9D19, 0x9CF9, 0xA4F8, 0xA4F9, 
    0xA4F9, 0xA519, 0xA53A, 0xAD5A, 0xAD7B, 0xAD7A, 0xA559, 0xA4F8, 0x94B7, 0x8435, 0x7BD3, 0x73D3, 0x73D3, 0x73B3, 0x73B2, 0x7392, 
    0x7372, 0x6B72, 0x6B71, 0x6B51, 0x6B31, 0x6310, 0x6310, 0x630F, 0x630F, 0x62F0, 0x5AEF, 0x62F0, 0x62F0, 0x62EF, 0x5AEF, 0x6330, 
    0x6B50, 0x6350, 0x5AF0, 0x5ACF, 0x52CE, 0x4A6D, 0x422C, 0x39EB, 0x39CA, 0x31A8, 0x31A8, 0x2987, 0x2146, 0x2167, 0x39C9, 0x41EA, 
    0x3A0B, 0x3A0B, 0x39EB, 0x39EA, 0x39EA, 0x39EB, 0x39EB, 0x39CB, 0x39EB, 0x31EA, 0x31EA, 0x1083, 0x0041, 0x0841, 0x0841, 0x0841, 
    0x6BF6, 0x6BF6, 0x6BF6, 0x6BF6, 0x7416, 0x7436, 0x7436, 0x7C17, 0x7C17, 0x7C36, 0x7C36, 0x7C57, 0x7C57, 0x8457, 0x7C57, 0x7C77, 
    0x7C77, 0x8457, 0x8478, 0x8478, 0x8478, 0x8478, 0x8498, 0x8498, 0x8498, 0x8498, 0x8C98, 0x8CB8, 0x8C99, 0x8CB9, 0x8CB9, 0x8CB9, 
    0x8CB9, 0x8CB9, 0x94D9, 0x94D9, 0x94D9, 0x94D9, 0x94D9, 0x94D9, 0x94D9, 0x94D9, 0x94D9, 0x94D9, 0x94D9, 0x94D9, 0x94D9, 0x9CD9, 
    0x9CF9, 0x9CFA, 0x9CFA, 0x9CFA, 0x9D1A, 0x9D1A, 0xA53A, 0xA53B, 0xA53B, 0xA53B, 0xA55B, 0xA55B, 0xA55B, 0xAD7B, 0xAD5B, 0xAD7C, 
    0xAD9C, 0xAD9C, 0xAD9C, 0xAD9C, 0xAD9C, 0xAD9C, 0xAD9C, 0xAD9C, 0xAD9C, 0xB59C, 0xB5BC, 0xB5BC, 0xB5BC, 0xB5BC, 0xB59C, 0xB5BC, 
    0xB5BC, 0xB59C, 0xB59C, 0xB59C, 0xB59C, 0xAD7B, 0xAD7B, 0xAD7B, 0xAD5B, 0xAD5A, 0xAD3A, 0xA53A, 0xA519, 0xA519, 0xA519, 0xA519, 
    0xA519, 0xA519, 0xA539, 0xA539, 0x9CD7, 0x8C76, 0x8414, 0x7BF3, 0x7BD3, 0x7BD3, 0x73B2, 0x73B2, 0x73B2, 0x73B2, 0x7392, 0x6B92, 
    0x6B72, 0x7352, 0x7331, 0x6B51, 0x6B31, 0x6B30, 0x6310, 0x6310, 0x5AF0, 0x5AEF, 0x5ACF, 0x62EF, 0x5ACF, 0x5ACF, 0x5AEE, 0x632F, 
    0x630F, 0x5ACE, 0x4A6D, 0x422C, 0x420B, 0x39CA, 0x31C9, 0x31C9, 0x31C9, 0x39C9, 0x39C9, 0x29AA, 0x2167, 0x2167, 0x31CA, 0x3A0B, 
    0x422C, 0x39EB, 0x39CB, 0x31EA, 0x31EA, 0x39EA, 0x39CA, 0x39CA, 0x39CA, 0x31C9, 0x31C9, 0x0883, 0x0041, 0x0841, 0x0841, 0x0841, 
    0x6BF6, 0x6C16, 0x73F6, 0x73F6, 0x7436, 0x7436, 0x7437, 0x7C37, 0x7C37, 0x7C36, 0x7C57, 0x7C57, 0x7C57, 0x7C58, 0x8478, 0x8478, 
    0x8478, 0x8478, 0x8478, 0x8478, 0x8498, 0x8498, 0x8498, 0x8498, 0x8C98, 0x8CB8, 0x8CB8, 0x8CB9, 0x8CB9, 0x94B9, 0x94D9, 0x94D9, 
    0x94D9, 0x94D9, 0x94D9, 0x94F9, 0x94D9, 0x94DA, 0x94FA, 0x94DA, 0x94FA, 0x9CFA, 0x9CFA, 0x9CF9, 0x9CF9, 0x9CFA, 0x9CFA, 0x9CFA, 
    0x9D1A, 0x9D1B, 0x9D1B, 0x9D1B, 0x9D3B, 0xA53B, 0xA53B, 0xA53B, 0xA55C, 0xA55C, 0xA57C, 0xA57C, 0xAD7C, 0xAD7C, 0xAD7C, 0xAD9C, 
    0xAD9C, 0xAD9C, 0xAD9C, 0xAD9C, 0xB5BC, 0xB5BC, 0xB5BD, 0xB5BD, 0xB5BD, 0xB5BD, 0xB5DD, 0xB5DC, 0xB5BC, 0xB5BC, 0xB5BD, 0xB5BD, 
    0xB5BD, 0xB5BD, 0xB5BD, 0xB5BC, 0xB59C, 0xAD9C, 0xB59C, 0xB59C, 0xB57C, 0xAD7B, 0xAD5B, 0xAD5B, 0xA53A, 0xA53A, 0xA53A, 0xA53A, 
    0xA4F8, 0x9CD8, 0x9495, 0x8434, 0x8413, 0x7BF3, 0x7BD2, 0x7BB2, 0x7BB2, 0x73B2, 0x7392, 0x6B92, 0x7392, 0x7371, 0x6B71, 0x6B71, 
    0x6B71, 0x6B51, 0x6B31, 0x6B50, 0x6330, 0x630F, 0x62EF, 0x5AEF, 0x5AEF, 0x5ACF, 0x5ACF, 0x5ACE, 0x52CE, 0x52AE, 0x526D, 0x526C, 
    0x4A2B, 0x420A, 0x39EA, 0x39C9, 0x39EA, 0x39CA, 0x39EA, 0x39EB, 0x3A0B, 0x420B, 0x420B, 0x31CA, 0x2987, 0x2986, 0x31EA, 0x3A0B, 
    0x420B, 0x39EB, 0x39CB, 0x31CA, 0x31CA, 0x31EA, 0x39CA, 0x39C9, 0x39C9, 0x31A9, 0x31A9, 0x1083, 0x0041, 0x0841, 0x0841, 0x0841, 
    0x7416, 0x7417, 0x7417, 0x7437, 0x7437, 0x7437, 0x7C37, 0x7C37, 0x7C57, 0x7C57, 0x7C57, 0x7C57, 0x8478, 0x8458, 0x8458, 0x8478, 
    0x8478, 0x8498, 0x8498, 0x8498, 0x8C98, 0x8C98, 0x8CB8, 0x8CB8, 0x8CB8, 0x8CB8, 0x8CB9, 0x94B9, 0x94D9, 0x94D9, 0x94D9, 0x94F9, 
    0x94DA, 0x94DA, 0x94DA, 0x9CDA, 0x94FA, 0x94FA, 0x9CFA, 0x9CFA, 0x9D1A, 0x9D1A, 0x9D1A, 0x9D1A, 0x9D1A, 0x9D1B, 0x9D1B, 0x9D1B, 
    0x9D3B, 0xA53B, 0xA53B, 0xA53B, 0xA55B, 0xA55B, 0xA55B, 0xA55B, 0xA57C, 0xAD7C, 0xAD7C, 0xAD7C, 0xAD9C, 0xAD9C, 0xAD9C, 0xAD9C, 
    0xB59C, 0xB5BC, 0xB5BD, 0xB59D, 0xB5BD, 0xB5BD, 0xB5BD, 0xB5DD, 0xB5DD, 0xB5DD, 0xB5DD, 0xB5DD, 0xB5DD, 0xB5DD, 0xB5DD, 0xBDDE, 
    0xBDDE, 0xBDDD, 0xBDDD, 0xBDDD, 0xBDBD, 0xB5BD, 0xB5BD, 0xB5BC, 0xB59C, 0xB59C, 0xAD9B, 0xAD7B, 0xAD7B, 0xAD5A, 0xAD3A, 0xAD1A, 
    0x9CB7, 0x8C35, 0x7BF3, 0x73D3, 0x73B2, 0x73B2, 0x7392, 0x7371, 0x7371, 0x7371, 0x7371, 0x6B71, 0x6B71, 0x6B71, 0x6B51, 0x6B51, 
    0x6B50, 0x6B30, 0x6B30, 0x630F, 0x5B0F, 0x5ACE, 0x52AE, 0x5AAD, 0x5ACE, 0x5AAE, 0x52AE, 0x4A4C, 0x41EB, 0x41CA, 0x39C8, 0x39C9, 
    0x39EA, 0x39EA, 0x3A0B, 0x3A0B, 0x422B, 0x422B, 0x422C, 0x422C, 0x422B, 0x420B, 0x3A0A, 0x39EA, 0x31A8, 0x3187, 0x39CA, 0x41EB, 
    0x39EA, 0x39EA, 0x39E9, 0x39CA, 0x39CA, 0x39C9, 0x39CA, 0x39CA, 0x39AA, 0x39CA, 0x39AA, 0x1083, 0x0041, 0x0841, 0x0841, 0x0841, 
    0x7437, 0x7C37, 0x7C37, 0x7C37, 0x7C37, 0x7C37, 0x7C37, 0x7C57, 0x7C57, 0x7C57, 0x7C77, 0x7C77, 0x8478, 0x8478, 0x8478, 0x8478, 
    0x8498, 0x8498, 0x8498, 0x84B8, 0x8CB8, 0x8CB9, 0x8CB9, 0x8CB9, 0x8CB9, 0x8CB9, 0x8CD9, 0x94D9, 0x94D9, 0x94D9, 0x94FA, 0x94FA, 
    0x94FA, 0x9519, 0x94FA, 0x94FA, 0x9D1A, 0x9D1A, 0x9D1B, 0x9D1B, 0x9D1B, 0x9D1B, 0x9D1B, 0x9D3B, 0x9D3B, 0xA53B, 0xA53B, 0xA53C, 
    0xA53C, 0xA53C, 0xA55C, 0xA55C, 0xA55C, 0xAD7C, 0xAD7C, 0xAD9C, 0xAD9C, 0xAD9C, 0xAD7D, 0xAD9D, 0xAD9C, 0xB5BC, 0xB5BD, 0xB5BD, 
    0xB5BD, 0xB5BD, 0xB5DD, 0xB5DD, 0xBDDD, 0xBDDD, 0xBDDD, 0xB5DD, 0xB5DD, 0xB5FD, 0xBDFD, 0xBDDE, 0xBDFE, 0xBDDD, 0xBDFE, 0xBDFE, 
    0xBDFE, 0xB5FD, 0xBDFD, 0xBDDE, 0xBDDE, 0xBDDE, 0xBDDD, 0xBDDD, 0xBDBC, 0xB5BC, 0xB5BC, 0xB59C, 0xB57C, 0xAD7C, 0xAD5A, 0xA53A, 
    0x94D7, 0x8C56, 0x8435, 0x7C14, 0x7C15, 0x7BF5, 0x73D4, 0x73B3, 0x6BB3, 0x6BB3, 0x73B2, 0x6B92, 0x6B72, 0x7372, 0x6B72, 0x6B52, 
    0x6B52, 0x6B51, 0x6350, 0x5AF0, 0x5B10, 0x5AF0, 0x5AEF, 0x5ACF, 0x5ACF, 0x5ACE, 0x52AE, 0x4A6D, 0x31CA, 0x2968, 0x3166, 0x3A0A, 
    0x424C, 0x424C, 0x4A4C, 0x4A4C, 0x4A4C, 0x4A4C, 0x4A2C, 0x422C, 0x422C, 0x420C, 0x422B, 0x420B, 0x39CA, 0x31A9, 0x39CA, 0x41EA, 
    0x39EA, 0x39EB, 0x39EB, 0x39EA, 0x39CA, 0x31EA, 0x31EA, 0x31EB, 0x31EB, 0x31EB, 0x39EB, 0x1083, 0x0041, 0x0841, 0x0841, 0x0841, 
    0x7437, 0x7437, 0x7C37, 0x7C37, 0x7C37, 0x7C37, 0x7C57, 0x7C57, 0x7C78, 0x7C58, 0x8458, 0x8478, 0x8478, 0x8498, 0x8498, 0x8498, 
    0x8498, 0x8C98, 0x8C98, 0x8C98, 0x8CB9, 0x8CB9, 0x8CB9, 0x8CB9, 0x94D9, 0x94D9, 0x94D9, 0x94D9, 0x94D9, 0x94F9, 0x94FA, 0x94FA, 
    0x94FA, 0x9CFA, 0x9D1A, 0x9D1B, 0x9D1B, 0x9D1A, 0x9D1B, 0x9D1B, 0x9D1B, 0x9D3B, 0xA53B, 0xA53B, 0xA53B, 0xA55B, 0xA55B, 0xA55C, 
    0xAD5C, 0xAD5C, 0xAD5C, 0xAD7C, 0xAD7C, 0xAD7C, 0xAD9C, 0xAD9C, 0xAD9C, 0xB59C, 0xB59D, 0xB5BD, 0xB5BD, 0xB5BD, 0xB5BD, 0xB5BD, 
    0xB5DD, 0xB5DD, 0xB5DD, 0xBDDD, 0xBDDE, 0xBDDD, 0xBDDD, 0xBDFD, 0xBDFE, 0xBDFE, 0xBDFE, 0xBDFE, 0xBDFE, 0xBDFD, 0xBDFE, 0xBDFE, 
    0xBDFE, 0xBDFE, 0xBDFE, 0xBDFE, 0xBDFE, 0xBDDE, 0xBDFE, 0xBDDD, 0xBDBD, 0xB5BD, 0xB5BD, 0xB59D, 0xB59C, 0xAD9B, 0xB57B, 0xAD5A, 
    0x9CF9, 0x94B8, 0x8C55, 0x8435, 0x8415, 0x8415, 0x83F4, 0x83F4, 0x7BD4, 0x73D3, 0x7BD3, 0x7BD2, 0x73B2, 0x73B3, 0x73B3, 0x7392, 
    0x7392, 0x6B92, 0x6B71, 0x6B51, 0x6B51, 0x6331, 0x6310, 0x6310, 0x62F0, 0x62EF, 0x5AEE, 0x52AE, 0x424D, 0x31A9, 0x2967, 0x3A2B, 
    0x426D, 0x4A6D, 0x4A6C, 0x4A6C, 0x4A6C, 0x424C, 0x4A4D, 0x4A2D, 0x4A2C, 0x4A2C, 0x422B, 0x422B, 0x41EA, 0x39A9, 0x39CA, 0x39EA, 
    0x41EA, 0x41EA, 0x39EA, 0x39EA, 0x39EA, 0x39EB, 0x39EB, 0x3A0B, 0x3A0B, 0x3A0B, 0x3A0B, 0x10A3, 0x0041, 0x0841, 0x0841, 0x0841, 
    0x7437, 0x7C57, 0x7C57, 0x7C57, 0x7C57, 0x7C57, 0x7C78, 0x7C78, 0x8478, 0x8477, 0x8478, 0x8498, 0x8498, 0x8C98, 0x8C98, 0x8C98, 
    0x8CB8, 0x8CB9, 0x8CB9, 0x8CB9, 0x8CB9, 0x94B9, 0x94D9, 0x94D9, 0x94DA, 0x94DA, 0x94DA, 0x94FA, 0x94FA, 0x94FA, 0x94FA, 0x9CFA, 
    0x9CFA, 0x9D1B, 0x9D1B, 0x9D1B, 0x9D3B, 0x9D3B, 0xA53B, 0xA53B, 0xA53B, 0xA55B, 0xA55C, 0xA55C, 0xA55C, 0xA55C, 0xA55C, 0xAD7C, 
    0xAD7C, 0xAD7D, 0xAD7D, 0xAD7D, 0xAD9D, 0xAD9D, 0xB59C, 0xB59D, 0xB5BD, 0xB5BD, 0xB5BD, 0xB5DD, 0xB5DE, 0xB5DE, 0xB5DE, 0xB5DE, 
    0xB5DE, 0xBDDE, 0xBDDE, 0xBDFE, 0xBDDE, 0xBDFE, 0xBDFE, 0xBDFE, 0xBDFF, 0xBDFF, 0xBDFF, 0xBE1E, 0xBE1E, 0xC5FE, 0xC61E, 0xC61E, 
    0xC61E, 0xC61F, 0xC61F, 0xC61F, 0xC61F, 0xC5FE, 0xBDFE, 0xBDFE, 0xBDDE, 0xBDDE, 0xBDDD, 0xBDBD, 0xB5BD, 0xB5BC, 0xB57B, 0xAD7B, 
    0xAD3A, 0xA4F9, 0x8C96, 0x8C55, 0x8435, 0x8435, 0x8414, 0x8415, 0x83F4, 0x83F4, 0x83F3, 0x83F4, 0x83F4, 0x83F4, 0x83D4, 0x83D3, 
    0x83D3, 0x7BD3, 0x7BB3, 0x7392, 0x7BD3, 0x6B72, 0x6B51, 0x6B51, 0x6B31, 0x6330, 0x6330, 0x5B10, 0x4A8E, 0x39EB, 0x2988, 0x424C, 
    0x52AE, 0x528E, 0x528E, 0x4A8D, 0x4A8D, 0x4A8D, 0x4A8D, 0x426D, 0x4A4C, 0x4A4C, 0x4A4C, 0x526D, 0x4A2B, 0x39E9, 0x39EA, 0x420B, 
    0x420B, 0x41EB, 0x41EB, 0x3A0B, 0x420B, 0x420C, 0x420C, 0x420C, 0x3A0B, 0x3A0C, 0x3A0C, 0x10A3, 0x0041, 0x0841, 0x0841, 0x0841, 
    0x7C57, 0x7C57, 0x7C57, 0x8477, 0x7C77, 0x7C77, 0x7C78, 0x7C78, 0x7C98, 0x8497, 0x8497, 0x8498, 0x8498, 0x84B9, 0x84B8, 0x8C99, 
    0x8CB9, 0x8CB9, 0x8CB9, 0x8CB9, 0x8CD9, 0x94D9, 0x94D9, 0x94D9, 0x94DA, 0x94DA, 0x94FA, 0x94FA, 0x94FA, 0x94FA, 0x9D1B, 0x9D1B, 
    0x9D1B, 0x9D3B, 0x9D3B, 0x9D3B, 0x9D3B, 0xA53B, 0xA55B, 0xA55C, 0xA55C, 0xA55C, 0xA55C, 0xA57C, 0xA57C, 0xAD7C, 0xAD7C, 0xAD7C, 
    0xAD9C, 0xAD9C, 0xAD9C, 0xAD9D, 0xAD9E, 0xB5BD, 0xB5BD, 0xB5BE, 0xB5BE, 0xB5DE, 0xB5DE, 0xB5DE, 0xB5DE, 0xB5DE, 0xB5DE, 0xB5DE, 
    0xBDDE, 0xBDFE, 0xBDFE, 0xBDFE, 0xBDFE, 0xBDFE, 0xBDFE, 0xBDFF, 0xBDFF, 0xC5FF, 0xC61F, 0xC61F, 0xC61F, 0xC61F, 0xC61F, 0xC61E, 
    0xC61F, 0xC61F, 0xC61F, 0xC61F, 0xC5FF, 0xC5FF, 0xC61E, 0xC61E, 0xBDFE, 0xBDFE, 0xBDFD, 0xBDDD, 0xBDDD, 0xB5BC, 0xB5BC, 0xAD9B, 
    0xAD7B, 0xA53A, 0x9CB7, 0x9456, 0x8C55, 0x8C55, 0x8C35, 0x8414, 0x8414, 0x8414, 0x8414, 0x83F3, 0x83F4, 0x8414, 0x7BF4, 0x83F3, 
    0x83F3, 0x83F3, 0x83D3, 0x7BF3, 0x8414, 0x73B2, 0x7391, 0x7391, 0x7371, 0x6B71, 0x6B51, 0x6351, 0x4AAE, 0x39EA, 0x31A8, 0x4A8C, 
    0x5B0F, 0x5B0F, 0x5ACF, 0x52AE, 0x528E, 0x528E, 0x4A6D, 0x4A4C, 0x4A6D, 0x4A6D, 0x526C, 0x526D, 0x4A4C, 0x422B, 0x422B, 0x422B, 
    0x420B, 0x420B, 0x420C, 0x420B, 0x420B, 0x422C, 0x422C, 0x3A2C, 0x422C, 0x420C, 0x422C, 0x10A3, 0x0041, 0x0841, 0x0841, 0x0841, 
    0x7C57, 0x7C57, 0x7C58, 0x7C58, 0x7C78, 0x7C98, 0x8498, 0x8498, 0x8498, 0x8478, 0x8498, 0x8498, 0x8499, 0x8C99, 0x8CB9, 0x8CB9, 
    0x8CB9, 0x8CB9, 0x94B9, 0x94DA, 0x94DA, 0x94DA, 0x94F9, 0x94FA, 0x94FA, 0x94FA, 0x94FA, 0x9CFA, 0x9CFA, 0x9D1B, 0x9D1B, 0x9D1B, 
    0x9D3B, 0x9D3B, 0x9D3B, 0x9D3B, 0xA55B, 0xA55C, 0xA55C, 0xA55C, 0xA55C, 0xA55C, 0xA57C, 0xAD7C, 0xAD7C, 0xAD9C, 0xAD9D, 0xAD9D, 
    0xAD9D, 0xAD9D, 0xB5BD, 0xB5BD, 0xB5BE, 0xB5BD, 0xB5DD, 0xB5DE, 0xB5DE, 0xB5DE, 0xB5DE, 0xBDDE, 0xBDDE, 0xBDDF, 0xBDFF, 0xBDFF, 
    0xBDFF, 0xBE1F, 0xBDFF, 0xBDFF, 0xBE1E, 0xC61F, 0xC61F, 0xC61F, 0xC61F, 0xC61F, 0xC61F, 0xC61F, 0xC61F, 0xC61F, 0xC63F, 0xC61F, 
    0xC61F, 0xC61F, 0xC63F, 0xC61F, 0xC61F, 0xC61F, 0xC61F, 0xC61E, 0xBE1F, 0xC5FE, 0xC5FE, 0xC5FE, 0xBDDD, 0xBDDD, 0xBDBC, 0xB59B, 
    0xB59B, 0xAD5A, 0xA4F9, 0x9497, 0x8C75, 0x8C75, 0x8C55, 0x8435, 0x8435, 0x8435, 0x8435, 0x8414, 0x8414, 0x8414, 0x8414, 0x8414, 
    0x7BF4, 0x83F4, 0x83F4, 0x83F4, 0x8434, 0x7BB3, 0x7392, 0x7392, 0x73B2, 0x7392, 0x6B72, 0x6B51, 0x5AAF, 0x422C, 0x39E9, 0x4A8D, 
    0x530F, 0x530F, 0x4AAD, 0x4A6C, 0x4A6C, 0x4A6D, 0x4A6D, 0x4A6D, 0x4A8D, 0x52AD, 0x528D, 0x528D, 0x526C, 0x4A2C, 0x422C, 0x422B, 
    0x3A0B, 0x3A0C, 0x3A0C, 0x3A0B, 0x3A2C, 0x422B, 0x422B, 0x422C, 0x422C, 0x4A4C, 0x4A4D, 0x10A3, 0x0041, 0x0841, 0x0841, 0x0841, 
    0x7C78, 0x7C78, 0x7C78, 0x7C78, 0x7C98, 0x7C98, 0x8498, 0x8498, 0x8498, 0x8498, 0x84B8, 0x84B9, 0x84B9, 0x8CB9, 0x8CB9, 0x8CB9, 
    0x8CB9, 0x8CB9, 0x94D9, 0x94D9, 0x94DA, 0x94DA, 0x94FA, 0x94FA, 0x94FA, 0x94FA, 0x94FA, 0x951A, 0x9D1B, 0x9D1B, 0x9D3B, 0x9D3B, 
    0x9D3C, 0x9D3C, 0x9D3B, 0xA55B, 0xA55C, 0xA55C, 0xAD5C, 0xAD5C, 0xA57C, 0xA57C, 0xAD7D, 0xAD9D, 0xAD9D, 0xAD9E, 0xADBE, 0xADBD, 
    0xADBD, 0xB5BD, 0xB5BE, 0xB5DE, 0xB5DE, 0xB5DE, 0xB5DF, 0xB5DF, 0xB5FF, 0xB5FF, 0xBDDF, 0xBDFF, 0xBDFF, 0xBDFF, 0xBDFF, 0xBE1F, 
    0xBE1F, 0xC61F, 0xC61F, 0xBE1F, 0xC5FF, 0xC61F, 0xC61F, 0xC61F, 0xC61F, 0xC61F, 0xC61F, 0xC63F, 0xC63F, 0xC63F, 0xC63F, 0xC63F, 
    0xC63F, 0xC63F, 0xC63F, 0xC63F, 0xC63F, 0xC63F, 0xC61F, 0xC61F, 0xC61F, 0xC61F, 0xC5FF, 0xC5FE, 0xBDFE, 0xBDDD, 0xB5DD, 0xB5BC, 
    0xB5BC, 0xAD9B, 0xA55A, 0x94D8, 0x9496, 0x8C76, 0x8C55, 0x8455, 0x8455, 0x8435, 0x8C35, 0x8415, 0x8415, 0x8414, 0x8414, 0x8414, 
    0x8414, 0x8414, 0x8414, 0x7C14, 0x8455, 0x7BD4, 0x73B3, 0x73B3, 0x73B2, 0x6B92, 0x6B92, 0x7372, 0x62F0, 0x4A6D, 0x3A0A, 0x4A8D, 
    0x52CE, 0x52CE, 0x4A8E, 0x4A6D, 0x4A6D, 0x52AD, 0x52AE, 0x52CF, 0x52EE, 0x52CE, 0x5A8E, 0x5A8E, 0x526D, 0x4A4C, 0x424C, 0x424C, 
    0x3A2B, 0x3A0B, 0x3A0B, 0x3A2B, 0x424C, 0x4A4D, 0x4A4D, 0x4A6D, 0x4A6E, 0x4A8E, 0x4A8D, 0x10A3, 0x0021, 0x0841, 0x0841, 0x0841, 
    0x7C78, 0x7C78, 0x7C98, 0x7C98, 0x8498, 0x8498, 0x8498, 0x8499, 0x84B9, 0x8498, 0x8CB8, 0x8CB9, 0x8CB9, 0x8CB9, 0x8CB9, 0x8478, 
    0x8477, 0x8497, 0x8497, 0x8C97, 0x8C97, 0x8C98, 0x8CB8, 0x8CB8, 0x8CD9, 0x8CD8, 0x94D8, 0x94D9, 0x9D1B, 0x9D1B, 0x9D3B, 0x9D5B, 
    0x9D3C, 0xA53C, 0xA55C, 0xA55C, 0xA55C, 0xA57C, 0xA57C, 0xAD7D, 0xAD7D, 0xAD9D, 0xAD9D, 0xB5BD, 0xB59E, 0xADBE, 0xB5BE, 0xB5DD, 
    0xB5BE, 0xB5DE, 0xB5DE, 0xB5DE, 0xB5DE, 0xB5FE, 0xBDFF, 0xBDFF, 0xBDFF, 0xBDFF, 0xBDFF, 0xBE1F, 0xBE1F, 0xBE1F, 0xC61F, 0xC61F, 
    0xC61F, 0xC61F, 0xC61F, 0xC61F, 0xC61F, 0xC61F, 0xC61F, 0xC61F, 0xC61F, 0xC63F, 0xC63F, 0xC63F, 0xC63F, 0xCE3F, 0xCE3F, 0xCE3F, 
    0xCE3F, 0xCE5F, 0xCE5F, 0xCE5F, 0xCE3F, 0xCE5F, 0xC65F, 0xCE3F, 0xCE3F, 0xCE1F, 0xC61F, 0xC61F, 0xC61E, 0xBDFE, 0xBDFE, 0xBDDD, 
    0xB5BD, 0xB5BD, 0xAD7B, 0x9D19, 0x94B7, 0x9497, 0x9476, 0x8C55, 0x8C55, 0x8435, 0x8455, 0x8435, 0x8435, 0x8415, 0x8415, 0x8435, 
    0x8435, 0x8435, 0x8435, 0x8435, 0x8C55, 0x7BD3, 0x7BB2, 0x7BB2, 0x7B92, 0x7392, 0x7392, 0x7392, 0x6311, 0x528E, 0x4A4B, 0x5ACE, 
    0x632F, 0x632F, 0x630F, 0x630F, 0x5B0F, 0x630F, 0x630F, 0x630F, 0x62EE, 0x5ACE, 0x5AAE, 0x5A8E, 0x52AD, 0x4A4C, 0x424D, 0x426D, 
    0x426D, 0x426C, 0x426C, 0x426D, 0x4A8E, 0x528E, 0x528E, 0x528E, 0x528E, 0x528F, 0x4A8E, 0x10A4, 0x0021, 0x0841, 0x0841, 0x0841, 
    0x7C98, 0x7C98, 0x7C98, 0x8498, 0x8498, 0x8498, 0x8499, 0x8C99, 0x8CB9, 0x8CB8, 0x8CB8, 0x94B9, 0x94B9, 0x8CBA, 0x8CB9, 0x7C57, 
    0x7C16, 0x7C36, 0x7C56, 0x7C36, 0x7C16, 0x8436, 0x8436, 0x8436, 0x8477, 0x8477, 0x8476, 0x8C97, 0x94F9, 0x9D3A, 0x9D3B, 0x9D3C, 
    0x9D5C, 0xA55C, 0xA55C, 0xA55C, 0xA57C, 0xA57C, 0xAD7D, 0xAD7E, 0xAD9D, 0xAD9D, 0xADBD, 0xADBD, 0xADBD, 0xB5BE, 0xB5BE, 0xB5DE, 
    0xB5DE, 0xB5DE, 0xB5DE, 0xB5DE, 0xB5FE, 0xB5FF, 0xBDFF, 0xBDFF, 0xBDFF, 0xBDFF, 0xBE1F, 0xBE1F, 0xBE1F, 0xBE1F, 0xC61F, 0xC61F, 
    0xC61F, 0xC61F, 0xC61F, 0xC61F, 0xC63F, 0xC63F, 0xC63F, 0xC63F, 0xC63F, 0xC63F, 0xC63F, 0xC63F, 0xCE3F, 0xCE3F, 0xCE3F, 0xCE3F, 
    0xCE3F, 0xCE5F, 0xCE5F, 0xCE5F, 0xCE5F, 0xC65F, 0xC65F, 0xCE5F, 0xCE3F, 0xCE3F, 0xCE1F, 0xC61F, 0xC61F, 0xC5FE, 0xBDFE, 0xBDFE, 
    0xBDBD, 0xB5BD, 0xB59C, 0xA53A, 0x9CF9, 0x94B8, 0x9476, 0x8C56, 0x8C55, 0x8C55, 0x8C55, 0x8C35, 0x8C35, 0x8C35, 0x8C35, 0x8C35, 
    0x8C35, 0x8435, 0x8435, 0x8C35, 0x9475, 0x83F3, 0x7BB2, 0x7BD2, 0x73B2, 0x73B2, 0x7392, 0x7392, 0x6B10, 0x5A8E, 0x4A6D, 0x5AEF, 
    0x6B50, 0x6B50, 0x6B30, 0x632F, 0x632F, 0x630F, 0x5AEE, 0x5AEE, 0x5ACD, 0x5AAD, 0x528D, 0x5AAD, 0x5ACE, 0x528D, 0x4A6D, 0x4A8E, 
    0x4A8E, 0x4A8E, 0x4A8E, 0x4A8D, 0x4AAE, 0x52AF, 0x52AF, 0x528F, 0x52AF, 0x52AE, 0x52AF, 0x10C4, 0x0021, 0x0841, 0x0841, 0x0841, 
    0x7C78, 0x8498, 0x8498, 0x8498, 0x8498, 0x8499, 0x8C99, 0x8C99, 0x8C99, 0x8CB8, 0x8CB8, 0x8CD9, 0x8CD9, 0x8CFA, 0x84D9, 0x7C57, 
    0x7C36, 0x7C37, 0x7C37, 0x73F6, 0x6BD4, 0x6BD5, 0x6BB5, 0x73D5, 0x8477, 0x8477, 0x8457, 0x8C98, 0x94D9, 0xA53B, 0x9D3B, 0xA55C, 
    0xAD5C, 0xA55C, 0xA57C, 0xAD7C, 0xAD7C, 0xAD9C, 0xAD9D, 0xAD9E, 0xAD9D, 0xADBD, 0xADBD, 0xB5BD, 0xB5BD, 0xB5BE, 0xB5DE, 0xB5BE, 
    0xB5DE, 0xB5DE, 0xB5FE, 0xBDFE, 0xBDFE, 0xBDFF, 0xBDFF, 0xBE1F, 0xBE1F, 0xC61F, 0xC61F, 0xC61F, 0xC61F, 0xC61F, 0xC61F, 0xC61F, 
    0xC61F, 0xC63F, 0xC63F, 0xC63F, 0xCE3F, 0xCE3F, 0xC63F, 0xC63F, 0xC63F, 0xC63F, 0xCE5F, 0xCE5F, 0xCE5F, 0xCE5F, 0xCE5F, 0xCE5F, 
    0xCE5F, 0xCE7F, 0xCE5F, 0xCE5F, 0xCE5F, 0xCE5F, 0xCE5F, 0xCE5F, 0xCE3F, 0xCE3F, 0xCE3F, 0xCE3F, 0xC61F, 0xC61E, 0xC5FE, 0xBDFE, 
    0xBDDD, 0xBDDC, 0xB5DC, 0xAD7B, 0xA51A, 0x9CD9, 0x9497, 0x8C76, 0x8C75, 0x8C55, 0x8C55, 0x8C35, 0x8C35, 0x8C35, 0x8C35, 0x8C35, 
    0x8C35, 0x8C35, 0x8C35, 0x8C34, 0x9475, 0x8414, 0x7BD3, 0x7BD2, 0x7BD2, 0x73B2, 0x7392, 0x73B2, 0x6330, 0x5ACE, 0x528D, 0x5ACE, 
    0x6330, 0x630F, 0x5B0F, 0x5AEF, 0x5ACE, 0x5AEE, 0x52CF, 0x52CF, 0x52EF, 0x52CE, 0x5ACE, 0x5AEF, 0x62EE, 0x5ACD, 0x52CE, 0x5AEF, 
    0x52CF, 0x52AF, 0x52AF, 0x528E, 0x52AF, 0x5AAF, 0x5ACF, 0x52CF, 0x52CF, 0x52CE, 0x52CE, 0x10C4, 0x0021, 0x0841, 0x0841, 0x0841, 
    0x8478, 0x8498, 0x8498, 0x84B8, 0x8499, 0x8499, 0x8CB9, 0x8CB9, 0x8CB9, 0x8CB8, 0x8CD8, 0x8CD9, 0x8CD9, 0x8CF9, 0x94D9, 0x7C57, 
    0x7C36, 0x7C36, 0x7C36, 0x7416, 0x5BB5, 0x63B5, 0x6BB5, 0x73D5, 0x8497, 0x8497, 0x8C98, 0x8CB8, 0x94FA, 0xA55B, 0xA55B, 0xA55C, 
    0xAD5C, 0xA57C, 0xA57C, 0xAD7C, 0xAD7D, 0xAD9D, 0xAD9D, 0xADBD, 0xADBD, 0xADBD, 0xB5BD, 0xB5DE, 0xB5DE, 0xB5DE, 0xB5DE, 0xB5DE, 
    0xB5FE, 0xBDFF, 0xBDFF, 0xBDFF, 0xBDFF, 0xBDFF, 0xC61F, 0xC61F, 0xC61F, 0xC61F, 0xC61F, 0xC61F, 0xC61F, 0xC63F, 0xC63F, 0xC63F, 
    0xC63F, 0xC63F, 0xC63F, 0xCE3F, 0xCE3F, 0xCE3F, 0xCE3F, 0xCE3F, 0xCE3F, 0xCE5F, 0xCE5F, 0xCE5F, 0xCE5F, 0xCE5F, 0xCE5F, 0xCE5F, 
    0xCE5F, 0xCE5F, 0xCE7F, 0xCE5F, 0xCE5F, 0xCE5F, 0xCE5F, 0xCE5F, 0xCE5F, 0xCE3F, 0xCE3F, 0xCE3F, 0xCE1F, 0xC61F, 0xC61F, 0xC5FE, 
    0xBDFD, 0xBDFD, 0xBDDC, 0xB59C, 0xAD3A, 0xA4F9, 0x9CB7, 0x9496, 0x8C76, 0x8C75, 0x8C55, 0x8C55, 0x8C55, 0x8C55, 0x8C35, 0x8C35, 
    0x8C55, 0x8C55, 0x8C55, 0x8C54, 0x9496, 0x8414, 0x7BD3, 0x7BD2, 0x7BD2, 0x7BD3, 0x73B3, 0x7BB2, 0x6B30, 0x5ACE, 0x528D, 0x52CE, 
    0x5B0F, 0x5B0F, 0x5B0F, 0x5AEF, 0x5AF0, 0x5B10, 0x6310, 0x6310, 0x6330, 0x6310, 0x62EF, 0x6B10, 0x630F, 0x52CD, 0x52CD, 0x6370, 
    0x6B92, 0x5AD0, 0x52CF, 0x52AE, 0x52EF, 0x5AEF, 0x5AEF, 0x52EF, 0x52EF, 0x52EF, 0x52CE, 0x10C4, 0x0021, 0x0841, 0x0841, 0x0841, 
    0x8498, 0x8499, 0x8499, 0x84B9, 0x84B9, 0x8CB9, 0x8CB9, 0x8CB9, 0x8CB9, 0x8CB8, 0x8CD9, 0x8CD9, 0x8CD9, 0x94D9, 0x94D9, 0x8458, 
    0x7C37, 0x7C56, 0x7C56, 0x7436, 0x63F5, 0x63B5, 0x6BD5, 0x73F5, 0x8497, 0x8C98, 0x8CB8, 0x8CB8, 0x94F9, 0x9D5B, 0xA55B, 0xA57C, 
    0xA55C, 0xAD7C, 0xA57C, 0xAD7C, 0xAD9D, 0xAD9D, 0xAD9D, 0xADBD, 0xB5BD, 0xB5BE, 0xB5BE, 0xB5DE, 0xB5DE, 0xB5DE, 0xB5DE, 0xBDDE, 
    0xBDFF, 0xBDFF, 0xBDFF, 0xBDFF, 0xBDFF, 0xC61F, 0xBE1F, 0xC61F, 0xC63F, 0xC61F, 0xC61F, 0xC61F, 0xC63F, 0xC63F, 0xC63F, 0xC63F, 
    0xC63F, 0xCE3F, 0xCE3F, 0xCE3F, 0xCE3F, 0xCE3F, 0xCE3F, 0xCE3F, 0xCE5F, 0xCE5F, 0xCE5F, 0xCE7F, 0xCE5F, 0xCE5F, 0xCE7F, 0xCE5F, 
    0xCE5F, 0xCE5F, 0xCE7F, 0xCE7F, 0xCE5F, 0xCE5F, 0xCE5F, 0xCE5F, 0xCE5F, 0xCE5F, 0xCE3F, 0xCE3F, 0xCE3F, 0xCE3F, 0xC61F, 0xC5FE, 
    0xC5FE, 0xC5FE, 0xBDDC, 0xB5BC, 0xB55B, 0xAD3A, 0x9CD7, 0x9497, 0x8C96, 0x8C76, 0x8C55, 0x8C56, 0x8C75, 0x8C55, 0x8C55, 0x8C35, 
    0x8C55, 0x8C56, 0x8C55, 0x8C55, 0x9496, 0x8415, 0x7BD4, 0x7BD3, 0x7BF3, 0x7BD3, 0x73B3, 0x7BB2, 0x6B50, 0x62EF, 0x52AE, 0x5ACE, 
    0x6330, 0x6330, 0x6310, 0x6310, 0x6B30, 0x6330, 0x6B50, 0x6B50, 0x6B91, 0x6B92, 0x7393, 0x7393, 0x6B51, 0x5ACE, 0x5ACE, 0x7C33, 
    0x8C96, 0x52B0, 0x52CF, 0x4ACE, 0x530F, 0x5B0F, 0x5B0F, 0x5AEF, 0x5AEF, 0x5AEF, 0x5ACF, 0x10C4, 0x0021, 0x0841, 0x0841, 0x0841, 
    0x8499, 0x8499, 0x84B9, 0x8CB9, 0x8CB9, 0x8CB9, 0x8CB9, 0x8CB9, 0x94B9, 0x8CB9, 0x94D9, 0x94D9, 0x94DA, 0x94FA, 0x94DA, 0x6BF7, 
    0x6BD7, 0x73F6, 0x73F6, 0x7416, 0x6416, 0x63F5, 0x73F6, 0x7416, 0x8477, 0x8497, 0x8498, 0x8CB8, 0x94F9, 0xA55B, 0xA55C, 0xA57C, 
    0xA57D, 0xAD7D, 0xAD7D, 0xAD9D, 0xAD9E, 0xAD9E, 0xAD9E, 0xB5BD, 0xB5BD, 0xB5BE, 0xB5DE, 0xB5DE, 0xB5DE, 0xB5DF, 0xB5FF, 0xBDFF, 
    0xBDFF, 0xBDFF, 0xBE1F, 0xBE1F, 0xBE1F, 0xC61F, 0xC61F, 0xC61F, 0xC63F, 0xC63F, 0xC61F, 0xC63F, 0xC63F, 0xC63F, 0xC63F, 0xC63F, 
    0xC65F, 0xCE5F, 0xCE5F, 0xCE5F, 0xCE5F, 0xCE5F, 0xCE5F, 0xCE5F, 0xCE5F, 0xCE5F, 0xCE7F, 0xCE7F, 0xCE5F, 0xCE5F, 0xCE5F, 0xCE5F, 
    0xCE7F, 0xD67F, 0xD67F, 0xCE7F, 0xCE5F, 0xCE7F, 0xCE5F, 0xCE5F, 0xCE5F, 0xCE5F, 0xCE5F, 0xCE3F, 0xCE3F, 0xCE3F, 0xCE1F, 0xC5FF, 
    0xC5FE, 0xC5FE, 0xBDFD, 0xBDDD, 0xBD9C, 0xAD5B, 0xA519, 0x9CB7, 0x9496, 0x8C75, 0x8C76, 0x8C76, 0x8C75, 0x9455, 0x9455, 0x8C75, 
    0x8C55, 0x8C56, 0x8C76, 0x8C75, 0x9496, 0x8C35, 0x7BF4, 0x7BF3, 0x7BD3, 0x7BD2, 0x7BD2, 0x7BD2, 0x6B51, 0x62EF, 0x5AAD, 0x62EE, 
    0x6B70, 0x6B70, 0x6B71, 0x6330, 0x5ACE, 0x83F3, 0x8C55, 0x8C95, 0x94F7, 0xA538, 0xAD7A, 0x94D8, 0x7392, 0x630F, 0x6B6F, 0x9CF5, 
    0x9D17, 0x52AF, 0x5AF0, 0x52CE, 0x5B0F, 0x5B10, 0x5B10, 0x62F0, 0x62F0, 0x6310, 0x5B10, 0x10C4, 0x0021, 0x0841, 0x0841, 0x0841, 
    0x8499, 0x8499, 0x8499, 0x8C99, 0x8CB9, 0x8CB9, 0x8CB9, 0x8CB9, 0x8CD9, 0x8CD9, 0x8CD9, 0x94D9, 0x94DA, 0x94FA, 0x8CDA, 0x2A74, 
    0x2253, 0x2A75, 0x2256, 0x2A76, 0x2A96, 0x3296, 0x3296, 0x3A96, 0x3A97, 0x32B7, 0x3AD6, 0x4317, 0x8C7A, 0xA55D, 0xA55C, 0xA57C, 
    0xA57D, 0xA59D, 0xAD9D, 0xAD9D, 0xAD9E, 0xAD9E, 0xADBE, 0xB5BE, 0xB5BE, 0xB5BE, 0xB5DE, 0xB5DE, 0xB5DF, 0xB5DF, 0xBDFF, 0xBDFF, 
    0xBDFF, 0xBDFF, 0xBDFF, 0xBE1F, 0xBE1F, 0xBE1F, 0xC63F, 0xC63F, 0xC61F, 0xC63F, 0xC63F, 0xC63F, 0xC63F, 0xC63F, 0xCE3F, 0xCE3F, 
    0xCE5F, 0xC65F, 0xCE5F, 0xCE5F, 0xCE3F, 0xCE5F, 0xCE5F, 0xCE5F, 0xCE5F, 0xCE5F, 0xCE5F, 0xCE5F, 0xCE5F, 0xCE5F, 0xD67F, 0xCE7F, 
    0xCE7F, 0xD67F, 0xD67F, 0xCE5F, 0xCE7F, 0xCE7F, 0xCE7F, 0xCE5F, 0xCE5F, 0xCE5F, 0xCE5F, 0xCE3F, 0xCE3F, 0xCE3F, 0xCE1F, 0xC61F, 
    0xC5FE, 0xC5FE, 0xBDDE, 0xBDDD, 0xBDDC, 0xAD9B, 0xA539, 0x9CF8, 0x94B7, 0x9476, 0x9476, 0x9476, 0x9476, 0x8C75, 0x8C75, 0x8C55, 
    0x8C56, 0x8C76, 0x9476, 0x9476, 0x94B7, 0x8C35, 0x83F4, 0x83F3, 0x83D3, 0x83F2, 0x7BF2, 0x7BD2, 0x6B50, 0x5ACE, 0x5ACE, 0x73D2, 
    0x8C96, 0x94B6, 0x9CF8, 0x8455, 0x52AD, 0xAD58, 0xBDDB, 0xBDDB, 0xBDDB, 0xBDFC, 0xBDFB, 0xA518, 0x7392, 0x6330, 0x6BB0, 0x9CF5, 
    0xA538, 0x5AF1, 0x5AF1, 0x5ACF, 0x6310, 0x6310, 0x6330, 0x5B31, 0x5B31, 0x5B10, 0x5B10, 0x10C4, 0x0021, 0x0841, 0x0841, 0x0841, 
    0x8499, 0x8499, 0x8CB9, 0x8CB9, 0x8CB9, 0x8CB9, 0x8CB9, 0x8CD9, 0x8CD9, 0x8CD9, 0x94D9, 0x94D9, 0x94DA, 0x94FA, 0x8CDA, 0x1A53, 
    0x09F3, 0x09D5, 0x09D7, 0x09F7, 0x11D6, 0x11F6, 0x11D6, 0x11B6, 0x0997, 0x0996, 0x09B6, 0x11F6, 0x7BF9, 0xA53D, 0xA55D, 0xA57C, 
    0xAD7C, 0xAD9C, 0xAD9D, 0xAD9D, 0xAD9D, 0xADBD, 0xB5BD, 0xB5BE, 0xB5DE, 0xB5BE, 0xB5DE, 0xBDDE, 0xBDDE, 0xBDFF, 0xBDFF, 0xBDFF, 
    0xBDFF, 0xBE1F, 0xBE1F, 0xBE1F, 0xC61F, 0xC61F, 0xC61F, 0xC63F, 0xC63F, 0xC63F, 0xC63F, 0xC63F, 0xCE3F, 0xCE3F, 0xCE5F, 0xCE5F, 
    0xCE5F, 0xCE5F, 0xCE5F, 0xCE7F, 0xCE5F, 0xCE5F, 0xCE5F, 0xCE5F, 0xCE5F, 0xCE5F, 0xCE7F, 0xCE5F, 0xCE5F, 0xCE7F, 0xD67F, 0xCE7F, 
    0xD67F, 0xCE7F, 0xCE7F, 0xCE7F, 0xCE7F, 0xD67F, 0xD67F, 0xD65F, 0xCE5F, 0xCE5F, 0xCE5F, 0xCE5F, 0xCE3F, 0xCE3F, 0xCE3F, 0xC61E, 
    0xC5FE, 0xC5FE, 0xC5FD, 0xC5DD, 0xBDDC, 0xB59C, 0xAD5A, 0xA519, 0x9CD8, 0x9497, 0x9496, 0x9476, 0x9476, 0x9476, 0x9476, 0x9456, 
    0x9476, 0x9476, 0x9476, 0x9496, 0x9CB7, 0x8C35, 0x83F4, 0x83F3, 0x83F3, 0x83F3, 0x83F3, 0x83F3, 0x6B51, 0x5ACE, 0x6B2E, 0xA4F7, 
    0xBDDB, 0xBDDB, 0xBE1D, 0xA518, 0x630F, 0xB599, 0xC61B, 0xBDFB, 0xBDDB, 0xC5FB, 0xBDFC, 0xA519, 0x7391, 0x6B2F, 0x73B0, 0x9D15, 
    0xA557, 0x5AF1, 0x5AF1, 0x5AEF, 0x6330, 0x6331, 0x6331, 0x5B31, 0x5B31, 0x5B11, 0x5B10, 0x18C4, 0x0021, 0x0841, 0x0841, 0x0841, 
    0x8CB9, 0x8CB9, 0x8CB9, 0x8CB9, 0x8CB9, 0x8CB9, 0x8CB9, 0x8CD9, 0x8CD9, 0x8CB9, 0x8CD9, 0x94DA, 0x94DA, 0x94FA, 0x94FA, 0x6438, 
    0x6438, 0x643A, 0x6C3B, 0x6C3B, 0x643A, 0x645A, 0x6C5A, 0x643A, 0x641B, 0x641B, 0x641A, 0x641B, 0x8C9A, 0xA53D, 0xA55C, 0xA57C, 
    0xAD7C, 0xAD9C, 0xAD9D, 0xAD9D, 0xAD9E, 0xADBE, 0xB5BE, 0xB5DE, 0xB5DE, 0xB5DE, 0xB5DE, 0xBDDE, 0xBDDE, 0xBDFF, 0xBDFF, 0xBDFF, 
    0xBE1F, 0xBE1F, 0xBE1F, 0xBE1F, 0xC63F, 0xC61F, 0xC61F, 0xC63F, 0xCE3F, 0xCE3F, 0xC63F, 0xC65F, 0xCE5F, 0xCE5F, 0xCE5F, 0xCE5F, 
    0xCE5F, 0xCE5F, 0xCE5F, 0xCE7F, 0xCE7F, 0xCE5F, 0xCE5F, 0xCE7F, 0xCE7F, 0xCE7F, 0xCE7F, 0xCE7F, 0xCE7F, 0xCE7F, 0xCE7F, 0xCE7F, 
    0xD65F, 0xD67F, 0xD67F, 0xD67F, 0xD65F, 0xD67F, 0xD65F, 0xD65F, 0xD65F, 0xCE5F, 0xCE5F, 0xCE5F, 0xCE3F, 0xCE3F, 0xCE3F, 0xC61F, 
    0xC61E, 0xC5FE, 0xC5FD, 0xC5FD, 0xBDDD, 0xBDBC, 0xAD7B, 0xA539, 0xA4F8, 0x94B7, 0x9496, 0x9496, 0x9476, 0x9476, 0x9476, 0x9476, 
    0x9476, 0x9476, 0x9496, 0x9496, 0x9CB6, 0x9455, 0x83F4, 0x8413, 0x83F3, 0x83F3, 0x83D3, 0x83F3, 0x6B71, 0x5ACE, 0x7B6F, 0xBDBA, 
    0xD67E, 0xD65D, 0xCE7E, 0xAD59, 0x6B30, 0xB579, 0xC5FB, 0xBDBB, 0xBDBA, 0xC5DB, 0xBDDB, 0x9D18, 0x7390, 0x6B4E, 0x73B0, 0x9D15, 
    0xA558, 0x5AF1, 0x6311, 0x6310, 0x6B51, 0x6B50, 0x6B30, 0x6B31, 0x6B31, 0x6B31, 0x6310, 0x18C4, 0x0021, 0x0841, 0x0841, 0x0841, 
    0x84B8, 0x8C99, 0x8CB9, 0x8CB9, 0x8CB9, 0x8CB9, 0x8CD9, 0x8CBA, 0x94BA, 0x94D9, 0x94D9, 0x94DA, 0x94FA, 0x94FA, 0x94FA, 0x951B, 
    0x9D1B, 0x9D3B, 0x9D3B, 0x9D5B, 0x9D5C, 0x9D5C, 0x9D5C, 0x9D7D, 0xA55D, 0xA57D, 0xA55C, 0xA57D, 0xA55C, 0xA55C, 0xA57C, 0xA57C, 
    0xAD9C, 0xAD9C, 0xAD9D, 0xAD9D, 0xADBE, 0xADBE, 0xB5BE, 0xB5BE, 0xB5DE, 0xB5DE, 0xB5DE, 0xB5DF, 0xBDFF, 0xBDFF, 0xBDFF, 0xBE1F, 
    0xBE1F, 0xBE1F, 0xBE1F, 0xC61F, 0xC61F, 0xC63F, 0xC63F, 0xC63F, 0xCE3F, 0xC65F, 0xC63F, 0xCE5F, 0xCE5F, 0xCE3F, 0xCE5F, 0xCE5F, 
    0xCE5F, 0xCE5F, 0xCE5F, 0xCE5F, 0xCE5F, 0xCE5F, 0xCE5F, 0xCE7F, 0xCE7F, 0xCE7F, 0xCE7F, 0xD67F, 0xD67F, 0xD67F, 0xD67F, 0xD67F, 
    0xCE7F, 0xD67F, 0xD67F, 0xD65F, 0xD67F, 0xD67F, 0xD65F, 0xD67F, 0xD65F, 0xCE5F, 0xCE5F, 0xCE5F, 0xCE3F, 0xCE3F, 0xC63F, 0xC61F, 
    0xC61E, 0xC5FE, 0xC5FE, 0xC5FE, 0xC5FD, 0xBDDD, 0xB57B, 0xA539, 0xA519, 0x9CF8, 0x94B7, 0x9496, 0x9496, 0x9475, 0x9495, 0x9495, 
    0x9496, 0x9496, 0x9496, 0x9496, 0x9CD7, 0x8C76, 0x8414, 0x8414, 0x8414, 0x7BF4, 0x83F3, 0x83F4, 0x7372, 0x62CE, 0x7B8F, 0xC5DA, 
    0xDE9E, 0xD67E, 0xD69F, 0xAD7A, 0x6B30, 0xB579, 0xC61C, 0xC5FC, 0xB579, 0xB578, 0xAD78, 0x9CD6, 0x7390, 0x6B2E, 0x73AF, 0x9492, 
    0x8C74, 0x5B0F, 0x632F, 0x6310, 0x6B31, 0x6B32, 0x6B31, 0x6B30, 0x6B30, 0x6B31, 0x6331, 0x18C4, 0x0021, 0x0841, 0x0841, 0x0841, 
    0x8C98, 0x8CB9, 0x8CB9, 0x8CB8, 0x8CB9, 0x8CB9, 0x8CD9, 0x8CDA, 0x8CDA, 0x94BA, 0x94DA, 0x94DA, 0x94FA, 0x94FA, 0x94FA, 0x94FA, 
    0x9CFA, 0x9D1A, 0x9D1B, 0x9D1B, 0x9D3B, 0x9D3B, 0x9D3B, 0x9D3B, 0x9D3B, 0xA53B, 0xA55C, 0xA55C, 0xA55C, 0xA57C, 0xA57C, 0xAD7C, 
    0xAD9C, 0xAD9D, 0xAD9D, 0xAD9D, 0xADBD, 0xADBD, 0xB5BD, 0xB5BE, 0xB5DE, 0xB5DE, 0xB5DE, 0xBDFE, 0xBDFF, 0xBDFF, 0xBE1F, 0xBE1F, 
    0xBE1F, 0xBE1F, 0xBE1F, 0xC61F, 0xC61F, 0xC63F, 0xC63F, 0xC63F, 0xC63F, 0xC63F, 0xC63F, 0xCE5F, 0xCE3F, 0xCE3F, 0xCE5F, 0xCE5F, 
    0xCE5F, 0xCE7F, 0xCE5F, 0xCE5F, 0xCE5F, 0xCE7F, 0xCE7F, 0xCE5F, 0xCE5F, 0xCE7F, 0xCE7F, 0xCE7F, 0xCE7F, 0xCE7F, 0xD67F, 0xD65F, 
    0xD65F, 0xD67F, 0xD67F, 0xD67F, 0xCE7F, 0xD67F, 0xD65F, 0xD67F, 0xD67F, 0xCE5F, 0xCE5F, 0xCE5F, 0xCE3F, 0xC63F, 0xCE3F, 0xCE1F, 
    0xCE1E, 0xCDFE, 0xC5FE, 0xC5FE, 0xC5FD, 0xBDDD, 0xB59C, 0xAD3A, 0xAD3A, 0x9CF9, 0x9CD7, 0x9496, 0x9496, 0x9495, 0x9495, 0x9495, 
    0x8C95, 0x9496, 0x9496, 0x9495, 0x9CD6, 0x8C55, 0x8C14, 0x8C14, 0x8C14, 0x8BF3, 0x83F4, 0x83F4, 0x7372, 0x62CF, 0x7370, 0xC5BA, 
    0xE6BE, 0xDE7E, 0xDE9E, 0xBD9A, 0x7370, 0xBDB9, 0xC5FB, 0xBDB9, 0xA4F6, 0x9CD5, 0x9494, 0x8412, 0x6B4F, 0x630E, 0x5ACE, 0x6B50, 
    0x7BF2, 0x6350, 0x6330, 0x630F, 0x6B30, 0x6B31, 0x6B31, 0x6B31, 0x6B31, 0x6B31, 0x6331, 0x18C4, 0x0021, 0x0841, 0x0841, 0x0841, 
    0x8499, 0x8CB9, 0x8CB9, 0x8CB9, 0x8CB9, 0x8CD9, 0x8CD9, 0x8CD9, 0x8CDA, 0x8CDA, 0x94DA, 0x9CDA, 0x9CFA, 0x94FA, 0x94FA, 0x9CFB, 
    0x9CFB, 0x9D1B, 0x9D1B, 0x9D1B, 0x9D3B, 0x9D3B, 0x9D3B, 0x9D3B, 0xA53B, 0xA55C, 0xA55C, 0xA55C, 0xA57C, 0xA57C, 0xA57C, 0xAD7C, 
    0xAD9C, 0xAD9D, 0xB59D, 0xADBD, 0xB5BE, 0xB5BE, 0xB5BE, 0xB5DE, 0xB5DE, 0xB5DE, 0xB5DE, 0xB5FE, 0xBDFE, 0xBDFF, 0xBE1F, 0xBE1F, 
    0xBE1F, 0xBE1F, 0xBE1F, 0xBE1F, 0xC61F, 0xCE1F, 0xCE3F, 0xCE3F, 0xC63F, 0xC63F, 0xC63F, 0xCE5F, 0xCE5F, 0xCE5F, 0xCE5F, 0xCE5F, 
    0xCE5F, 0xC65F, 0xCE5F, 0xCE5F, 0xCE5F, 0xCE5F, 0xCE5F, 0xCE7F, 0xCE7F, 0xCE7F, 0xCE7F, 0xD67F, 0xD67F, 0xD67F, 0xD67F, 0xD65F, 
    0xD67F, 0xD67F, 0xD67F, 0xD67F, 0xD67F, 0xD65F, 0xD65F, 0xD65F, 0xD65F, 0xD65F, 0xCE5F, 0xCE5F, 0xCE3F, 0xCE3F, 0xCE1F, 0xCE1F, 
    0xC61E, 0xC61D, 0xC5FE, 0xC5FE, 0xC5FD, 0xC5DD, 0xBDBC, 0xAD5B, 0xAD3A, 0xA519, 0x9CF7, 0x94B7, 0x9497, 0x9496, 0x9496, 0x9496, 
    0x9496, 0x9496, 0x9496, 0x94B6, 0x9CD7, 0x8C76, 0x8415, 0x8414, 0x8414, 0x8414, 0x8414, 0x83F4, 0x7391, 0x62EE, 0x732F, 0xB537, 
    0xC5FA, 0xBDB9, 0xB598, 0x9CB5, 0x6B6F, 0x9CB5, 0x94B6, 0x9474, 0x8C34, 0x8C33, 0x8433, 0x7BF3, 0x6B50, 0x632F, 0x632F, 0x7BD1, 
    0x8454, 0x6351, 0x6330, 0x630F, 0x6B50, 0x6B51, 0x6B51, 0x6351, 0x6351, 0x6351, 0x6331, 0x18C4, 0x0021, 0x0841, 0x0841, 0x0841, 
    0x8CB8, 0x8CB9, 0x8CB9, 0x8CB9, 0x8CB9, 0x8CD9, 0x8CDA, 0x94DA, 0x94DA, 0x8CD9, 0x94FA, 0x94FA, 0x94FA, 0x94FA, 0x94FA, 0x951A, 
    0x9D1A, 0x9D1B, 0x9D1B, 0x9D1B, 0x9D1B, 0x9D3B, 0x9D3B, 0x9D3B, 0xA53C, 0xA55C, 0xA55C, 0xA55C, 0xA55C, 0xAD5C, 0xAD7C, 0xAD7C, 
    0xAD9C, 0xAD9D, 0xADBD, 0xADBD, 0xADBE, 0xB5BE, 0xB5BD, 0xB5DE, 0xB5DE, 0xB5DE, 0xB5DE, 0xB5FE, 0xBDFE, 0xBDFE, 0xBDFF, 0xBE1F, 
    0xBE1F, 0xBE1F, 0xC61F, 0xC61F, 0xC63F, 0xC61F, 0xC63F, 0xC63F, 0xC63F, 0xC63F, 0xC65F, 0xCE5F, 0xCE5F, 0xCE5F, 0xCE5F, 0xCE7F, 
    0xCE5F, 0xCE5F, 0xCE5F, 0xCE7F, 0xCE5F, 0xCE5F, 0xCE7F, 0xCE7F, 0xCE7F, 0xD67F, 0xD67F, 0xCE7F, 0xCE7F, 0xCE7F, 0xD67F, 0xD67F, 
    0xD67F, 0xD67F, 0xCE7F, 0xD67F, 0xD65F, 0xD67F, 0xD65F, 0xCE7F, 0xCE5F, 0xCE5F, 0xCE5F, 0xCE5F, 0xCE5F, 0xCE3F, 0xCE3F, 0xCE1E, 
    0xC61E, 0xC5FE, 0xC5FE, 0xC5FE, 0xBDFD, 0xBDDD, 0xBDBD, 0xB57B, 0xAD3A, 0xAD19, 0xA518, 0x9CD7, 0x9C97, 0x9476, 0x9496, 0x9496, 
    0x9496, 0x9496, 0x9496, 0x94B6, 0x9CF7, 0x9496, 0x8434, 0x8415, 0x8415, 0x8C14, 0x8C14, 0x8414, 0x7392, 0x630F, 0x62ED, 0x8C33, 
    0xA4F6, 0x9CD6, 0x9CD6, 0x8C75, 0x6B70, 0x94B6, 0x9CD7, 0x9CB6, 0x9CB6, 0x9CD6, 0x9496, 0x7C14, 0x6B50, 0x6B4F, 0x6B70, 0x7BF2, 
    0x8475, 0x6B72, 0x6331, 0x5B30, 0x6351, 0x6B51, 0x6B71, 0x6B51, 0x6B51, 0x7331, 0x6B31, 0x18C4, 0x0021, 0x0841, 0x0841, 0x0841, 
    0x84B9, 0x8CB9, 0x8CB9, 0x8CD9, 0x8CD9, 0x8CB9, 0x94B9, 0x94D9, 0x94D9, 0x94D9, 0x94D9, 0x94FA, 0x94FA, 0x94FA, 0x94FA, 0x951A, 
    0x9D1A, 0x9D1A, 0x9D1B, 0x9D3B, 0x9D3B, 0x9D3B, 0x9D3B, 0x9D3B, 0xA55B, 0xA55C, 0xA55C, 0xA55C, 0xA55C, 0xA57C, 0xAD7C, 0xAD7C, 
    0xAD9C, 0xAD9C, 0xAD9D, 0xADBD, 0xB5BD, 0xB5BD, 0xBDBD, 0xBDBD, 0xBDBD, 0xB5DE, 0xB5DE, 0xB5DE, 0xBDFE, 0xBDFF, 0xBDFF, 0xBE1F, 
    0xBE1F, 0xBE1F, 0xBE1F, 0xC61F, 0xC63F, 0xC63F, 0xC63F, 0xC63F, 0xC63F, 0xC65F, 0xC65F, 0xC65F, 0xCE3F, 0xCE5F, 0xCE5F, 0xCE5F, 
    0xCE5F, 0xCE5F, 0xCE7F, 0xCE7F, 0xCE5F, 0xCE7F, 0xCE7F, 0xCE7F, 0xCE7F, 0xCE7F, 0xCE7F, 0xCE7F, 0xCE7F, 0xCE7F, 0xCE7F, 0xCE7F, 
    0xCE5F, 0xCE7F, 0xCE7F, 0xD67F, 0xD65F, 0xD65F, 0xD65F, 0xD65F, 0xCE5F, 0xCE5F, 0xCE5F, 0xCE3F, 0xCE3F, 0xCE3F, 0xCE3F, 0xCE1E, 
    0xC61E, 0xC5FE, 0xC5FD, 0xBDFD, 0xBDFD, 0xBDDD, 0xBDDD, 0xB59B, 0xB55A, 0xAD1A, 0xA519, 0x9CF7, 0x9CB7, 0x9496, 0x9496, 0x9476, 
    0x9496, 0x9496, 0x94B6, 0x94B6, 0x9CF7, 0x9496, 0x8434, 0x8C14, 0x8C14, 0x8C14, 0x8414, 0x83F4, 0x7B92, 0x6B0F, 0x5A8D, 0x8C34, 
    0xC63C, 0xC65D, 0xDEBF, 0xBDBB, 0x6B51, 0xA518, 0xAD58, 0xAD58, 0xA517, 0x9CF6, 0x8C96, 0x7BD4, 0x6B50, 0x6B2F, 0x7371, 0x73B2, 
    0x7BD3, 0x7372, 0x7351, 0x6B4F, 0x7370, 0x7B91, 0x7BB1, 0x7BB1, 0x7BB2, 0x7BB2, 0x7B91, 0x18E4, 0x0021, 0x0841, 0x0841, 0x0841, 
    0x8CB8, 0x8CB9, 0x8CB9, 0x8CB9, 0x8CB9, 0x8CB9, 0x8CD9, 0x8CD9, 0x8CD9, 0x94D9, 0x94D9, 0x94FA, 0x94FA, 0x94FA, 0x951A, 0x951A, 
    0x951A, 0x9D1A, 0x9D3A, 0x9D3B, 0x9D3B, 0x9D3B, 0x9D3B, 0x9D3B, 0xA55B, 0xA55C, 0xA55C, 0xA55C, 0xA55C, 0xA55C, 0xA57C, 0xAD9C, 
    0xAD9C, 0xAD9D, 0xAD9D, 0xAD9D, 0xB5BD, 0xB5BD, 0xB5BD, 0xB5BE, 0xB5DE, 0xB5DE, 0xB5DE, 0xB5FE, 0xBDFE, 0xBDFF, 0xBDFF, 0xBE1F, 
    0xBE1F, 0xBE1F, 0xC61F, 0xC61F, 0xC63F, 0xC63F, 0xC63F, 0xC63F, 0xC63F, 0xC63F, 0xC65F, 0xCE5F, 0xCE5F, 0xCE5F, 0xCE5F, 0xCE5F, 
    0xCE5F, 0xCE5F, 0xCE5F, 0xCE5F, 0xCE5F, 0xCE5F, 0xCE7F, 0xCE7F, 0xCE5F, 0xD65F, 0xD67F, 0xD67F, 0xD67F, 0xCE7F, 0xCE7F, 0xCE5F, 
    0xCE7F, 0xD65F, 0xD65F, 0xD67F, 0xD65F, 0xD65F, 0xD65F, 0xCE5F, 0xCE5F, 0xCE3F, 0xCE3F, 0xCE3F, 0xCE5F, 0xCE3F, 0xCE3F, 0xCE1E, 
    0xC61E, 0xC5FE, 0xC5FD, 0xC5FD, 0xBDFD, 0xBDDD, 0xBDDC, 0xB59B, 0xB55B, 0xAD1A, 0xA519, 0xA518, 0x9CD7, 0x9CB6, 0x9496, 0x9495, 
    0x9496, 0x9496, 0x94B6, 0x94B6, 0x9CF7, 0x9496, 0x8434, 0x8C34, 0x8414, 0x8C34, 0x8C14, 0x8C14, 0x7B92, 0x6B10, 0x5A4C, 0xA4D5, 
    0xFFFF, 0xFFDF, 0xFFFF, 0xDEDC, 0x8C16, 0x9476, 0x9C95, 0x9CD6, 0x9474, 0x9453, 0x8413, 0x7BB2, 0x7B71, 0x7370, 0x7B90, 0x7B91, 
    0x7B91, 0x7B91, 0x7371, 0x7370, 0x7370, 0x7390, 0x7370, 0x7350, 0x732F, 0x6B0F, 0x6B0E, 0x18C3, 0x0021, 0x0841, 0x0841, 0x0841, 
    0x8C98, 0x8CB9, 0x8CB9, 0x8CB8, 0x8CB9, 0x8CB9, 0x94D9, 0x94D9, 0x94D9, 0x8CD9, 0x94D9, 0x94FA, 0x94FA, 0x94FA, 0x94FA, 0x9CFA, 
    0x9CFA, 0x9D1B, 0x9D1B, 0x9D1B, 0x9D3B, 0x9D3B, 0xA53B, 0xA53B, 0xA53B, 0xA55C, 0xA55C, 0xA55C, 0xA57C, 0xA57C, 0xAD7C, 0xAD7C, 
    0xAD9C, 0xAD9D, 0xAD9D, 0xADBD, 0xB5BD, 0xB5BD, 0xB5BD, 0xB5BE, 0xB5DE, 0xB5DD, 0xB5DE, 0xB5FE, 0xBDFE, 0xBDFE, 0xBDFF, 0xBE1F, 
    0xBE1F, 0xBE1F, 0xBE1F, 0xC61F, 0xC63F, 0xC63F, 0xC63F, 0xC63F, 0xC63F, 0xC63F, 0xC63F, 0xCE5F, 0xCE5F, 0xCE5F, 0xCE5F, 0xCE5F, 
    0xCE5F, 0xCE5F, 0xCE5F, 0xCE5F, 0xCE5F, 0xCE7F, 0xCE5F, 0xCE5F, 0xCE5F, 0xCE7F, 0xCE7F, 0xCE5F, 0xD67F, 0xD67F, 0xD67F, 0xCE7F, 
    0xCE7F, 0xCE5F, 0xCE5F, 0xCE7F, 0xCE5F, 0xCE5F, 0xCE3F, 0xCE5F, 0xCE5F, 0xCE3F, 0xCE3F, 0xCE3F, 0xCE3E, 0xCE3E, 0xCE3F, 0xC61E, 
    0xC61D, 0xC5FE, 0xC5FD, 0xC5FD, 0xC5FD, 0xC5DD, 0xBDDC, 0xBDBC, 0xB57B, 0xAD3A, 0xAD19, 0xA518, 0xA518, 0x9CB7, 0x9496, 0x9495, 
    0x9496, 0x9496, 0x9C96, 0x94B6, 0x9CD7, 0x9475, 0x8413, 0x8C14, 0x8BF4, 0x8C13, 0x8C13, 0x8412, 0x7BB1, 0x7330, 0x628E, 0xA4D5, 
    0xF79E, 0xEF5D, 0xF71D, 0xD619, 0x83D2, 0x9C95, 0x9C96, 0x7BF5, 0x83F3, 0x8BF2, 0x83F2, 0x83F1, 0x6B2F, 0x6AED, 0x6B0E, 0x6B0E, 
    0x6B0F, 0x62EE, 0x62CE, 0x6ACE, 0x62CE, 0x62AE, 0x5A8D, 0x4A2B, 0x526C, 0x5AAD, 0x5AAD, 0x18C3, 0x0021, 0x0841, 0x0841, 0x0841, 
    0x8498, 0x8CB8, 0x8CB8, 0x8CB9, 0x8CB9, 0x8CB9, 0x94D9, 0x94D9, 0x94D9, 0x94D9, 0x94D9, 0x94FA, 0x94FA, 0x94FA, 0x94FA, 0x9CFA, 
    0x9D1A, 0x9D1A, 0x9D1A, 0x9D1A, 0x9D1B, 0x9D3B, 0xA53B, 0xA53B, 0xA53B, 0xA55B, 0xA55B, 0xA55B, 0xA57C, 0xA57C, 0xAD7C, 0xAD7C, 
    0xAD9C, 0xAD9C, 0xAD9C, 0xADBD, 0xADBD, 0xB5BD, 0xB5BD, 0xB5DE, 0xB5DE, 0xB5DD, 0xB5DE, 0xB5DE, 0xB5FE, 0xBDFE, 0xBDFE, 0xBE1E, 
    0xBE1F, 0xBDFF, 0xC61F, 0xC61F, 0xC61F, 0xC61F, 0xC61F, 0xC63F, 0xC63F, 0xC63F, 0xC63F, 0xCE3F, 0xCE5F, 0xCE3F, 0xCE5F, 0xCE5F, 
    0xC65F, 0xCE5F, 0xCE5F, 0xCE5F, 0xCE5F, 0xCE5F, 0xCE5F, 0xCE5F, 0xCE5F, 0xCE7F, 0xCE7F, 0xCE7F, 0xCE7F, 0xCE5F, 0xCE7F, 0xCE7F, 
    0xCE7F, 0xCE5F, 0xCE5F, 0xCE5F, 0xCE5F, 0xCE5F, 0xCE5F, 0xCE3F, 0xCE5F, 0xCE3F, 0xCE3F, 0xCE3E, 0xCE3E, 0xCE3E, 0xCE1E, 0xC61E, 
    0xC5FD, 0xC5FD, 0xBDFD, 0xC5FD, 0xC5FD, 0xC5DD, 0xC5DD, 0xBDBC, 0xBD7C, 0xB53B, 0xA519, 0xA518, 0xA518, 0x9CD8, 0x94B6, 0x9495, 
    0x9495, 0x9496, 0x9496, 0x9495, 0x9CB5, 0x8C34, 0x83D2, 0x83D2, 0x7BB1, 0x7BD1, 0x7BB1, 0x7BB1, 0x7390, 0x7350, 0x732F, 0x9414, 
    0xB519, 0xAD19, 0xBD9C, 0xB55B, 0x8BB3, 0xF77E, 0xF7BF, 0x8C97, 0x8C96, 0x94B6, 0x94B6, 0x94B6, 0x5A6D, 0x520B, 0x5A8D, 0x62EE, 
    0x6B51, 0x62F0, 0x62F0, 0x62CF, 0x62EF, 0x5AEF, 0x5ACF, 0x4A6D, 0x5AAE, 0x62EF, 0x62EF, 0x18C4, 0x0021, 0x0841, 0x0841, 0x0841, 
    0x84B8, 0x8CB8, 0x8CB8, 0x8CB8, 0x8CB9, 0x8CB9, 0x8CD9, 0x94D9, 0x94D9, 0x94D9, 0x94D9, 0x94DA, 0x94DA, 0x94FA, 0x94FA, 0x94FA, 
    0x9D1A, 0x9D1A, 0x9D1B, 0x9D1B, 0x9D1B, 0x9D3B, 0xA53B, 0xA53B, 0xA53B, 0xA55B, 0xA55B, 0xA55B, 0xA57C, 0xA57C, 0xAD7C, 0xAD9C, 
    0xAD9C, 0xAD9C, 0xAD9D, 0xAD9D, 0xADBD, 0xB5BD, 0xB5BD, 0xB5DD, 0xB5DE, 0xB5DE, 0xB5DE, 0xB5DE, 0xBDFE, 0xBDDF, 0xBDFF, 0xBDFF, 
    0xBDFF, 0xBDFF, 0xBE1F, 0xBE1F, 0xC61F, 0xC61F, 0xC61F, 0xC63F, 0xC63F, 0xC63F, 0xC63F, 0xCE3F, 0xCE3F, 0xCE5F, 0xCE5F, 0xCE5F, 
    0xCE5F, 0xCE5F, 0xCE5F, 0xCE5F, 0xCE5F, 0xCE5F, 0xCE5F, 0xCE5F, 0xCE5F, 0xCE5F, 0xCE5F, 0xCE5F, 0xCE5F, 0xCE5F, 0xCE5F, 0xCE5F, 
    0xD65F, 0xD65F, 0xD63F, 0xD65F, 0xCE5F, 0xCE3F, 0xCE3F, 0xCE3F, 0xCE3F, 0xCE3E, 0xCE3E, 0xCE1E, 0xCE1E, 0xCE1E, 0xCE1D, 0xCDFD, 
    0xC5FD, 0xC5DC, 0xC5DC, 0xC5DC, 0xC5DB, 0xC5BB, 0xBDBB, 0xB59B, 0xB59B, 0xB55A, 0xA539, 0xA518, 0xA518, 0xA4F8, 0x9CB7, 0x9496, 
    0x9496, 0x9496, 0x94B6, 0x9495, 0x94B6, 0x8C56, 0x7BF4, 0x7BD3, 0x7BD3, 0x7BD3, 0x73D3, 0x7BB2, 0x7371, 0x7350, 0x628D, 0xA4D4, 
    0xFFFF, 0xFFFF, 0xFFFF, 0xEF3D, 0xC578, 0xFFDF, 0xF79E, 0x9CD5, 0x9CF6, 0x9CD6, 0x9CD6, 0x8C94, 0x5ACE, 0x5A8E, 0x6B30, 0x7391, 
    0x7BB2, 0x6B31, 0x62F0, 0x630F, 0x632F, 0x6330, 0x6310, 0x5ACF, 0x6310, 0x6330, 0x6330, 0x18C4, 0x0021, 0x0841, 0x0841, 0x0841, 
    0x8CB8, 0x8CB8, 0x8CB8, 0x8CB9, 0x8CB9, 0x8CB9, 0x8CB9, 0x94B9, 0x94D9, 0x94D9, 0x94D9, 0x94DA, 0x94DA, 0x94FA, 0x94FA, 0x9CFA, 
    0x9CFA, 0x9D1A, 0x9D1B, 0x9D1B, 0x9D1B, 0x9D3B, 0x9D3B, 0x9D3C, 0xA53C, 0xA55B, 0xA53B, 0xA55B, 0xA55C, 0xA57C, 0xAD7C, 0xAD7C, 
    0xAD7C, 0xAD9C, 0xAD9D, 0xAD9D, 0xAD9D, 0xB59D, 0xB5BD, 0xB5DD, 0xB5DD, 0xB5BD, 0xB5DD, 0xB5DE, 0xBDDE, 0xBDDE, 0xBDFE, 0xBDDE, 
    0xBDFE, 0xBDFE, 0xBDFF, 0xBDFF, 0xC5FF, 0xC61F, 0xC61F, 0xC5FF, 0xC5FF, 0xC61F, 0xC61F, 0xCE3F, 0xC63F, 0xC63F, 0xC61E, 0xC61E, 
    0xCE1E, 0xCE1E, 0xCE1D, 0xCE1E, 0xCE1F, 0xC61F, 0xC61E, 0xC5FE, 0xC5FD, 0xCDFD, 0xCE1D, 0xCE1D, 0xCE1D, 0xCDFD, 0xC5FC, 0xC5FC, 
    0xC5DD, 0xC5FD, 0xCE1D, 0xCE1E, 0xC5FE, 0xBDDC, 0xBDDC, 0xC5DB, 0xC5BB, 0xC5BB, 0xC5DC, 0xC5DB, 0xBD9B, 0xBD9A, 0xBD7A, 0xB59A, 
    0xB59A, 0xB599, 0xB559, 0xB558, 0xB537, 0xAD17, 0xA518, 0xAD38, 0xB57A, 0xB57B, 0xAD3A, 0xAD18, 0xA518, 0xA4F8, 0x9CD8, 0x9CB7, 
    0x9496, 0x9C96, 0x9CB6, 0x9CB6, 0xA4D6, 0x9C76, 0x8C14, 0x8C14, 0x8C14, 0x8C14, 0x8414, 0x8414, 0x7B93, 0x7B71, 0x6ACD, 0x9452, 
    0xE71C, 0xE6DC, 0xE6FD, 0xCE1A, 0x9C13, 0xE6FD, 0xE6DE, 0x7BB3, 0x7BD2, 0x8C53, 0xA518, 0xA539, 0x73B2, 0x9494, 0x73B1, 0x73B1, 
    0x9496, 0x6332, 0x5AD0, 0x5AEF, 0x6330, 0x6330, 0x6330, 0x5B0F, 0x6330, 0x6330, 0x6330, 0x18C4, 0x0021, 0x0841, 0x0841, 0x0841, 
    0x8498, 0x84B8, 0x8498, 0x8C98, 0x8CB9, 0x8CB9, 0x8CB9, 0x94B9, 0x94D9, 0x94D9, 0x94D9, 0x94D9, 0x94F9, 0x94FA, 0x94FA, 0x94FA, 
    0x94FA, 0x9CFA, 0x9D1B, 0x9D1B, 0x9D1B, 0x9D1B, 0x9D3B, 0x9D3B, 0xA53B, 0xA53B, 0xA55B, 0xA55B, 0xA55C, 0xA57C, 0xA57C, 0xAD7C, 
    0xAD9C, 0xAD9C, 0xAD7C, 0xA53C, 0xA53A, 0xA53A, 0xA539, 0xA539, 0xA539, 0xAD39, 0xAD7A, 0xAD9D, 0xAD7C, 0xAD5A, 0xAD59, 0xAD39, 
    0xAD59, 0xB579, 0xB57A, 0xB59C, 0xBD9C, 0xB57A, 0xAD7A, 0xAD5A, 0xB559, 0xB57A, 0xBD9A, 0xBDDC, 0xBE1F, 0xB5DE, 0xBD9B, 0xB57A, 
    0xB559, 0xBD59, 0xBD78, 0xBD99, 0xC5BC, 0xC5BC, 0xBD7A, 0xB558, 0xB558, 0xBD59, 0xBD7A, 0xBDBA, 0xC5DA, 0xBD79, 0xB538, 0xAD17, 
    0xB538, 0xB578, 0xBDB9, 0xBDDC, 0xB5BD, 0xB559, 0xAD37, 0xB537, 0xB538, 0xB559, 0xB59A, 0xB57A, 0xAD38, 0xAD17, 0xACF6, 0xAD17, 
    0xB559, 0xB579, 0xAD18, 0xACF7, 0xACF6, 0xACD6, 0xA4F7, 0xAD17, 0xB559, 0xB57A, 0xB53A, 0xAD19, 0xAD18, 0xA4F8, 0xA4D8, 0x9CB8, 
    0x94B7, 0x94B6, 0x94B6, 0x9CB6, 0x9CD7, 0x9496, 0x8C55, 0x8C35, 0x8C34, 0x8434, 0x8434, 0x8434, 0x73B2, 0x7350, 0x628C, 0x730D, 
    0xBD35, 0xCDD9, 0xCE3C, 0xB538, 0x7350, 0xD67B, 0xDEDE, 0x8C77, 0x73B2, 0xA516, 0xEF5E, 0xEF9F, 0x8452, 0xBDD8, 0x8412, 0x9493, 
    0xD6BD, 0x7375, 0x5AF2, 0x6310, 0x6330, 0x6310, 0x6310, 0x5B0F, 0x5B0F, 0x6310, 0x6330, 0x18C4, 0x0021, 0x0841, 0x0841, 0x0841, 
    0x8498, 0x84B8, 0x84B8, 0x8CB8, 0x8CB8, 0x8CB8, 0x8CB8, 0x8CB9, 0x94D9, 0x94D9, 0x94D9, 0x94DA, 0x94DA, 0x94F9, 0x94FA, 0x94DA, 
    0x9CFA, 0x9CFA, 0x9D1A, 0x9D1B, 0x9D1B, 0x9D1B, 0x9D3B, 0x9D3B, 0xA53B, 0xA53B, 0xA55B, 0xA55B, 0xA55C, 0xA55C, 0xA57C, 0xAD7C, 
    0xAD7C, 0xAD9C, 0xAD5B, 0x9D1B, 0x9CD8, 0x9CD6, 0x9CB6, 0x9CD6, 0xA4D6, 0xA4F6, 0xAD38, 0xAD7B, 0xAD5B, 0xAD18, 0xAD17, 0xA4F6, 
    0xA4F6, 0xAD37, 0xB558, 0xBD9B, 0xBD7C, 0xB539, 0xAD38, 0xAD18, 0xAD37, 0xB558, 0xB578, 0xBDDA, 0xBDFE, 0xB5BD, 0xBD7B, 0xB53A, 
    0xAD39, 0xB539, 0xB559, 0xBD7A, 0xCDBD, 0xC5BC, 0xB59A, 0xB579, 0xB559, 0xB55A, 0xBD9B, 0xC5DC, 0xC5BC, 0xBD5A, 0xB539, 0xAD38, 
    0xAD19, 0xB559, 0xBDBA, 0xBDDD, 0xB59C, 0xAD19, 0xACF7, 0xA4F7, 0xAD39, 0xB59B, 0xB5BB, 0xAD9B, 0x9D19, 0x9CF8, 0x9CD7, 0xAD39, 
    0xB59B, 0xB59B, 0xAD7A, 0xAD39, 0xAD39, 0xAD19, 0xA518, 0xA538, 0xAD59, 0xB57A, 0xB55A, 0xA519, 0xA519, 0xA4F8, 0xA4F8, 0x9CD7, 
    0x9CB7, 0x9CB6, 0x9CB6, 0x9CB6, 0xA4D7, 0x94B6, 0x8C55, 0x8C35, 0x8C35, 0x8435, 0x8434, 0x8434, 0x73B2, 0x7350, 0x628C, 0x7B4E, 
    0xDE7A, 0xFFFF, 0xFFFF, 0xD69B, 0x7B70, 0xF79E, 0xF7BF, 0x9D37, 0x7BB2, 0xA4F7, 0xF79E, 0xFFFF, 0x8C92, 0xC5F8, 0x8C12, 0x9472, 
    0xDEBD, 0x73B5, 0x6311, 0x6310, 0x6330, 0x6330, 0x5B10, 0x5AEE, 0x630F, 0x6330, 0x6330, 0x18C4, 0x0021, 0x0841, 0x0841, 0x0841, 
    0x8498, 0x8498, 0x8498, 0x8CB8, 0x8CB8, 0x8CB8, 0x8CB8, 0x8CB9, 0x94B9, 0x94D9, 0x94D9, 0x94FA, 0x94FA, 0x94F9, 0x94F9, 0x94FA, 
    0x9CFA, 0x9CFA, 0x9CFA, 0x9D1B, 0x9D1B, 0x9D1B, 0x9D3B, 0x9D3B, 0xA53B, 0xA53B, 0xA55B, 0xA55B, 0xA55B, 0xA57C, 0xA57C, 0xA57C, 
    0xAD7C, 0xAD7C, 0xAD5B, 0xA51B, 0xA4F9, 0xA4F8, 0x9CF8, 0xA4F8, 0xA519, 0xA519, 0xAD5A, 0xB59C, 0xAD9C, 0xB55B, 0xAD3A, 0xA53A, 
    0xAD7A, 0xAD9C, 0xB5BC, 0xB5BC, 0xB5BD, 0xB5BC, 0xB5BC, 0xB5BC, 0xB59C, 0xADBC, 0xB5BC, 0xB5DD, 0xBDFE, 0xB5BD, 0xAD7C, 0xA55B, 
    0xAD5B, 0xAD9D, 0xB59D, 0xB5BE, 0xBDFE, 0xBDFE, 0xB59C, 0xB57C, 0xB5BC, 0xBDFD, 0xBDFE, 0xBDFE, 0xBDDD, 0xB59C, 0xAD7B, 0xAD5A, 
    0xA53A, 0xAD3A, 0xB57B, 0xB5DD, 0xA53B, 0x9457, 0x8C36, 0x7BD4, 0x9496, 0xB5BB, 0xB5DC, 0xAD7B, 0x84B8, 0x7416, 0x8415, 0xA51A, 
    0xB5BB, 0xB5BB, 0xAD5A, 0xAD3A, 0xA518, 0x9D18, 0x9CF8, 0xA4F8, 0xA55A, 0xB57A, 0xB57A, 0xA539, 0xA519, 0xA518, 0xA4F8, 0xA4F8, 
    0x9CF8, 0x9CD7, 0x9CB6, 0x9CB6, 0xA4D7, 0x9C97, 0x8C35, 0x8C55, 0x8C35, 0x8C35, 0x8C14, 0x8C14, 0x83B3, 0x7B71, 0x62AD, 0x7B4F, 
    0xD67A, 0xFFFF, 0xFFFF, 0xDEBB, 0x8371, 0xF79E, 0xF7DF, 0xAD98, 0x83D2, 0xAD17, 0xF79F, 0xFFFF, 0x9493, 0xC638, 0x8C33, 0x9473, 
    0xE71E, 0x8416, 0x5AF1, 0x5B10, 0x6331, 0x5B10, 0x5B10, 0x52EF, 0x5B0F, 0x6331, 0x6331, 0x18C4, 0x0021, 0x0841, 0x0841, 0x0841, 
    0x8497, 0x8498, 0x8498, 0x8C98, 0x8CB8, 0x8CB8, 0x8CB8, 0x8CB9, 0x94B9, 0x94D9, 0x94D9, 0x94D9, 0x94F9, 0x94F9, 0x94F9, 0x94F9, 
    0x94FA, 0x9CFA, 0x9CFA, 0x9D1A, 0x9D1A, 0x9D1A, 0x9D1B, 0x9D3B, 0x9D3B, 0xA53B, 0xA53B, 0xA53B, 0xA55B, 0xA55B, 0xA57B, 0xA57C, 
    0xAD7C, 0xAD7C, 0xAD5C, 0xA51B, 0x94F8, 0x8CB7, 0x94B6, 0x9CF7, 0x9D18, 0x9D1A, 0xA53A, 0xAD9C, 0xAD9C, 0xAD7C, 0x94B8, 0x9497, 
    0x9CF7, 0xAD39, 0xB59A, 0xB5BC, 0xB5BD, 0xB59B, 0xAD3A, 0xAD5A, 0xADBC, 0xB5BD, 0xB5BD, 0xB5DE, 0xBDFE, 0xB5BD, 0xAD7C, 0x9D1A, 
    0xA53B, 0x94DA, 0x9CDA, 0xB59C, 0xBDFE, 0xBDDD, 0xAD5B, 0xAD3B, 0xB57C, 0xBDDD, 0xBDDD, 0xBDDD, 0xBDDD, 0xB59B, 0xAD7A, 0xAD3A, 
    0xA539, 0xA539, 0xAD7B, 0xB5BC, 0xA55B, 0x8C56, 0x83F5, 0x83F4, 0x9496, 0xAD5A, 0xB59B, 0xAD5A, 0x8497, 0x7C15, 0x83F5, 0xA4F8, 
    0xAD59, 0xB579, 0x9CD9, 0x9478, 0x8C57, 0x8457, 0x8435, 0x94B7, 0xAD39, 0xB57A, 0xB57A, 0xA53A, 0xA519, 0xA518, 0xA4F8, 0xA4F8, 
    0xA4F8, 0x9CD8, 0x9CD7, 0x9CB6, 0xA4F7, 0x9C97, 0x8C35, 0x8C55, 0x8C35, 0x8C14, 0x8C14, 0x8C14, 0x83B3, 0x7B50, 0x628C, 0x7B4F, 
    0xD65A, 0xFFBF, 0xFFFF, 0xDEBB, 0x8371, 0xF79E, 0xFFDF, 0xB5B9, 0x83F3, 0xAD37, 0xF7BF, 0xFFFF, 0x8C73, 0xBDF8, 0x8C53, 0x9473, 
    0xF77F, 0x9478, 0x5AD0, 0x5B0F, 0x6310, 0x6310, 0x6310, 0x630F, 0x630F, 0x6331, 0x6331, 0x18C4, 0x0021, 0x0841, 0x0841, 0x0841, 
    0x8497, 0x8497, 0x8498, 0x8C98, 0x8C98, 0x8CB8, 0x8CB8, 0x8CB8, 0x94B8, 0x94D8, 0x94D8, 0x94D9, 0x94D9, 0x94D9, 0x9CF9, 0x9CF9, 
    0x94FA, 0x9CFA, 0x9CFA, 0x9D1A, 0x9D1A, 0x9D1A, 0x9D1B, 0x9D1B, 0x9D3B, 0xA53B, 0xA53B, 0xA55B, 0xA55B, 0xA55B, 0xA55B, 0xA57C, 
    0xA57C, 0xAD7C, 0xAD5C, 0x9D1A, 0x8CB8, 0x8C97, 0x8C76, 0x9CD8, 0xA519, 0x9D1A, 0x9D3B, 0xA59C, 0xAD9C, 0xA55B, 0x8457, 0x7373, 
    0x7352, 0x9C76, 0xB599, 0xB5BB, 0xB5DD, 0x94B8, 0x9C76, 0xA4F9, 0xAD7B, 0xB59C, 0xB5BD, 0xB5DD, 0xBDDD, 0xB5BC, 0xAD9D, 0xA55B, 
    0xA57C, 0x94D9, 0x9CDA, 0xB57C, 0xBDDD, 0xBDBC, 0xB59B, 0xB59A, 0xB59B, 0xBD9B, 0xBDBB, 0xBDDB, 0xBDBB, 0xB59B, 0xAD7A, 0xAD5A, 
    0xA539, 0xA519, 0xAD5A, 0xB5BC, 0xAD5B, 0x9C76, 0x9456, 0x9456, 0x94B6, 0xA518, 0xAD39, 0xAD3A, 0x94D8, 0x8C97, 0x8C35, 0x9496, 
    0x9CD7, 0xAD38, 0x9479, 0x8437, 0x8C78, 0x7C36, 0x7BD2, 0x94B5, 0xAD38, 0xB57A, 0xB57A, 0xAD5A, 0xAD19, 0xACF8, 0xA4F8, 0xA4F8, 
    0xA4F8, 0x9CD8, 0x9CD7, 0x9CD6, 0xA4F7, 0x9CB6, 0x8C35, 0x8C54, 0x8C34, 0x8C34, 0x8C34, 0x8C14, 0x7BB3, 0x7330, 0x624B, 0x732E, 
    0xDE5A, 0xFF9F, 0xFFFF, 0xDEBB, 0x8391, 0xF79E, 0xFFDF, 0xB5B9, 0x83F3, 0xAD38, 0xF79F, 0xFFFF, 0x8C72, 0xC5F8, 0x8412, 0x8C52, 
    0xF7DF, 0x94F9, 0x52D0, 0x5AEF, 0x630F, 0x6330, 0x6330, 0x630F, 0x6B2F, 0x6330, 0x6310, 0x18C4, 0x0021, 0x0841, 0x0841, 0x0841, 
    0x8478, 0x8498, 0x8498, 0x8C98, 0x8C98, 0x8C98, 0x8CB8, 0x8CB8, 0x8CB8, 0x94D8, 0x94D8, 0x94D9, 0x94D9, 0x94D9, 0x9CD9, 0x9CF9, 
    0x9CF9, 0x94F9, 0x9CF9, 0x9CF9, 0x9D1A, 0x9D1A, 0x9D1B, 0x9D1B, 0x9D3A, 0xA53B, 0xA53B, 0xA55B, 0xA55B, 0xA55B, 0xA55B, 0xA57B, 
    0xA55B, 0xAD7B, 0xA55B, 0x9D1A, 0x94B8, 0x94B8, 0x94B8, 0x9CD8, 0xA519, 0x9D19, 0xA53A, 0xAD7B, 0xB59C, 0xADBB, 0x94D7, 0x83D4, 
    0x83D4, 0xA517, 0xB578, 0xB59B, 0xB5BC, 0x8C57, 0x9457, 0xA4D9, 0x9D19, 0xA519, 0xA559, 0xB5BC, 0xBDDD, 0xB5BC, 0xB5BD, 0xADBD, 
    0xADBD, 0xAD9D, 0xB5BD, 0xB5BC, 0xBDDD, 0x9498, 0x6B30, 0x6B0F, 0x6B0F, 0x6ACF, 0x7350, 0x94B5, 0xB579, 0xA519, 0x9CF9, 0x9CF8, 
    0x9CD7, 0x9CB7, 0xA518, 0xB59B, 0xAD7B, 0xB497, 0xA3B3, 0x93D1, 0x9431, 0x9C94, 0xA4F7, 0xAD59, 0xA51A, 0x9CD8, 0x9455, 0x9454, 
    0x9C95, 0xA537, 0x8CB8, 0x8497, 0x6B91, 0x424C, 0x41E8, 0x7BCF, 0xA4F6, 0xB57A, 0xB57A, 0xB55A, 0xAD19, 0xACF8, 0xA4F8, 0xA4F7, 
    0xA4F8, 0xA4F8, 0xA4F8, 0x9CD7, 0xA4D7, 0x9CB6, 0x8C35, 0x8C54, 0x8C35, 0x8C34, 0x8C34, 0x8C14, 0x7BB2, 0x6B30, 0x520B, 0x6B0E, 
    0xCDF9, 0xEEFD, 0xFFFF, 0xDE9B, 0x8391, 0xF79E, 0xFFDF, 0xB5B9, 0x83F3, 0xB539, 0xF7BF, 0xFFFF, 0x8C52, 0xBDD8, 0x8C52, 0x8C72, 
    0xFFFF, 0xAD98, 0x52CF, 0x5AEF, 0x5AEF, 0x5AEF, 0x5B0F, 0x5AEE, 0x5B0F, 0x6330, 0x630F, 0x18C4, 0x0021, 0x0841, 0x0841, 0x0841, 
    0x8478, 0x8478, 0x8478, 0x8498, 0x8C98, 0x8C98, 0x8C98, 0x8C98, 0x8CB8, 0x8CB8, 0x8CB8, 0x94B8, 0x94B8, 0x94D9, 0x94D9, 0x94F9, 
    0x94F9, 0x9CD9, 0x9CF9, 0x9CF9, 0x9D19, 0x9D1A, 0x9D1A, 0x9D1A, 0x9D3A, 0x9D3A, 0x9D3A, 0xA55B, 0xA53B, 0xA53B, 0xA53B, 0xA55B, 
    0xA55B, 0xAD5B, 0xAD5B, 0x9D1A, 0x9CD9, 0x94DA, 0x94F9, 0x94D9, 0x94D9, 0x94F9, 0x9D19, 0xAD5A, 0x9CF8, 0x5A4C, 0x5A4B, 0x6A8C, 
    0x5A2A, 0x5229, 0x49C7, 0x8C54, 0xB5DC, 0xA51A, 0x9CD9, 0x9CF8, 0x94F8, 0x9CF9, 0x9D1A, 0xB59C, 0xB5DD, 0xADBC, 0xB5BD, 0xBDBD, 
    0xBDBC, 0xBDDC, 0xAD9B, 0xAD9B, 0xBDFD, 0x8436, 0x41EC, 0x396A, 0x398A, 0x49EB, 0x62CF, 0x8C95, 0xAD79, 0x9CD9, 0x9497, 0x8435, 
    0x8415, 0x8435, 0x94D8, 0xAD7B, 0xAD5B, 0x9392, 0x598A, 0x4988, 0x62CA, 0x8412, 0x9CF5, 0xAD58, 0xAD19, 0xA4D7, 0x8C13, 0x732F, 
    0x7B8F, 0xAD37, 0x8497, 0x6352, 0x2927, 0x1084, 0x10A3, 0x41C7, 0x8432, 0xB5B9, 0xB599, 0xB559, 0xAD39, 0xAD18, 0xA4F8, 0xA4F8, 
    0xA4F8, 0xA4F8, 0xA4F8, 0x9CD7, 0xA4D7, 0x9CB7, 0x8C55, 0x8C55, 0x8435, 0x8C34, 0x8C34, 0x8C34, 0x7BB2, 0x6B30, 0x520B, 0x7B6F, 
    0xB577, 0xB578, 0xD67F, 0xC5DB, 0x83D2, 0xF79E, 0xF7BF, 0xAD99, 0x8413, 0xB579, 0xF7BF, 0xFFFF, 0x9472, 0xB537, 0x83D1, 0x8C72, 
    0xFFFF, 0xB5B9, 0x5AEF, 0x5AEF, 0x62EF, 0x5AEF, 0x5AEF, 0x5ACF, 0x5AEF, 0x6310, 0x5AF0, 0x10C4, 0x0021, 0x0841, 0x0841, 0x0841, 
    0x8478, 0x8478, 0x8478, 0x8498, 0x8C98, 0x8C98, 0x8C98, 0x8C98, 0x8CB8, 0x8CB8, 0x8CB8, 0x94B9, 0x94B9, 0x94D9, 0x94D9, 0x94F9, 
    0x94F9, 0x94F9, 0x94F9, 0x94F9, 0x9CF9, 0x9D1A, 0x9D1A, 0x9D1A, 0x9D1A, 0x9D3A, 0x9D3A, 0x9D5A, 0xA53B, 0xA53B, 0xA53B, 0xA55B, 
    0xA55B, 0xAD5B, 0xA55B, 0x9D1A, 0x9CFA, 0x9CFA, 0x9CFA, 0x9CD9, 0x9CD9, 0x9CFA, 0x9D1A, 0xA55B, 0x94D8, 0x28C6, 0x3127, 0x5A2B, 
    0x3126, 0x28C4, 0x1822, 0x7BB3, 0xB5FD, 0x9D1A, 0x9CDA, 0x94D9, 0x94F8, 0x9D1A, 0xA53B, 0xAD9C, 0xB5BC, 0xADBC, 0xAD5B, 0x8C58, 
    0x8C55, 0x9476, 0x94D8, 0xAD7A, 0xB5FD, 0x8497, 0x52B0, 0x420D, 0x39EC, 0x41EC, 0x5ACF, 0x8C96, 0xAD7A, 0x9CFA, 0x9498, 0x8417, 
    0x73B5, 0x7C16, 0x94B9, 0xAD7B, 0x94D8, 0x41EA, 0x20A5, 0x20A4, 0x3145, 0x6B2D, 0x94B3, 0xAD57, 0x9CB6, 0x83D3, 0x5A8F, 0x522C, 
    0x732F, 0xB558, 0x8C78, 0x4A90, 0x2907, 0x3128, 0x3126, 0x2905, 0x7BB0, 0xB5B9, 0xB579, 0xAD5A, 0xAD39, 0xA518, 0xA4F8, 0xA4F8, 
    0xA4F8, 0xA4F8, 0xA518, 0xA4F7, 0xACF7, 0x9CB7, 0x9456, 0x9455, 0x8C35, 0x8C34, 0x8C34, 0x8C14, 0x83B3, 0x7330, 0x520B, 0x734F, 
    0xCE3A, 0xDEBC, 0xE73F, 0xCE5C, 0x8BF3, 0xF79F, 0xF7DF, 0xB5B8, 0x8413, 0xB579, 0xF7BF, 0xFFFF, 0x9493, 0xA4D6, 0x738F, 0x8C71, 
    0xFFFF, 0xB5B9, 0x5AF0, 0x5AF0, 0x6310, 0x62F0, 0x5AF0, 0x5ACF, 0x62F0, 0x6310, 0x6310, 0x18C4, 0x0021, 0x0841, 0x0841, 0x0841, 
    0x8477, 0x8477, 0x8477, 0x8478, 0x8498, 0x8498, 0x8C98, 0x8C98, 0x8CB8, 0x8CB7, 0x8CB8, 0x8CB9, 0x8CD9, 0x94D9, 0x94D9, 0x94D9, 
    0x94D9, 0x94D9, 0x94F9, 0x94F9, 0x94F9, 0x9D1A, 0x9D1A, 0x9D1A, 0x9D1A, 0x9D1A, 0x9D1A, 0x9D3A, 0xA53B, 0xA53B, 0xA53B, 0xA53B, 
    0xA55B, 0xA55B, 0xA55B, 0x9D1A, 0x9D1A, 0xA51A, 0x9CF9, 0x9CB8, 0x9C98, 0x9CF8, 0xA55A, 0x9D7C, 0x951A, 0x2908, 0x41CB, 0x7373, 
    0x4A6F, 0x396B, 0x1846, 0x7BD4, 0xB5DD, 0xA53A, 0x9CFA, 0x9CFA, 0xA51A, 0xA53A, 0xA55B, 0xAD9C, 0xAD9C, 0xAD9C, 0xAD5B, 0x8C98, 
    0x8C77, 0x9498, 0xA4F9, 0xB57B, 0xB5DC, 0x94F8, 0x7BF5, 0x7393, 0x6B73, 0x6B72, 0x73B3, 0x94B6, 0xAD5A, 0xA519, 0xA4D8, 0x9CB7, 
    0x9497, 0x9C96, 0xA4F7, 0xA59A, 0x7C35, 0x10E6, 0x0884, 0x10A4, 0x0863, 0x4A29, 0x8C31, 0xB557, 0x9455, 0x7B72, 0x62D1, 0x7352, 
    0x9454, 0xB517, 0x9CD7, 0x83D3, 0x620C, 0x69EB, 0x620B, 0x51C9, 0x8BF2, 0xB599, 0xAD7A, 0xAD5A, 0xAD39, 0xA519, 0xA4F8, 0x9CF8, 
    0xA4F8, 0xA4F8, 0xA4F8, 0xA4F8, 0xA538, 0x9CD8, 0x9456, 0x9455, 0x8C35, 0x8C14, 0x8C14, 0x8C14, 0x83B3, 0x6B30, 0x6B2F, 0xB558, 
    0xF79F, 0xFFFF, 0xFFFF, 0xDEBC, 0x8BD4, 0xF79E, 0xFFFF, 0xD6DB, 0x8C54, 0xAD39, 0xF7BF, 0xFFFF, 0x8453, 0xAD77, 0x9492, 0x9CF3, 
    0xFFFF, 0xBDF8, 0x5B0F, 0x6310, 0x5B10, 0x4A6E, 0x422D, 0x424E, 0x52D0, 0x6330, 0x6330, 0x18C4, 0x0021, 0x0841, 0x0841, 0x0841, 
    0x8457, 0x8457, 0x8477, 0x8477, 0x8477, 0x8497, 0x8497, 0x8C98, 0x8CB8, 0x8CB7, 0x8CB8, 0x8CB9, 0x8CB9, 0x94B9, 0x94D9, 0x9CB9, 
    0x94D9, 0x94D9, 0x9CD9, 0x9CD9, 0x9CF9, 0x9CFA, 0x9D1A, 0x9D1A, 0xA51A, 0xA51A, 0x9D1A, 0x9D3A, 0x9D3A, 0x9D3A, 0xA53A, 0xA53A, 
    0xA53B, 0xA53B, 0xA55B, 0x94FA, 0x9CFA, 0x9CF9, 0xA4D9, 0xA4B8, 0x9CB8, 0x9CB8, 0xA4F9, 0x9D3A, 0x9CF8, 0x3989, 0x7330, 0x73D4, 
    0x6B72, 0x62D1, 0x312A, 0x83F5, 0xB5BC, 0xAD1A, 0xA4F9, 0xA519, 0xA518, 0xA4F8, 0xA519, 0xAD5A, 0xB59C, 0xB59C, 0xB53B, 0xAD1A, 
    0xA538, 0xA518, 0xAD38, 0xAD39, 0xB57A, 0xAD3A, 0xA4D7, 0xA4D6, 0xA4D7, 0xA4D7, 0xA4F7, 0xA538, 0xAD59, 0xAD18, 0xACF8, 0xAD17, 
    0xAD18, 0xAD17, 0xAD37, 0xAD7A, 0x7C15, 0x3188, 0x18E5, 0x18A4, 0x18A3, 0x632F, 0x9CB6, 0xAD38, 0xA4F8, 0x9CF8, 0x9CD8, 0xA4F9, 
    0xAD19, 0xAD19, 0xAD39, 0xAD19, 0x8AD1, 0x8270, 0x7ACD, 0x8B4E, 0xA494, 0xAD79, 0xAD59, 0xAD59, 0xAD59, 0xAD19, 0xA4F8, 0xA4F7, 
    0xA4F7, 0xA4F7, 0xA4F7, 0xA4F8, 0xA538, 0xA4D8, 0x9476, 0x8C55, 0x8435, 0x8414, 0x8414, 0x8414, 0x7BD3, 0x6310, 0x9494, 0xF7BF, 
    0xFFFF, 0xFFFF, 0xFFFF, 0xEF3D, 0xBD39, 0xFFBF, 0xFFFF, 0xEF9E, 0x9475, 0xAD18, 0xF79F, 0xFFFF, 0x7C32, 0xB5B7, 0xBDF8, 0xBDD8, 
    0xFFFF, 0xB5D8, 0x52EE, 0x52AE, 0x426D, 0x31CC, 0x322D, 0x31CF, 0x4251, 0x5B10, 0x6330, 0x18C4, 0x0021, 0x0841, 0x0841, 0x0841, 
    0x8457, 0x8457, 0x8477, 0x8478, 0x8478, 0x8477, 0x8497, 0x8C97, 0x8C98, 0x8C98, 0x8C98, 0x8CB8, 0x94B8, 0x94B8, 0x94D8, 0x94D8, 
    0x94D9, 0x94D9, 0x9CD9, 0x9CF9, 0x9CF9, 0x9CF9, 0x9D19, 0x9D19, 0x9D19, 0x9D1A, 0x9D1A, 0x9D1A, 0x9D1A, 0x9D1A, 0xA53A, 0xA53A, 
    0xA53A, 0xA53A, 0xA53B, 0x8C78, 0x9BF4, 0xA3F3, 0xA3F2, 0x9BF2, 0x9BD2, 0xA391, 0x9B71, 0x93F1, 0xA453, 0x8391, 0x83B2, 0x83B2, 
    0x83D2, 0x8BF3, 0x8BF3, 0xA4D8, 0xAD3A, 0xA4F7, 0xA4D6, 0xA4D6, 0xA4D6, 0xA4F7, 0xA4F7, 0xAD39, 0xB59C, 0xAD9B, 0xAD3A, 0xAD19, 
    0xAD1A, 0xAD3A, 0xAD39, 0xAD5A, 0xAD5A, 0xAD5A, 0xAD5A, 0xA55A, 0xAD5A, 0xAD5A, 0xAD5B, 0xAD7B, 0xAD7B, 0xAD7B, 0xB57B, 0xB57B, 
    0xB57B, 0xB59B, 0xB59B, 0xB59B, 0x8436, 0x5A6D, 0x4189, 0x2927, 0x528C, 0xA518, 0xB5BB, 0xB59B, 0xB59B, 0xB59B, 0xB59B, 0xB59B, 
    0xB57B, 0xAD7B, 0xAD7B, 0xAD5A, 0xA416, 0x82F1, 0x7ACD, 0x938F, 0x9C94, 0xAD58, 0xAD5A, 0xAD3A, 0xAD19, 0xAD19, 0xA4F8, 0xA4D7, 
    0xA4D7, 0xA4F7, 0xA4F8, 0xA4F7, 0xAD18, 0xA4F8, 0x9476, 0x8C55, 0x8C34, 0x8414, 0x8414, 0x8414, 0x7BD2, 0x5B0F, 0x8CB5, 0xEFDF, 
    0xF7FF, 0xFFFF, 0xFFFF, 0xEF7F, 0xCE1C, 0xFFBF, 0xFFFF, 0xEF9E, 0x8C55, 0xB539, 0xF7BF, 0xFFFF, 0x7C11, 0xB5B7, 0xCE5A, 0xCE5A, 
    0xFFFF, 0xAD97, 0x426C, 0x526D, 0x39EB, 0x31EA, 0x320A, 0x298F, 0x3A10, 0x5B0F, 0x6310, 0x18C4, 0x0021, 0x0841, 0x0841, 0x0841, 
    0x8457, 0x8457, 0x8457, 0x8477, 0x8477, 0x8477, 0x8497, 0x8497, 0x8C98, 0x8C97, 0x8CB8, 0x8CB8, 0x94B8, 0x94B8, 0x94D7, 0x94B9, 
    0x94D9, 0x94D9, 0x94D9, 0x94D9, 0x94D9, 0x94FA, 0x9CFA, 0x9CFA, 0x9CF9, 0x9D1A, 0x9D1A, 0x9D1A, 0x9D1A, 0xA51A, 0xA53A, 0xA53A, 
    0xA53A, 0xA53A, 0xA53B, 0x8437, 0x82F2, 0x8AD1, 0x8B12, 0x8B52, 0x9353, 0x9373, 0x8B94, 0x9415, 0xA4D8, 0x94D7, 0x94B7, 0x9CB8, 
    0x9CD8, 0x9CD8, 0xA4F9, 0xA51A, 0xA53A, 0xA53A, 0xA53A, 0xA55A, 0xA55A, 0xAD5A, 0xAD5B, 0xAD7B, 0xB5BC, 0xB5DC, 0xB59C, 0xB59C, 
    0xADBB, 0xB5BB, 0xB5BC, 0xB5BD, 0xB5BD, 0xBDBD, 0xBDBD, 0xBDBD, 0xBDBD, 0xBDBC, 0xB5BC, 0xB5BC, 0xBDDC, 0xBDDC, 0xBDDC, 0xBDDC, 
    0xB5BB, 0xBD9A, 0xB57A, 0xACD7, 0x7B71, 0x728D, 0x6A0A, 0x49C9, 0x8BF2, 0xBD9A, 0xBDBC, 0xBDBB, 0xBDBB, 0xBDBB, 0xB59B, 0xB59B, 
    0xB57B, 0xB57B, 0xAD7B, 0xB55A, 0xBCB8, 0x8B53, 0x72AD, 0x8B4E, 0x9432, 0xA515, 0xA517, 0xA4F8, 0xA518, 0xA518, 0xA4F8, 0x9CF7, 
    0xA4F8, 0xA4F7, 0xA4F7, 0xA4F7, 0xA518, 0xA4F7, 0x9476, 0x8C75, 0x8C34, 0x8C14, 0x8C14, 0x8C34, 0x7BD2, 0x5B0F, 0x84B4, 0xEFDF, 
    0xF7FF, 0xF7FF, 0xFFFF, 0xF77E, 0xCE1C, 0xFFBF, 0xFFFF, 0xEFBE, 0x8C75, 0xAD39, 0xF7BF, 0xFFFF, 0x7C11, 0xB5B7, 0xBDD8, 0xBDD8, 
    0xFFFF, 0xA515, 0x3989, 0x4A4B, 0x39C8, 0x29C8, 0x21C8, 0x214D, 0x216E, 0x52CE, 0x5AEF, 0x18C4, 0x0021, 0x0841, 0x0841, 0x0841, 
    0x8456, 0x8456, 0x8457, 0x8457, 0x8477, 0x8477, 0x8477, 0x8497, 0x8497, 0x8C77, 0x8C97, 0x8C97, 0x8C97, 0x8CB8, 0x8CB8, 0x94B8, 
    0x94B8, 0x94D8, 0x94D8, 0x94D8, 0x94D8, 0x94F9, 0x9CF9, 0x9CF9, 0x9CF9, 0x9CF9, 0x9D19, 0x9D19, 0xA519, 0xA519, 0xA51A, 0xA51A, 
    0xA53A, 0xA53A, 0xA55A, 0x951A, 0x94D9, 0x94D9, 0x9CFA, 0xA51A, 0xA51B, 0xA53B, 0xA55B, 0xA55B, 0xA55B, 0xA57B, 0xA57B, 0xA57B, 
    0xAD7B, 0xAD7C, 0xAD7C, 0xAD7C, 0xAD9C, 0xAD9C, 0xB5BC, 0xB5BC, 0xB5BC, 0xB5BC, 0xB5BC, 0xB5BC, 0xBDDC, 0xBDBC, 0xBDDC, 0xBDDC, 
    0xBDBC, 0xBDDC, 0xBDDC, 0xBDDC, 0xBDDC, 0xBDDC, 0xBDBC, 0xBDDC, 0xBDDC, 0xBDDC, 0xBDBC, 0xBDBC, 0xBDBC, 0xBDBC, 0xBD9B, 0xA538, 
    0x8413, 0x6B2C, 0x5209, 0x30E4, 0x3905, 0x61C7, 0x69A7, 0x6228, 0x9C71, 0xBD99, 0xB59A, 0xB59A, 0xB59B, 0xB59B, 0xB59A, 0xB57A, 
    0xB57A, 0xB55A, 0xAD59, 0xACF8, 0xA495, 0x8BB2, 0x832F, 0x8B6F, 0x93D0, 0x9C32, 0x9C53, 0x9C73, 0x9CB4, 0xA516, 0xA517, 0xA4F7, 
    0xA4D7, 0xA4D7, 0xA4F7, 0xA4F7, 0xA517, 0xA4D7, 0x9496, 0x9475, 0x8C14, 0x83D2, 0x7BB1, 0x7B90, 0x6B4F, 0x4AAD, 0x6C13, 0xD73E, 
    0xD75E, 0xCF1D, 0xEF7E, 0xCE7A, 0x8C53, 0xF79E, 0xFFDF, 0xD6BB, 0x8C75, 0xB57A, 0xF7BF, 0xFFFF, 0x73AF, 0xAD75, 0xB576, 0xAD35, 
    0xD65A, 0x630E, 0x3167, 0x39C8, 0x31A7, 0x21A7, 0x320A, 0x29AE, 0x29D0, 0x4A4E, 0x4A6E, 0x10A3, 0x0021, 0x0841, 0x0841, 0x0841, 
    0x7C36, 0x8436, 0x8456, 0x8456, 0x8477, 0x8477, 0x8477, 0x8477, 0x8C97, 0x8C77, 0x8C77, 0x9477, 0x9497, 0x8C97, 0x8CB7, 0x9498, 
    0x94B8, 0x94B8, 0x94D8, 0x94D8, 0x94D8, 0x94D8, 0x9CF8, 0x9CF8, 0x9CD9, 0x9CF9, 0x9D19, 0x9D19, 0x9CF9, 0x9D19, 0x9D19, 0x9D19, 
    0xA519, 0xA519, 0xA539, 0xA53A, 0xA53A, 0xA53A, 0xA53A, 0xA55A, 0xA55B, 0xA55B, 0xAD5A, 0xA55A, 0xA55B, 0xAD7B, 0xAD7B, 0xAD7A, 
    0xAD7B, 0xAD7B, 0xAD9B, 0xB59B, 0xB59B, 0xB59B, 0xB59B, 0xB5BB, 0xB5BB, 0xB5BB, 0xB5BB, 0xB59B, 0xB5BB, 0xB59B, 0xB5BB, 0xBDBB, 
    0xBD9C, 0xBDBC, 0xBDBC, 0xBDBB, 0xBD9B, 0xBDBB, 0xBDBB, 0xBD9B, 0xBDBB, 0xBDBB, 0xBDBB, 0xBDBB, 0xBDBB, 0xBDBC, 0xAD19, 0x7B72, 
    0x20C6, 0x1882, 0x1861, 0x1061, 0x18A2, 0x3103, 0x3102, 0x1860, 0x5248, 0xA4D3, 0xB557, 0xB579, 0xB57B, 0xB59B, 0xB59A, 0xB59A, 
    0xB559, 0xB538, 0xACF6, 0x9454, 0x8C12, 0x83F1, 0x8BD1, 0x8BB0, 0x8BB0, 0x8BF1, 0x8BF1, 0x8BD1, 0x8C32, 0x9CF4, 0xA516, 0xA4F7, 
    0xA4D7, 0xA4D7, 0xA4F7, 0xA4D6, 0xA517, 0xA4D7, 0x9475, 0x8C75, 0x73B2, 0x5AAD, 0x4A2A, 0x41C9, 0x5A8C, 0x4A6D, 0x3A4E, 0x7436, 
    0x7416, 0x5311, 0x63D3, 0x6371, 0x528D, 0xCE5D, 0xE73D, 0x6B51, 0x7391, 0xBDBA, 0xF77E, 0xFFDF, 0x6B2D, 0xA4F4, 0xBD78, 0x8370, 
    0x41A9, 0x2105, 0x39C9, 0x39C9, 0x31A8, 0x31C9, 0x5B0E, 0x4A91, 0x4A91, 0x424C, 0x424C, 0x10A3, 0x0041, 0x0841, 0x0841, 0x0841, 
    0x7C36, 0x7C36, 0x7C36, 0x7C57, 0x8457, 0x8457, 0x8477, 0x8C77, 0x8C77, 0x8497, 0x8C97, 0x8C97, 0x8C97, 0x8CB7, 0x8CB7, 0x94B7, 
    0x94B8, 0x94B8, 0x94D8, 0x94D8, 0x94D8, 0x94D8, 0x94D8, 0x94D9, 0x94D9, 0x94F9, 0x9CF9, 0x9CF9, 0x9CF9, 0x9CF9, 0x9D19, 0x9D19, 
    0x9CF9, 0x9D19, 0x9D19, 0xA539, 0xA53A, 0xA53A, 0xA53A, 0xA53A, 0xA53A, 0xA53A, 0xAD3A, 0xAD3A, 0xAD3A, 0xAD5B, 0xAD5B, 0xAD7A, 
    0xAD7A, 0xAD7A, 0xAD7B, 0xAD7B, 0xAD7B, 0xB59B, 0xB59B, 0xB59B, 0xB59B, 0xB59B, 0xB59B, 0xB59B, 0xB59B, 0xB59B, 0xB59B, 0xB59B, 
    0xB59B, 0xB59B, 0xB59B, 0xB59B, 0xB59B, 0xB59B, 0xB59B, 0xB59A, 0xB59B, 0xB59B, 0xB59B, 0xB59B, 0xB59B, 0xB59B, 0x8C76, 0x4A2C, 
    0x10A5, 0x0862, 0x1082, 0x0882, 0x1082, 0x1082, 0x1082, 0x1062, 0x1062, 0x4A29, 0x8C30, 0xB597, 0xAD37, 0xACF6, 0xA4F5, 0x9CD4, 
    0x9C94, 0x9493, 0x9433, 0x8C12, 0x8412, 0x83F2, 0x8BD2, 0x83B1, 0x83D1, 0x83F1, 0x83F1, 0x7BD1, 0x7BF1, 0x9473, 0xA4F6, 0xA4D7, 
    0xA4D7, 0x9CD7, 0x9CD7, 0x9CD7, 0xA4F7, 0xA4D7, 0x9475, 0x8C75, 0x6310, 0x2947, 0x2105, 0x20E5, 0x526B, 0x632F, 0x324E, 0x29EF, 
    0x3252, 0x3251, 0x3272, 0x3A52, 0x3A32, 0x4293, 0x4A93, 0x39F1, 0x39EF, 0x5291, 0x6AF1, 0x62F0, 0x3189, 0x528C, 0x4A4F, 0x298E, 
    0x298D, 0x296C, 0x318C, 0x318B, 0x318B, 0x29AB, 0x426E, 0x3A30, 0x4250, 0x398B, 0x398B, 0x1083, 0x0041, 0x0841, 0x0841, 0x0841, 
    0x7C36, 0x7C36, 0x7C36, 0x7C36, 0x8456, 0x8456, 0x8477, 0x8477, 0x8477, 0x8476, 0x8497, 0x8477, 0x8C77, 0x8C97, 0x8C97, 0x8C97, 
    0x94B7, 0x94B7, 0x94B8, 0x94B8, 0x94B8, 0x94D8, 0x94D9, 0x94D9, 0x94D9, 0x94D9, 0x9CD8, 0x9CF8, 0x9CF9, 0x9CF9, 0x9CF9, 0x9CF9, 
    0x9CF9, 0x9CF9, 0x9D19, 0x9D19, 0x9D19, 0x9D19, 0xA519, 0xA519, 0xA519, 0xA519, 0xA519, 0xAD39, 0xA539, 0xA53A, 0xA53A, 0xAD39, 
    0xAD5A, 0xAD5A, 0xAD5A, 0xAD5A, 0xAD7A, 0xAD7A, 0xAD7A, 0xAD7A, 0xAD7A, 0xAD7B, 0xAD7B, 0xB57B, 0xB57A, 0xB57A, 0xAD7A, 0xAD7A, 
    0xAD7A, 0xAD9B, 0xAD7A, 0xB57A, 0xB57B, 0xB57A, 0xB57A, 0xB57A, 0xB57A, 0xB57A, 0xB57A, 0xB57A, 0xB57A, 0xAD9A, 0x73D2, 0x18C6, 
    0x0884, 0x0883, 0x0883, 0x0863, 0x0863, 0x0862, 0x0882, 0x0882, 0x0862, 0x0041, 0x4249, 0x9C94, 0x62AE, 0x3989, 0x3967, 0x2906, 
    0x3987, 0x62ED, 0x7370, 0x7370, 0x83D1, 0x83D1, 0x83F2, 0x83D1, 0x83D1, 0x83F2, 0x83F2, 0x7BD1, 0x7BB1, 0x8433, 0x9CB6, 0x9C97, 
    0x9496, 0x9495, 0x9495, 0x9494, 0x9495, 0x9475, 0x83F3, 0x7BD2, 0x52AD, 0x1906, 0x10C5, 0x18A4, 0x3967, 0x4A2B, 0x3A0C, 0x3A4E, 
    0x63B5, 0x6BD6, 0x63B6, 0x5B55, 0x5315, 0x42B3, 0x4293, 0x3A52, 0x3A31, 0x3231, 0x31D1, 0x298F, 0x192B, 0x1149, 0x21AE, 0x29D1, 
    0x29D1, 0x31F1, 0x29D0, 0x29D0, 0x21B0, 0x196F, 0x090E, 0x190C, 0x214D, 0x312C, 0x398D, 0x1083, 0x0041, 0x0841, 0x0841, 0x0841, 
    0x7C16, 0x7C36, 0x7C36, 0x7C36, 0x7C56, 0x7C56, 0x8457, 0x7C76, 0x8476, 0x8476, 0x8477, 0x8C97, 0x8C97, 0x8C97, 0x8C97, 0x8CB8, 
    0x8CB8, 0x8CB8, 0x94B7, 0x94B8, 0x94B8, 0x94B8, 0x94B8, 0x94B8, 0x94D8, 0x94D8, 0x94D7, 0x94D8, 0x94D8, 0x94D8, 0x94D8, 0x94D8, 
    0x94F8, 0x94F8, 0x94F8, 0x94F8, 0x9CF8, 0x9CF8, 0x9CF9, 0x9CF9, 0x9CF9, 0x9CF9, 0x9D19, 0x9D19, 0xA519, 0xA519, 0xA519, 0xA519, 
    0xA539, 0xA539, 0xAD3A, 0xAD5A, 0xAD5A, 0xAD5A, 0xAD5A, 0xAD5A, 0xAD5B, 0xAD5B, 0xAD5A, 0xAD5A, 0xAD7A, 0xAD59, 0xAD5A, 0xAD5A, 
    0xAD79, 0xAD79, 0xAD7A, 0xAD7A, 0xAD5B, 0xAD7B, 0xAD7A, 0xAD7A, 0xAD7A, 0xAD5A, 0xAD7A, 0xAD7A, 0xAD7A, 0xA57A, 0x6B72, 0x0824, 
    0x0865, 0x0863, 0x0883, 0x0863, 0x0864, 0x0862, 0x0882, 0x0883, 0x0864, 0x0862, 0x39C8, 0x73B1, 0x3A0D, 0x0886, 0x10A4, 0x1084, 
    0x3168, 0x7350, 0x7350, 0x6B0E, 0x7B90, 0x7BB0, 0x83D1, 0x83D1, 0x83F1, 0x8411, 0x83F1, 0x7BD1, 0x73B1, 0x7BD2, 0x8413, 0x83F3, 
    0x7391, 0x7391, 0x7BB1, 0x7370, 0x6B50, 0x630E, 0x526C, 0x424B, 0x31C9, 0x1905, 0x18E5, 0x18E4, 0x18E4, 0x1905, 0x2926, 0x630E, 
    0xAD57, 0xB599, 0xA579, 0x9D18, 0x94D8, 0x9497, 0x8456, 0x7BF5, 0x6BD5, 0x5374, 0x52D3, 0x39F0, 0x194B, 0x1949, 0x21AE, 0x29D0, 
    0x31D0, 0x39F0, 0x31F1, 0x3211, 0x3212, 0x1970, 0x00EE, 0x08CC, 0x212C, 0x398C, 0x49EE, 0x10A4, 0x0041, 0x0841, 0x0841, 0x0841, 
    0x7C16, 0x7C36, 0x7C36, 0x7C36, 0x8456, 0x8456, 0x8456, 0x8456, 0x8456, 0x7C76, 0x8476, 0x8477, 0x8497, 0x8497, 0x8C97, 0x8C97, 
    0x8C98, 0x8CB7, 0x94B7, 0x94B7, 0x94B8, 0x94B8, 0x94B8, 0x94B8, 0x94B8, 0x94B8, 0x94B8, 0x94B8, 0x94D7, 0x94D7, 0x94B8, 0x94D8, 
    0x94D8, 0x94D8, 0x94D8, 0x94D8, 0x9CD8, 0x9CF8, 0x9CF8, 0x9CF8, 0x9CF9, 0x9D19, 0x9D19, 0x9D39, 0xA539, 0xA539, 0xA539, 0xAD39, 
    0xAD39, 0xA539, 0xA539, 0xAD39, 0xAD3A, 0xAD5A, 0xA55A, 0xA55A, 0xAD5A, 0xAD5A, 0xAD59, 0xAD59, 0xAD39, 0xAD59, 0xAD39, 0xAD39, 
    0xAD5A, 0xAD5A, 0xAD5A, 0xAD5A, 0xAD59, 0xAD59, 0xAD3A, 0xAD5A, 0xAD5A, 0xAD5A, 0xAD39, 0xAD39, 0xAD5A, 0x9D59, 0x5B30, 0x0044, 
    0x0865, 0x0863, 0x0862, 0x0882, 0x0862, 0x0862, 0x0862, 0x1062, 0x0862, 0x0862, 0x2105, 0x528C, 0x39CB, 0x0885, 0x18A4, 0x10A3, 
    0x3166, 0x734E, 0x7350, 0x6AEF, 0x732F, 0x7390, 0x7BD0, 0x83F1, 0x8412, 0x8413, 0x83F2, 0x83D2, 0x7BB1, 0x6B4F, 0x62EE, 0x5A6D, 
    0x2969, 0x2949, 0x3189, 0x2969, 0x2948, 0x2947, 0x2927, 0x2127, 0x2106, 0x18E5, 0x18E5, 0x18E5, 0x10E5, 0x2126, 0x2126, 0x4A2A, 
    0x9493, 0xA536, 0xA4D7, 0x9454, 0x83D1, 0x83D2, 0x7BF1, 0x8C73, 0x8C34, 0x83F4, 0x7C14, 0x73B3, 0x3A0C, 0x2968, 0x3A0D, 0x3A0F, 
    0x31EE, 0x29CD, 0x29AC, 0x218C, 0x218C, 0x194C, 0x110B, 0x08E9, 0x1109, 0x312B, 0x49CD, 0x10A3, 0x0041, 0x0841, 0x0841, 0x0841, 
    0x7C16, 0x7C16, 0x7C16, 0x7C36, 0x7C36, 0x7C36, 0x8436, 0x8456, 0x8456, 0x8476, 0x8476, 0x8476, 0x8497, 0x8C97, 0x8C97, 0x8C97, 
    0x8C97, 0x8C97, 0x8C97, 0x8CB7, 0x8CB7, 0x94B7, 0x94B7, 0x94B7, 0x94B7, 0x94B7, 0x94B7, 0x94B7, 0x94B7, 0x94B7, 0x94D7, 0x94D8, 
    0x94D8, 0x94D7, 0x94D8, 0x94D8, 0x9CD8, 0x94B7, 0x9495, 0x8C53, 0x8C33, 0x8C12, 0x83F1, 0x7BD1, 0x7B90, 0x7370, 0x632F, 0x6B0E, 
    0x6AED, 0x5AED, 0x5ACC, 0x8C55, 0xAD5A, 0xA539, 0xA53A, 0xA53A, 0xA559, 0xAD39, 0xAD39, 0xAD39, 0xAD38, 0xA539, 0xAD39, 0xAD39, 
    0xAD39, 0xAD39, 0xAD39, 0xAD59, 0xAD39, 0xAD3A, 0xAD3A, 0xAD3A, 0xAD3A, 0xAD39, 0xAD39, 0xAD39, 0xAD39, 0x9518, 0x52CE, 0x0883, 
    0x1083, 0x1062, 0x0861, 0x1082, 0x1062, 0x1082, 0x1082, 0x0862, 0x0862, 0x0883, 0x1083, 0x2947, 0x2969, 0x0884, 0x10C3, 0x10A3, 
    0x2925, 0x5A8B, 0x6B4F, 0x62EE, 0x6B2F, 0x7B90, 0x7BD1, 0x83F1, 0x8412, 0x8432, 0x8412, 0x83F2, 0x7BD2, 0x73B0, 0x6330, 0x4A6E, 
    0x2148, 0x2147, 0x2947, 0x2926, 0x2126, 0x2106, 0x2906, 0x2905, 0x20E4, 0x18E4, 0x18E4, 0x10E4, 0x10E5, 0x2167, 0x4249, 0x4A4B, 
    0x5ACF, 0x6B51, 0x6B31, 0x5A8D, 0x39A9, 0x3127, 0x2946, 0x630C, 0x632F, 0x6351, 0x6B71, 0x5B10, 0x39EB, 0x318A, 0x4A6C, 0x4A8D, 
    0x424C, 0x3A0A, 0x31CA, 0x31A9, 0x2989, 0x2167, 0x1906, 0x10E5, 0x1906, 0x3128, 0x3989, 0x1083, 0x0041, 0x0841, 0x0841, 0x0841, 
    0x7C16, 0x7C16, 0x7C16, 0x7C16, 0x7C36, 0x7C36, 0x7C36, 0x8456, 0x8456, 0x8456, 0x8456, 0x8477, 0x8477, 0x8477, 0x8C97, 0x8C97, 
    0x8C97, 0x8C97, 0x8C97, 0x8C97, 0x8C97, 0x9497, 0x94B7, 0x94B7, 0x94B7, 0x94B7, 0x94B7, 0x94B7, 0x94B7, 0x94B7, 0x94D7, 0x94B7, 
    0x94D7, 0x94B7, 0x94B7, 0x94B7, 0x94F7, 0x7C34, 0x4A8C, 0x39C7, 0x39C6, 0x3985, 0x3145, 0x20E4, 0x18C3, 0x18A3, 0x0863, 0x0841, 
    0x0822, 0x0822, 0x0000, 0x6B4F, 0xB599, 0xA518, 0xA519, 0xA519, 0xA539, 0xA519, 0xAD19, 0xAD39, 0xA518, 0xA518, 0xAD18, 0xAD19, 
    0xAD39, 0xAD39, 0xAD39, 0xAD39, 0xAD39, 0xAD39, 0xAD19, 0xAD19, 0xAD18, 0xA518, 0xA4F7, 0xACF7, 0xAD18, 0x94D6, 0x4A8C, 0x0863, 
    0x1083, 0x1082, 0x18A3, 0x30C3, 0x4945, 0x49C6, 0x49E5, 0x3186, 0x3188, 0x18C5, 0x0842, 0x1906, 0x2989, 0x10E6, 0x1907, 0x2968, 
    0x41EC, 0x6310, 0x734F, 0x62CD, 0x630D, 0x7BD0, 0x8411, 0x8C31, 0x8C31, 0x9431, 0x8C31, 0x8412, 0x83F1, 0x7BD0, 0x634F, 0x4A4D, 
    0x2128, 0x2106, 0x2126, 0x2106, 0x2106, 0x2905, 0x2906, 0x20E5, 0x20C4, 0x18E4, 0x18C4, 0x10C4, 0x18E3, 0x2965, 0x4A89, 0x52CC, 
    0x528E, 0x526E, 0x526E, 0x4A4C, 0x41C9, 0x1084, 0x08A5, 0x31EA, 0x320E, 0x3230, 0x3210, 0x29AE, 0x298D, 0x29AD, 0x422C, 0x4A4B, 
    0x420A, 0x39E9, 0x39C9, 0x3188, 0x31A9, 0x3A0B, 0x29AA, 0x2949, 0x2948, 0x4188, 0x4188, 0x1082, 0x0041, 0x0841, 0x0841, 0x0841, 
    0x7C16, 0x7C16, 0x7C16, 0x7C16, 0x7C36, 0x7C36, 0x7C36, 0x8436, 0x8436, 0x8456, 0x8456, 0x8457, 0x8477, 0x8477, 0x8477, 0x8C97, 
    0x8C97, 0x8C77, 0x8C97, 0x8C97, 0x8C97, 0x8C97, 0x9497, 0x9497, 0x8C97, 0x94B7, 0x9496, 0x9497, 0x94B7, 0x94B7, 0x94B7, 0x94B7, 
    0x94B7, 0x94B7, 0x94B7, 0x94B7, 0x94F8, 0x7414, 0x21A8, 0x0862, 0x0862, 0x1082, 0x1083, 0x0863, 0x0883, 0x0884, 0x1084, 0x1083, 
    0x10A3, 0x1883, 0x0000, 0x736F, 0xB599, 0xA518, 0xA519, 0xA519, 0xA518, 0xAD39, 0xAD3A, 0xA519, 0xA4F8, 0xA4F7, 0xA4F7, 0xA4F7, 
    0xA4F7, 0xA4F7, 0xA517, 0xA518, 0xAD18, 0xAD18, 0xAD18, 0xACF8, 0xACF7, 0xA4F6, 0xA4D6, 0xA4D6, 0xA517, 0x94B5, 0x52AC, 0x0864, 
    0x0864, 0x1083, 0x18A4, 0x38A3, 0x5965, 0x7AA9, 0x82EA, 0x6AAB, 0x62CC, 0x2946, 0x0843, 0x2106, 0x39E9, 0x31EA, 0x39ED, 0x4A6E, 
    0x6B31, 0x7B93, 0x6B4F, 0x5AAC, 0x5A6A, 0x62EC, 0x6B0D, 0x6B0D, 0x6B2D, 0x6AEC, 0x6AEC, 0x62EC, 0x5ACB, 0x5ACC, 0x5AED, 0x4A4C, 
    0x2127, 0x2105, 0x2106, 0x2105, 0x2105, 0x2905, 0x20E5, 0x20E4, 0x18C3, 0x18C3, 0x18C3, 0x18C4, 0x18E4, 0x2145, 0x4249, 0x52AD, 
    0x528E, 0x528E, 0x526E, 0x422C, 0x31A9, 0x0864, 0x00C7, 0x21CA, 0x21AE, 0x19B0, 0x19B0, 0x198F, 0x218E, 0x218E, 0x39EC, 0x420A, 
    0x39C9, 0x31A9, 0x3189, 0x2988, 0x39EA, 0x6351, 0x5B0F, 0x5A8F, 0x51EC, 0x51A8, 0x5188, 0x1082, 0x0041, 0x0841, 0x0841, 0x0841, 
    0x7BF5, 0x7C15, 0x7C15, 0x7C15, 0x7C15, 0x8416, 0x8436, 0x8436, 0x7C36, 0x7C36, 0x8455, 0x8456, 0x8456, 0x8477, 0x8477, 0x8477, 
    0x8C77, 0x8C97, 0x8C97, 0x8C97, 0x8C97, 0x8C97, 0x8C97, 0x8C97, 0x8C97, 0x9497, 0x9497, 0x9497, 0x94B7, 0x94B7, 0x94B6, 0x94B7, 
    0x94B7, 0x94B7, 0x94B7, 0x94B7, 0x94D7, 0x7434, 0x31C9, 0x0862, 0x0883, 0x0883, 0x0883, 0x0883, 0x10A3, 0x1083, 0x1083, 0x1083, 
    0x1083, 0x1083, 0x0000, 0x6B4F, 0xB578, 0xA4F7, 0xA4F7, 0x9CD7, 0xA538, 0xAD7A, 0xAD3A, 0xA4D8, 0xA4B7, 0xA4B7, 0xA4D6, 0xA4B5, 
    0xA4D6, 0xA4B5, 0x9CB5, 0x9C95, 0x9C95, 0x9C95, 0x9CB5, 0x9C95, 0x9C94, 0x9C74, 0x9454, 0x9454, 0x9433, 0x93D1, 0x72ED, 0x49C7, 
    0x4166, 0x3125, 0x2905, 0x28A3, 0x4126, 0x8B4E, 0x9B8F, 0x938E, 0x8B2C, 0x4187, 0x10A4, 0x0882, 0x31C7, 0x5B0C, 0x5B10, 0x5B0F, 
    0x6B70, 0x7BB1, 0x6B2F, 0x528C, 0x39C9, 0x3168, 0x2927, 0x2926, 0x2927, 0x2925, 0x2925, 0x2905, 0x2105, 0x3167, 0x526B, 0x4A6D, 
    0x2147, 0x2106, 0x2106, 0x2106, 0x2106, 0x2105, 0x18C5, 0x10C3, 0x10E3, 0x18A3, 0x18A3, 0x18C3, 0x10C4, 0x2126, 0x3A2A, 0x52AD, 
    0x528E, 0x4A8E, 0x52AE, 0x4A8E, 0x3A2E, 0x298B, 0x21ED, 0x21CC, 0x21B0, 0x2191, 0x2190, 0x19AF, 0x21AE, 0x29CF, 0x3A0D, 0x420C, 
    0x3A0B, 0x3A0B, 0x3A0B, 0x39EB, 0x4A6D, 0x7BD0, 0x738F, 0x734E, 0x62CB, 0x51EA, 0x51EA, 0x1083, 0x0041, 0x0841, 0x0841, 0x0841, 
    0x73F5, 0x7415, 0x7415, 0x7C15, 0x7C15, 0x7C16, 0x7C36, 0x7C36, 0x7C36, 0x8436, 0x8436, 0x8456, 0x8436, 0x8457, 0x8457, 0x8457, 
    0x8477, 0x8C77, 0x8C77, 0x8C97, 0x8C97, 0x8C97, 0x8C97, 0x8C97, 0x8C97, 0x8C97, 0x8C97, 0x8C97, 0x8C97, 0x8CB7, 0x8C96, 0x8C96, 
    0x8C96, 0x9496, 0x9496, 0x8C96, 0x8CB6, 0x7434, 0x320A, 0x0862, 0x0883, 0x0863, 0x0863, 0x0863, 0x0863, 0x0843, 0x0843, 0x0863, 
    0x0863, 0x1064, 0x0002, 0x6B4F, 0xAD57, 0x94B6, 0x94B6, 0x94B6, 0x9CD7, 0x9CF7, 0x94D6, 0x9496, 0x9455, 0x8434, 0x83F3, 0x83F3, 
    0x83F3, 0x83F3, 0x83B2, 0x7BB2, 0x7392, 0x6B92, 0x7391, 0x7B91, 0x7392, 0x6B72, 0x6B52, 0x6B51, 0x7330, 0x82CD, 0x82AB, 0x8AA8, 
    0x8287, 0x7246, 0x7205, 0x61C5, 0x61E6, 0x8B0B, 0xA3AD, 0x9B6D, 0x8ACC, 0x49C7, 0x2104, 0x0841, 0x2126, 0x4A6B, 0x5AD0, 0x6310, 
    0x7350, 0x6B70, 0x6B0F, 0x528C, 0x31CB, 0x2148, 0x2127, 0x2127, 0x2127, 0x2106, 0x2126, 0x2127, 0x2106, 0x3167, 0x4A4C, 0x4A6D, 
    0x2148, 0x2106, 0x2106, 0x2107, 0x20E7, 0x18C5, 0x1084, 0x0883, 0x18E5, 0x10E6, 0x18E6, 0x1927, 0x1907, 0x2948, 0x3A0C, 0x4A4C, 
    0x420B, 0x4A4C, 0x632F, 0x6B71, 0x6B51, 0x6B51, 0x5B32, 0x42B0, 0x4291, 0x4291, 0x4291, 0x4A91, 0x4AB1, 0x4AB1, 0x52B0, 0x5AAF, 
    0x52AF, 0x52CF, 0x52CE, 0x52CF, 0x5ACF, 0x630D, 0x5AEC, 0x52EB, 0x52EB, 0x4A6D, 0x4A4D, 0x10A3, 0x0041, 0x0841, 0x0841, 0x0841, 
    0x73F5, 0x73F5, 0x73F5, 0x73F5, 0x7C15, 0x7C15, 0x7C36, 0x7C36, 0x7C36, 0x7C35, 0x8436, 0x8456, 0x8436, 0x8457, 0x8457, 0x8477, 
    0x8477, 0x8477, 0x8C77, 0x8C77, 0x8C97, 0x8C97, 0x8C97, 0x8C97, 0x8C97, 0x8C76, 0x8C76, 0x8C76, 0x8C76, 0x8C76, 0x8C76, 0x8C76, 
    0x8C76, 0x8C96, 0x8C76, 0x8C76, 0x8496, 0x7414, 0x3A2C, 0x10C6, 0x10E7, 0x1107, 0x1928, 0x1928, 0x2149, 0x214A, 0x216A, 0x31AB, 
    0x31CB, 0x31AC, 0x316B, 0x6B51, 0x8C74, 0x8413, 0x7C14, 0x7C14, 0x7C14, 0x7C33, 0x8434, 0x8434, 0x73D3, 0x6B92, 0x6331, 0x6B51, 
    0x6B71, 0x6B71, 0x6B31, 0x6B31, 0x6331, 0x6331, 0x6310, 0x6311, 0x6331, 0x6312, 0x6311, 0x62F1, 0x6AF0, 0x7A8C, 0x7A49, 0x8225, 
    0x8225, 0x7225, 0x69C4, 0x59A4, 0x4944, 0x5186, 0x6A28, 0x7249, 0x6A09, 0x4186, 0x20E3, 0x1062, 0x2105, 0x41EA, 0x5AAF, 0x5AAF, 
    0x6AEF, 0x62EF, 0x6B0E, 0x52AC, 0x39EB, 0x2128, 0x2127, 0x29A8, 0x2989, 0x2149, 0x1908, 0x2107, 0x2107, 0x3148, 0x4A4C, 0x4AAE, 
    0x2989, 0x2168, 0x2969, 0x298A, 0x296A, 0x216A, 0x216A, 0x2989, 0x3A0B, 0x3A6B, 0x428B, 0x428B, 0x428C, 0x428C, 0x3A2C, 0x2988, 
    0x2926, 0x3147, 0x420A, 0x630E, 0x7391, 0x6B71, 0x6330, 0x5AF0, 0x5B11, 0x5B11, 0x6312, 0x6311, 0x6331, 0x6311, 0x62F0, 0x62F0, 
    0x6311, 0x5B10, 0x5B10, 0x5AEF, 0x5ACF, 0x52ED, 0x52CD, 0x4ACB, 0x4AAC, 0x4A4E, 0x4A4E, 0x10A3, 0x0041, 0x0841, 0x0841, 0x0841, 
    0x73D5, 0x73F5, 0x73F5, 0x73F5, 0x7C15, 0x7BF5, 0x7C16, 0x7C16, 0x7C16, 0x7C15, 0x7C15, 0x7C36, 0x7C56, 0x8436, 0x8456, 0x8476, 
    0x8456, 0x8456, 0x8457, 0x8C77, 0x8C76, 0x8C76, 0x8C76, 0x8C76, 0x8476, 0x8476, 0x8456, 0x8456, 0x8456, 0x8456, 0x8456, 0x8435, 
    0x7BF3, 0x7BD3, 0x73D3, 0x73D3, 0x73D4, 0x6B93, 0x52D0, 0x4A6E, 0x4A8F, 0x4AB0, 0x52D0, 0x52F0, 0x5B11, 0x5B12, 0x5B32, 0x6352, 
    0x6352, 0x6352, 0x6B53, 0x6B72, 0x6B72, 0x6B72, 0x6B72, 0x6B72, 0x6B72, 0x6B72, 0x6B72, 0x6B72, 0x6B51, 0x6331, 0x5AD0, 0x6311, 
    0x6331, 0x6331, 0x6311, 0x6310, 0x6310, 0x6310, 0x5B10, 0x5B10, 0x5B10, 0x62F1, 0x62F1, 0x62D1, 0x6AD0, 0x7A6A, 0x61C7, 0x61A4, 
    0x61A4, 0x4164, 0x30E3, 0x28C3, 0x28C3, 0x20A3, 0x28A3, 0x30E4, 0x3124, 0x3104, 0x28C3, 0x1862, 0x20A4, 0x3967, 0x5AD0, 0x52AF, 
    0x5AAE, 0x62CF, 0x6B2F, 0x630E, 0x528D, 0x31CA, 0x422C, 0x632F, 0x6331, 0x5AF0, 0x4A6F, 0x424E, 0x4A4E, 0x5A6F, 0x6B31, 0x6B72, 
    0x5B0F, 0x5B0F, 0x6310, 0x6351, 0x6331, 0x6351, 0x6B51, 0x6371, 0x73B2, 0x740F, 0x742F, 0x740F, 0x740F, 0x636E, 0x2989, 0x1084, 
    0x1083, 0x1083, 0x1063, 0x2967, 0x5AEF, 0x6B30, 0x6311, 0x5AF0, 0x6311, 0x6B31, 0x6B11, 0x6311, 0x6311, 0x6311, 0x5AF0, 0x5AF0, 
    0x62F0, 0x62F0, 0x5AF0, 0x5AD0, 0x52AF, 0x528E, 0x4A8E, 0x4A6D, 0x4A6D, 0x4A4D, 0x4A4D, 0x10A3, 0x0041, 0x0841, 0x0841, 0x0841, 
    0x73D4, 0x73F4, 0x73F5, 0x7BF5, 0x7C15, 0x7C15, 0x7C15, 0x7C16, 0x7C16, 0x7C15, 0x7C15, 0x7C35, 0x8435, 0x8436, 0x8436, 0x8456, 
    0x8476, 0x8456, 0x8456, 0x8476, 0x8C76, 0x8C76, 0x8C76, 0x8C76, 0x8C76, 0x8C76, 0x8C56, 0x8C56, 0x8456, 0x8476, 0x8456, 0x6BB3, 
    0x5B11, 0x5B11, 0x5B11, 0x5B30, 0x6331, 0x6331, 0x6331, 0x6332, 0x6352, 0x6352, 0x6352, 0x6352, 0x6351, 0x6B52, 0x6B51, 0x6352, 
    0x6352, 0x6B52, 0x6B52, 0x6B52, 0x6B72, 0x6B72, 0x6B72, 0x6B72, 0x6B71, 0x6B51, 0x6B51, 0x6B51, 0x6351, 0x6331, 0x5ACF, 0x6310, 
    0x6330, 0x6330, 0x6310, 0x5AF0, 0x5AF0, 0x62F0, 0x62F0, 0x6310, 0x6310, 0x6311, 0x62D0, 0x6AD1, 0x72EF, 0x8288, 0x59C6, 0x51A8, 
    0x4947, 0x2925, 0x20C4, 0x20C5, 0x20E6, 0x20C6, 0x20C6, 0x3127, 0x39A9, 0x39CA, 0x39AA, 0x31AA, 0x422C, 0x52CF, 0x7392, 0x7372, 
    0x7372, 0x7372, 0x7391, 0x73B1, 0x73B2, 0x6B92, 0x7BB3, 0x8414, 0x8414, 0x8413, 0x6B92, 0x6B72, 0x7393, 0x7BD3, 0x83F3, 0x83F3, 
    0x83F3, 0x7BF3, 0x7BD3, 0x7BF3, 0x7BF3, 0x7BD2, 0x7BD2, 0x73F2, 0x73F2, 0x73EF, 0x6BCE, 0x6BAE, 0x638D, 0x428A, 0x10C5, 0x0863, 
    0x0883, 0x1083, 0x0862, 0x10A3, 0x3187, 0x6B4F, 0x6310, 0x5AEF, 0x6310, 0x6330, 0x6311, 0x62F1, 0x6311, 0x6310, 0x62F0, 0x62F0, 
    0x62F0, 0x62D0, 0x5ACF, 0x5ACF, 0x52AE, 0x528F, 0x528F, 0x528D, 0x4A6D, 0x4A4E, 0x4A4E, 0x10A3, 0x0041, 0x0841, 0x0841, 0x0841, 
    0x73D4, 0x73F4, 0x73F4, 0x73F5, 0x7BF5, 0x7BF5, 0x7BF5, 0x7C16, 0x7C16, 0x7C15, 0x7C15, 0x8415, 0x8436, 0x8436, 0x8436, 0x8456, 
    0x8456, 0x8456, 0x8456, 0x8476, 0x8476, 0x8C76, 0x8C96, 0x8C96, 0x8C76, 0x8C76, 0x8C76, 0x8C76, 0x8476, 0x8C97, 0x8496, 0x6BB3, 
    0x52F0, 0x52F0, 0x52F0, 0x5AF0, 0x5B10, 0x6310, 0x6311, 0x6312, 0x6332, 0x6332, 0x6352, 0x6351, 0x6351, 0x6331, 0x6351, 0x6B31, 
    0x6B32, 0x6B52, 0x6B52, 0x6B52, 0x6B52, 0x6B52, 0x6B52, 0x6B52, 0x6B51, 0x6B51, 0x6B51, 0x6B51, 0x6351, 0x6330, 0x52CF, 0x5B10, 
    0x5B30, 0x5B10, 0x5B10, 0x5AF0, 0x5AF0, 0x5AF0, 0x6B31, 0x7392, 0x73B3, 0x6B92, 0x6B11, 0x7311, 0x7B31, 0x830D, 0x72ED, 0x7B91, 
    0x630F, 0x4A6D, 0x4A2D, 0x4A6E, 0x4AAF, 0x5B10, 0x5B10, 0x6350, 0x7371, 0x6B72, 0x6B72, 0x6B72, 0x6B73, 0x6B72, 0x7371, 0x7331, 
    0x7330, 0x7330, 0x7391, 0x83F2, 0x83F3, 0x8413, 0x83F4, 0x83F3, 0x83F3, 0x83D2, 0x7370, 0x7370, 0x73B1, 0x7BD1, 0x7BD1, 0x7BB1, 
    0x7B91, 0x7371, 0x6B50, 0x632E, 0x630E, 0x6B2F, 0x73B1, 0x73B1, 0x6350, 0x52AB, 0x4A6A, 0x3A08, 0x31E6, 0x2165, 0x0883, 0x0862, 
    0x0862, 0x1062, 0x1062, 0x1082, 0x20E3, 0x62EC, 0x6310, 0x5ACF, 0x62F0, 0x6310, 0x6330, 0x6310, 0x5AF0, 0x5AF0, 0x62F0, 0x62D0, 
    0x62CF, 0x5ACF, 0x5ACE, 0x52AE, 0x528E, 0x528F, 0x526E, 0x4A8D, 0x4A6D, 0x4A4D, 0x4A2D, 0x10A3, 0x0041, 0x0841, 0x0841, 0x0841, 
    0x73D4, 0x73D4, 0x73D4, 0x73F4, 0x73F4, 0x73F5, 0x73F5, 0x7BF5, 0x7BF5, 0x7C15, 0x7C15, 0x7C16, 0x7C36, 0x8436, 0x8436, 0x8436, 
    0x8456, 0x8456, 0x8476, 0x8476, 0x8476, 0x8C76, 0x8C76, 0x8C96, 0x8C96, 0x8C96, 0x8C76, 0x8C76, 0x8C96, 0x8C97, 0x8496, 0x6BD3, 
    0x52F0, 0x52F1, 0x52F1, 0x5B11, 0x5B10, 0x5B10, 0x6311, 0x6311, 0x6331, 0x6331, 0x6331, 0x6331, 0x6331, 0x6331, 0x6311, 0x6310, 
    0x62F0, 0x630F, 0x6330, 0x6330, 0x632F, 0x62EE, 0x5ACE, 0x52CE, 0x5AEE, 0x6B51, 0x6B51, 0x6B52, 0x6352, 0x6332, 0x52F1, 0x5B31, 
    0x6352, 0x6332, 0x6352, 0x6B73, 0x6B73, 0x6B93, 0x73D4, 0x8415, 0x8415, 0x7BF2, 0x7392, 0x7BB3, 0x7BD3, 0x7BD3, 0x8414, 0x8C55, 
    0x8434, 0x7BD4, 0x73F5, 0x7BD5, 0x8415, 0x8435, 0x8435, 0x8435, 0x8435, 0x8414, 0x8435, 0x8435, 0x7BD4, 0x7372, 0x7310, 0x6AF0, 
    0x6ACF, 0x6ACF, 0x6B4F, 0x7BB1, 0x83B0, 0x736F, 0x6B4E, 0x630D, 0x62CD, 0x5A8C, 0x4A0A, 0x41E9, 0x41E9, 0x41E8, 0x3987, 0x3146, 
    0x2906, 0x20E5, 0x2905, 0x20C4, 0x20C4, 0x3187, 0x736E, 0x4A4B, 0x3989, 0x2926, 0x2105, 0x20E4, 0x18E3, 0x18C3, 0x0862, 0x0861, 
    0x0841, 0x0842, 0x1083, 0x18A4, 0x10C5, 0x5ACD, 0x6310, 0x5ACF, 0x62EF, 0x630F, 0x62F0, 0x5AF0, 0x5AEF, 0x5AEF, 0x62CF, 0x62AF, 
    0x5AAE, 0x5AAE, 0x528E, 0x526D, 0x524D, 0x524C, 0x4A2B, 0x422C, 0x422C, 0x4A4B, 0x4A2B, 0x10A3, 0x0041, 0x0841, 0x0841, 0x0841, 
    0x73D4, 0x73D3, 0x73D3, 0x73D4, 0x73F4, 0x73F4, 0x73D5, 0x73F5, 0x7BF5, 0x7BF5, 0x7C15, 0x7C15, 0x8435, 0x8436, 0x8436, 0x8455, 
    0x8456, 0x8476, 0x8476, 0x8476, 0x8C76, 0x8C76, 0x8C76, 0x8C76, 0x8C96, 0x8C96, 0x8C97, 0x8C97, 0x8C97, 0x8C97, 0x8476, 0x6BD3, 
    0x5311, 0x5311, 0x5B11, 0x5B11, 0x5B10, 0x6310, 0x6311, 0x5B31, 0x5B51, 0x5B31, 0x5B31, 0x6331, 0x6352, 0x6353, 0x52D1, 0x422C, 
    0x39CA, 0x294A, 0x2129, 0x294A, 0x296B, 0x318C, 0x39ED, 0x426F, 0x6332, 0x73B4, 0x73B4, 0x73D4, 0x7BD4, 0x7BB4, 0x73D4, 0x73D4, 
    0x7BF4, 0x7BF4, 0x7BF4, 0x83F4, 0x83F4, 0x83F4, 0x8414, 0x8414, 0x7BD4, 0x6B71, 0x6B72, 0x7BF3, 0x7BF3, 0x8414, 0x8414, 0x8413, 
    0x83F4, 0x8414, 0x8414, 0x83F4, 0x8414, 0x8414, 0x83F4, 0x8414, 0x83F4, 0x7C14, 0x7C33, 0x7C14, 0x7BD3, 0x7372, 0x6B31, 0x6311, 
    0x6B11, 0x6B11, 0x522C, 0x2907, 0x20C4, 0x20A3, 0x18C3, 0x20E4, 0x20E4, 0x18E4, 0x18E4, 0x18E4, 0x18E4, 0x18C5, 0x10A4, 0x10A3, 
    0x10A4, 0x1083, 0x1083, 0x10A2, 0x10A2, 0x2125, 0x632D, 0x39A9, 0x20C6, 0x18C4, 0x18E4, 0x18C4, 0x18E5, 0x18C4, 0x1883, 0x18A4, 
    0x18A4, 0x18A4, 0x2906, 0x39A9, 0x3A0D, 0x6311, 0x5AEF, 0x5ACE, 0x62EF, 0x62F0, 0x5AD0, 0x5AF0, 0x5ACF, 0x5AAE, 0x5A8E, 0x524D, 
    0x4A0B, 0x41C9, 0x3988, 0x3988, 0x2947, 0x2967, 0x3188, 0x31A9, 0x31CA, 0x3A2B, 0x422C, 0x10A3, 0x0041, 0x0841, 0x0841, 0x0841, 
    0x6BD4, 0x73D4, 0x73D4, 0x73D4, 0x73F4, 0x73F4, 0x73F4, 0x73F4, 0x7BF5, 0x7C15, 0x7C15, 0x7C35, 0x7C35, 0x7C35, 0x8455, 0x8456, 
    0x8456, 0x8C56, 0x8C76, 0x8C76, 0x8C76, 0x8C76, 0x8C76, 0x8C76, 0x8C96, 0x8C96, 0x8C96, 0x8C77, 0x8C96, 0x8C76, 0x7C55, 0x6BD2, 
    0x5B10, 0x6311, 0x6BB3, 0x6372, 0x5B11, 0x5B11, 0x6311, 0x6352, 0x6B73, 0x73B2, 0x73D3, 0x7C13, 0x7C13, 0x73F3, 0x63B2, 0x5B73, 
    0x63D3, 0x7415, 0x6C15, 0x6BD4, 0x6BB4, 0x6BB3, 0x73B3, 0x73D3, 0x73D3, 0x7BF3, 0x7BF3, 0x7BF3, 0x7BF3, 0x7BD3, 0x7BF2, 0x8413, 
    0x8433, 0x8432, 0x8411, 0x83F1, 0x7C14, 0x7C14, 0x7BF4, 0x7BF4, 0x7BB3, 0x6B31, 0x6B51, 0x83F3, 0x8413, 0x83F4, 0x83F4, 0x83F3, 
    0x8414, 0x8414, 0x83F4, 0x83F4, 0x83F4, 0x8414, 0x8414, 0x8414, 0x8414, 0x8414, 0x8414, 0x83F4, 0x7BD4, 0x7BD3, 0x73B3, 0x7BD3, 
    0x7BD2, 0x73B3, 0x4A2D, 0x18C6, 0x10A3, 0x10C4, 0x10A4, 0x18C3, 0x18C3, 0x18A3, 0x18C3, 0x18C3, 0x18E4, 0x18C4, 0x18C4, 0x18C4, 
    0x18C4, 0x18A3, 0x18A3, 0x18C3, 0x18A3, 0x2125, 0x630C, 0x3189, 0x18C6, 0x18C4, 0x18C3, 0x18C4, 0x10C5, 0x20C4, 0x38E4, 0x4166, 
    0x51EA, 0x524B, 0x62CD, 0x83D3, 0x8415, 0x7393, 0x6310, 0x5AAF, 0x5ACF, 0x5AF0, 0x5ACF, 0x5AAF, 0x5AAF, 0x528F, 0x4A6F, 0x39EC, 
    0x2949, 0x2989, 0x2969, 0x31AB, 0x31EB, 0x3A2B, 0x424C, 0x4A8E, 0x4AAF, 0x5ACF, 0x5AAF, 0x10C4, 0x0021, 0x0841, 0x0841, 0x0841, 
    0x6BD3, 0x6BD3, 0x6BD4, 0x6BD4, 0x73F4, 0x73F4, 0x73F4, 0x7BF4, 0x73F4, 0x7BF4, 0x7C14, 0x7C15, 0x7C15, 0x8415, 0x8435, 0x7C35, 
    0x8456, 0x8456, 0x8456, 0x8456, 0x8476, 0x8476, 0x8C76, 0x8C76, 0x8C76, 0x8C76, 0x8C76, 0x8C76, 0x8496, 0x8475, 0x73D3, 0x7392, 
    0x5AF0, 0x6331, 0x6B93, 0x6B92, 0x6B72, 0x6B73, 0x6B93, 0x6352, 0x5B31, 0x5B31, 0x5B52, 0x5B31, 0x5B31, 0x5B30, 0x6330, 0x6B92, 
    0x73D2, 0x73D2, 0x73D2, 0x73B2, 0x6BB2, 0x73B2, 0x73D2, 0x73B2, 0x7391, 0x6B70, 0x6B50, 0x632F, 0x5AEE, 0x5ACD, 0x5A8C, 0x4A4B, 
    0x420A, 0x39A9, 0x2987, 0x632E, 0x7BF3, 0x8413, 0x7C13, 0x7BF4, 0x73B3, 0x6331, 0x6B51, 0x83F3, 0x8413, 0x83F4, 0x83F4, 0x83F4, 
    0x8414, 0x8414, 0x8414, 0x83F4, 0x83F4, 0x8413, 0x7BF3, 0x83F4, 0x83F4, 0x83F4, 0x83F4, 0x83F4, 0x83F4, 0x83F4, 0x83F3, 0x83F3, 
    0x7BF3, 0x7BB3, 0x4A6E, 0x18C7, 0x10C4, 0x10C4, 0x10C4, 0x18C4, 0x18C4, 0x18A4, 0x18C3, 0x18E3, 0x18E4, 0x10C3, 0x10A4, 0x18A4, 
    0x18A4, 0x1884, 0x1083, 0x10A3, 0x10A2, 0x18E4, 0x4A8B, 0x2968, 0x10A5, 0x18A4, 0x18C4, 0x18C5, 0x18C5, 0x28C5, 0x4904, 0x51C9, 
    0x5AEF, 0x6B50, 0x7391, 0x8C34, 0x9475, 0x8C34, 0x7372, 0x5AF0, 0x62F0, 0x62F0, 0x6310, 0x62F0, 0x62F0, 0x62F0, 0x5B10, 0x52F0, 
    0x52D0, 0x5ACF, 0x52CF, 0x5ACF, 0x5AEF, 0x5ACF, 0x5AD0, 0x5AF0, 0x5AF0, 0x62EF, 0x62EF, 0x18C4, 0x0021, 0x0841, 0x0841, 0x0841, 
    0x6BB3, 0x6BB3, 0x6BB3, 0x6BD3, 0x6BD4, 0x6BB4, 0x6BB3, 0x73D4, 0x73B4, 0x6BD3, 0x73F4, 0x7BF5, 0x7C15, 0x7C15, 0x7C35, 0x8435, 
    0x8436, 0x8456, 0x8456, 0x8456, 0x8435, 0x8436, 0x8C56, 0x8C56, 0x8C76, 0x8C55, 0x8414, 0x8C76, 0x8C76, 0x8C76, 0x8435, 0x7392, 
    0x52EF, 0x52EF, 0x5B31, 0x6351, 0x6352, 0x6372, 0x6B93, 0x6352, 0x5310, 0x4AAE, 0x4A8E, 0x424D, 0x424D, 0x424C, 0x422C, 0x4A8C, 
    0x4A8C, 0x4A6C, 0x4A2B, 0x422A, 0x31E9, 0x31A9, 0x39AA, 0x3189, 0x2968, 0x2968, 0x2968, 0x2968, 0x2167, 0x2167, 0x2127, 0x1906, 
    0x18E5, 0x18C5, 0x0863, 0x5ACD, 0x7BF3, 0x7BF3, 0x7BF3, 0x7BF3, 0x73D3, 0x6311, 0x6331, 0x7BF3, 0x7BF4, 0x83F4, 0x7BF4, 0x7BF4, 
    0x7BF4, 0x7BF4, 0x7BF4, 0x73D2, 0x6B71, 0x6B51, 0x5AEF, 0x630F, 0x73B1, 0x7BF4, 0x7BF4, 0x7BD4, 0x7BD4, 0x7BF4, 0x7BF3, 0x83D3, 
    0x83D3, 0x73B3, 0x4A6E, 0x10A7, 0x10A4, 0x18C4, 0x18A4, 0x18A4, 0x18A5, 0x18C5, 0x18C4, 0x18C4, 0x18C4, 0x18C4, 0x18C5, 0x18E6, 
    0x18C6, 0x18E6, 0x18E6, 0x1906, 0x1926, 0x2947, 0x424B, 0x31AB, 0x296A, 0x318B, 0x39CB, 0x39EC, 0x3A0D, 0x4A2D, 0x626D, 0x6ACF, 
    0x7371, 0x7392, 0x73B3, 0x73B3, 0x7BD3, 0x7BD2, 0x6B52, 0x6B31, 0x6B51, 0x6B51, 0x6B52, 0x6332, 0x6B31, 0x6330, 0x6331, 0x6331, 
    0x6331, 0x6311, 0x6311, 0x6311, 0x5AF0, 0x62F0, 0x5AF0, 0x5AEF, 0x5AF0, 0x5AD0, 0x5AD0, 0x10C4, 0x0021, 0x0841, 0x0841, 0x0841, 
    0x6393, 0x6B93, 0x6B93, 0x6BB3, 0x6392, 0x6372, 0x6392, 0x6373, 0x6372, 0x5B71, 0x6392, 0x73B4, 0x7C14, 0x7C15, 0x7C35, 0x7C35, 
    0x8436, 0x8436, 0x8456, 0x7C14, 0x7351, 0x73B3, 0x8435, 0x8414, 0x8C55, 0x7BD3, 0x62F0, 0x8414, 0x8C55, 0x8C55, 0x8455, 0x6B92, 
    0x52CF, 0x4A6D, 0x5ACF, 0x6331, 0x6351, 0x6371, 0x6B73, 0x6372, 0x4AAF, 0x1925, 0x1905, 0x1905, 0x1905, 0x1906, 0x1906, 0x1907, 
    0x1907, 0x1907, 0x2107, 0x2106, 0x2126, 0x2969, 0x298A, 0x298A, 0x2148, 0x1907, 0x1906, 0x2107, 0x1907, 0x1907, 0x18E6, 0x10E5, 
    0x18C5, 0x18A5, 0x1063, 0x5AAC, 0x7BF2, 0x7BF3, 0x73F3, 0x73F3, 0x73D3, 0x6B11, 0x6330, 0x73D2, 0x73D2, 0x73B3, 0x73B2, 0x6B91, 
    0x7392, 0x73D3, 0x6BB2, 0x5AAE, 0x420B, 0x39CA, 0x2928, 0x39C9, 0x7370, 0x83F4, 0x7BF4, 0x7BD4, 0x7BD3, 0x7BD3, 0x7BD3, 0x7BD2, 
    0x7BD3, 0x73B3, 0x4AAF, 0x0865, 0x1084, 0x18A5, 0x18C5, 0x18C5, 0x2106, 0x2127, 0x2127, 0x1968, 0x2168, 0x2969, 0x298A, 0x31CB, 
    0x31EC, 0x3A2D, 0x424E, 0x424F, 0x4A8F, 0x52D0, 0x6351, 0x6B52, 0x6B32, 0x6B52, 0x6B51, 0x6B72, 0x6B92, 0x7392, 0x7392, 0x7392, 
    0x7392, 0x7392, 0x7391, 0x7391, 0x6B72, 0x6B52, 0x5AF0, 0x6310, 0x6331, 0x6B51, 0x6B31, 0x6B31, 0x6331, 0x6330, 0x6311, 0x6311, 
    0x6311, 0x6311, 0x6311, 0x5B31, 0x5B10, 0x5AF0, 0x62F0, 0x5AEF, 0x5ACF, 0x5AD0, 0x52B0, 0x10C4, 0x0021, 0x0841, 0x0841, 0x0841, 
    0x6371, 0x6372, 0x6372, 0x5B11, 0x4A8D, 0x424A, 0x424B, 0x3A0A, 0x3209, 0x3208, 0x3A29, 0x426C, 0x7C13, 0x7C15, 0x7C35, 0x7C55, 
    0x8456, 0x8C56, 0x8C76, 0x6B50, 0x49C9, 0x628C, 0x626B, 0x62AC, 0x8C54, 0x8C34, 0x9C36, 0x83B3, 0x8C55, 0x8C55, 0x8455, 0x73B2, 
    0x5AF0, 0x4A4E, 0x5ACF, 0x6330, 0x6B71, 0x6B71, 0x6B72, 0x6372, 0x4AAE, 0x0864, 0x10A4, 0x10C4, 0x10C4, 0x10E5, 0x10E5, 0x18E5, 
    0x18E5, 0x18E5, 0x20E5, 0x20E5, 0x2105, 0x2988, 0x31CA, 0x3189, 0x2106, 0x18E5, 0x18E4, 0x18E5, 0x18C5, 0x18C5, 0x18C4, 0x10A4, 
    0x18A4, 0x18A4, 0x1063, 0x5AAC, 0x7BD2, 0x7BF2, 0x7BF3, 0x7BD3, 0x73B3, 0x6B11, 0x5A8E, 0x524C, 0x4A2B, 0x4A4B, 0x4A2A, 0x39C9, 
    0x39A9, 0x4209, 0x31A8, 0x2106, 0x18C5, 0x18E4, 0x2125, 0x4A8C, 0x7BF4, 0x8436, 0x8435, 0x8415, 0x7BF4, 0x7BD3, 0x7BD3, 0x7BD3, 
    0x7BD2, 0x7BD2, 0x6332, 0x31AC, 0x31AC, 0x39ED, 0x3A4E, 0x428F, 0x4A8F, 0x52B0, 0x5AF1, 0x5B11, 0x6332, 0x6B52, 0x6B72, 0x7392, 
    0x73B3, 0x73B3, 0x73B3, 0x73B3, 0x7BB3, 0x7BB3, 0x7BB3, 0x7BB3, 0x7BB3, 0x7BB3, 0x7BB3, 0x7B93, 0x7B93, 0x7B93, 0x7B93, 0x7392, 
    0x7392, 0x7392, 0x7392, 0x6B72, 0x6B51, 0x6B51, 0x5AF0, 0x6310, 0x6311, 0x6B31, 0x6B31, 0x6B31, 0x6331, 0x6331, 0x6310, 0x6310, 
    0x6311, 0x6310, 0x6310, 0x5AF0, 0x62F0, 0x62F0, 0x62CF, 0x5ACF, 0x5ACF, 0x5ACF, 0x5AAF, 0x10C4, 0x0021, 0x0841, 0x0841, 0x0841, 
    0x31A8, 0x5B0E, 0x52CE, 0x320B, 0x2168, 0x18E6, 0x0884, 0x0862, 0x08A3, 0x2144, 0x29A6, 0x31C8, 0x7C11, 0x7BF3, 0x7C14, 0x6330, 
    0x62EF, 0x5AEE, 0x5AEE, 0x4A2A, 0x3104, 0x3104, 0x3124, 0x49E8, 0x83D1, 0x6AEE, 0x7ACD, 0x622B, 0x6A8B, 0x72AB, 0x6B2D, 0x738E, 
    0x6310, 0x528F, 0x52AF, 0x6310, 0x6351, 0x6371, 0x6372, 0x6B93, 0x52CF, 0x0043, 0x0884, 0x1083, 0x10A3, 0x10A4, 0x10A4, 0x10A3, 
    0x10A3, 0x10A4, 0x10A4, 0x10A3, 0x10C3, 0x18C3, 0x18C4, 0x18A3, 0x10A2, 0x10A2, 0x10A2, 0x10A3, 0x1083, 0x10A4, 0x18A3, 0x1883, 
    0x10A3, 0x1083, 0x1042, 0x526B, 0x73B1, 0x7BD2, 0x7BD3, 0x73D3, 0x73B3, 0x6331, 0x420C, 0x18E7, 0x0865, 0x1884, 0x18A4, 0x1084, 
    0x1084, 0x1085, 0x10A5, 0x10C6, 0x10E6, 0x2106, 0x4A6C, 0x73D2, 0x8C75, 0x8C75, 0x8C75, 0x8C55, 0x83F4, 0x83D3, 0x83D3, 0x83F3, 
    0x83F3, 0x83F3, 0x7BD3, 0x73D3, 0x7BF3, 0x73F4, 0x7C14, 0x7414, 0x7BF3, 0x7BF2, 0x7BD3, 0x7BD3, 0x7BF3, 0x7BF3, 0x7BD3, 0x7BF3, 
    0x7BD3, 0x7BD3, 0x7BD2, 0x7BD2, 0x7BD2, 0x7BD2, 0x73B2, 0x7BB2, 0x7BB2, 0x7BB2, 0x7BB2, 0x7B92, 0x7B92, 0x7392, 0x7392, 0x7392, 
    0x7392, 0x6B92, 0x6B92, 0x6B72, 0x6B72, 0x6B51, 0x5AEF, 0x6310, 0x6311, 0x6B31, 0x6331, 0x6310, 0x6310, 0x6310, 0x6330, 0x6310, 
    0x6310, 0x62EF, 0x62EF, 0x5AF0, 0x5AF0, 0x5AD0, 0x5AD0, 0x5AD0, 0x5ACF, 0x5AAF, 0x5AAF, 0x10C4, 0x0021, 0x0841, 0x0841, 0x0841, 
    0x0000, 0x4228, 0x4229, 0x2146, 0x2167, 0x1926, 0x10C4, 0x1925, 0x2166, 0x31E8, 0x31A7, 0x3A09, 0x8412, 0x7BF3, 0x7C14, 0x28E7, 
    0x1023, 0x0801, 0x0000, 0x1041, 0x28E3, 0x2925, 0x31A9, 0x522B, 0x728D, 0x3085, 0x2802, 0x2802, 0x3001, 0x3022, 0x28C3, 0x62EC, 
    0x6331, 0x5B30, 0x5AF0, 0x5AF0, 0x6351, 0x6372, 0x6372, 0x6392, 0x52CF, 0x0844, 0x0864, 0x1083, 0x1083, 0x1083, 0x1083, 0x1082, 
    0x1082, 0x0882, 0x0882, 0x08A2, 0x0882, 0x1062, 0x1882, 0x1082, 0x0861, 0x1082, 0x1082, 0x1082, 0x1083, 0x1083, 0x1083, 0x1083, 
    0x0883, 0x0862, 0x0821, 0x522A, 0x7391, 0x7BD2, 0x7BD3, 0x73B3, 0x73B3, 0x6351, 0x4A6E, 0x216A, 0x1908, 0x1907, 0x1908, 0x1929, 
    0x1949, 0x216B, 0x216B, 0x29AD, 0x322E, 0x428F, 0x6B94, 0x7BF4, 0x8C14, 0x8C34, 0x8C33, 0x7BD2, 0x73B0, 0x7BB1, 0x7BD3, 0x83F3, 
    0x83F3, 0x83F3, 0x83F3, 0x7BF2, 0x83D3, 0x7BD3, 0x7BD3, 0x7BD3, 0x7BF2, 0x7BF2, 0x7BD2, 0x7BD2, 0x7BD3, 0x7BD3, 0x7BD3, 0x7BD3, 
    0x7BD3, 0x73D2, 0x7BD2, 0x7BD3, 0x7BD3, 0x73B3, 0x7BB2, 0x7BB3, 0x73B2, 0x73B2, 0x73B2, 0x7391, 0x7392, 0x7392, 0x7392, 0x7372, 
    0x6B71, 0x6B71, 0x7372, 0x7352, 0x6B52, 0x6B32, 0x62CF, 0x62F0, 0x6B11, 0x6B31, 0x6B11, 0x6311, 0x6311, 0x630F, 0x6310, 0x62F0, 
    0x5AEF, 0x5AEF, 0x62EF, 0x62EF, 0x5ACF, 0x5AD0, 0x5AB0, 0x52B0, 0x5AB0, 0x5AAF, 0x5AAF, 0x10C4, 0x0021, 0x0841, 0x0841, 0x0841, 
    0x0020, 0x20E2, 0x2125, 0x2146, 0x2987, 0x2987, 0x2987, 0x2987, 0x2987, 0x2987, 0x29A7, 0x39E9, 0x8411, 0x73F3, 0x7BF3, 0x2148, 
    0x08C6, 0x10C6, 0x18C6, 0x10C6, 0x1906, 0x424C, 0x52F0, 0x526E, 0x4949, 0x38C6, 0x4127, 0x3907, 0x38E6, 0x38E7, 0x20A4, 0x62AB, 
    0x6B50, 0x8C54, 0x6B72, 0x5AF1, 0x6331, 0x6351, 0x6352, 0x6372, 0x52AF, 0x1065, 0x0864, 0x1062, 0x1063, 0x1082, 0x0862, 0x0861, 
    0x0861, 0x0041, 0x0021, 0x0021, 0x0001, 0x0821, 0x0841, 0x0841, 0x0020, 0x0021, 0x0021, 0x0021, 0x0042, 0x0863, 0x08A4, 0x10C5, 
    0x1106, 0x1107, 0x1907, 0x52AE, 0x73B2, 0x73D2, 0x7BD3, 0x7BD3, 0x73D3, 0x73B3, 0x6B73, 0x6352, 0x5B52, 0x6BB4, 0x73F5, 0x7C15, 
    0x7C35, 0x7C35, 0x7C35, 0x7C14, 0x7C14, 0x7BF3, 0x7BF3, 0x83F3, 0x83F3, 0x7BF2, 0x73D2, 0x632F, 0x62CE, 0x7370, 0x7BD2, 0x7BD2, 
    0x7BD2, 0x7BF2, 0x7BF3, 0x7BF3, 0x7BF3, 0x7BD3, 0x7BD3, 0x7BD2, 0x7BF3, 0x7BD3, 0x7BD3, 0x7BD3, 0x7BD2, 0x7BD2, 0x7BD3, 0x7BD3, 
    0x7BD3, 0x7BD2, 0x7BB2, 0x73B2, 0x7BB2, 0x7BB2, 0x7BB2, 0x73B2, 0x73B2, 0x73B2, 0x7392, 0x7392, 0x7372, 0x7392, 0x7392, 0x7372, 
    0x7372, 0x7372, 0x7351, 0x6B51, 0x6B51, 0x6B30, 0x5ACF, 0x62EF, 0x6330, 0x6310, 0x6311, 0x6B11, 0x6310, 0x6310, 0x62F0, 0x62F0, 
    0x5AF0, 0x5AF0, 0x5AF0, 0x5AD0, 0x5ACF, 0x5ACE, 0x5ACE, 0x52AF, 0x52AF, 0x528F, 0x528F, 0x10A4, 0x0021, 0x0841, 0x0841, 0x0841, 
    0x0020, 0x0000, 0x10A3, 0x2167, 0x2167, 0x2187, 0x2187, 0x29A7, 0x29A7, 0x29A6, 0x29A7, 0x39E9, 0x73D1, 0x6BB2, 0x6BB3, 0x4ACF, 
    0x428E, 0x4AB0, 0x4AD1, 0x52F1, 0x6332, 0x6B52, 0x6B31, 0x62CF, 0x40E8, 0x28A6, 0x3968, 0x49EA, 0x41CB, 0x520C, 0x41AA, 0x5AAE, 
    0x62EF, 0x7372, 0x6330, 0x5B10, 0x6311, 0x6351, 0x6BB3, 0x6B93, 0x52CF, 0x08A6, 0x0864, 0x0841, 0x0022, 0x0844, 0x08A6, 0x10E7, 
    0x1928, 0x218A, 0x21AB, 0x29CA, 0x322B, 0x2128, 0x18C7, 0x1908, 0x1968, 0x2189, 0x29AA, 0x31AA, 0x31EC, 0x3A0D, 0x424E, 0x4A6F, 
    0x4AF0, 0x5331, 0x6353, 0x73B4, 0x7BD3, 0x7BF3, 0x7BF3, 0x83F3, 0x83F3, 0x83F3, 0x83F3, 0x7BF3, 0x7BF3, 0x7BF3, 0x7BF3, 0x83F3, 
    0x83F3, 0x83D3, 0x83D3, 0x83D3, 0x83F3, 0x83F3, 0x83F3, 0x7BF3, 0x7BF3, 0x7BD3, 0x73D2, 0x5ACF, 0x526D, 0x6B31, 0x7BD2, 0x7BD2, 
    0x7BD3, 0x7BD3, 0x7BD3, 0x7BD3, 0x7BD3, 0x7BD3, 0x7BD3, 0x73D3, 0x7BD3, 0x7BD3, 0x7BD2, 0x7BD2, 0x7BD2, 0x73D2, 0x7BD3, 0x7BB3, 
    0x7BB3, 0x7BB3, 0x73B3, 0x7BB3, 0x73B3, 0x73B2, 0x73B2, 0x7392, 0x73B2, 0x7392, 0x7392, 0x7392, 0x6B92, 0x6B72, 0x7373, 0x7372, 
    0x7372, 0x7372, 0x6B52, 0x6B52, 0x6B32, 0x6331, 0x52CF, 0x5AEF, 0x6310, 0x6310, 0x6310, 0x62F0, 0x5AF0, 0x5B10, 0x62EF, 0x5ACF, 
    0x52AF, 0x5ACF, 0x5ACF, 0x5AAF, 0x5AAF, 0x52AF, 0x5A8F, 0x528F, 0x528F, 0x528F, 0x528F, 0x10A4, 0x0021, 0x0841, 0x0841, 0x0841, 
    0x0020, 0x0021, 0x0882, 0x1925, 0x2186, 0x2186, 0x21A6, 0x21A7, 0x21A7, 0x29A6, 0x2986, 0x31C8, 0x6B6F, 0x6371, 0x6B92, 0x73D3, 
    0x6B92, 0x73B2, 0x73F3, 0x73F3, 0x7BF4, 0x73B3, 0x6B92, 0x6351, 0x524E, 0x526E, 0x5AEF, 0x6310, 0x6B31, 0x6B52, 0x6B72, 0x5B10, 
    0x4A8E, 0x4A6E, 0x52EF, 0x5B10, 0x6310, 0x6B52, 0x7414, 0x6C13, 0x4AEF, 0x1909, 0x10E7, 0x2169, 0x4A8E, 0x4A8F, 0x4AAF, 0x5311, 
    0x5B32, 0x63B3, 0x6BF5, 0x73F5, 0x7C35, 0x5B32, 0x5AD1, 0x6332, 0x6393, 0x6BB3, 0x6BD3, 0x73F4, 0x7BF4, 0x7BF4, 0x7BF4, 0x7BD3, 
    0x7BD3, 0x7BD3, 0x7BD3, 0x73D3, 0x7BD3, 0x7BD3, 0x7BF3, 0x7BF3, 0x7BF3, 0x7BF3, 0x7BD3, 0x7BD3, 0x7BF3, 0x7BF3, 0x73F3, 0x7BF3, 
    0x7BF3, 0x7BD3, 0x7BD3, 0x73F3, 0x7BF3, 0x7BF2, 0x7BD2, 0x7BF2, 0x7BD3, 0x7BD3, 0x7BD3, 0x5ACF, 0x4A4D, 0x6B31, 0x7BB2, 0x7BD2, 
    0x7BD3, 0x7BD3, 0x7BD3, 0x7BD3, 0x73D3, 0x73D2, 0x7BD3, 0x73B3, 0x73D2, 0x7BD2, 0x7BD2, 0x7BD3, 0x73D2, 0x73B2, 0x7BB3, 0x7BB3, 
    0x7BB3, 0x7BB3, 0x7BB3, 0x73B3, 0x73B3, 0x7392, 0x7392, 0x7392, 0x7392, 0x6B92, 0x7392, 0x7392, 0x7392, 0x7372, 0x7372, 0x6B72, 
    0x6B52, 0x6B52, 0x6B51, 0x6B31, 0x6332, 0x6311, 0x52CF, 0x5ACF, 0x5AF0, 0x5AF0, 0x5ACF, 0x52AF, 0x4AAF, 0x52AE, 0x5AD0, 0x5290, 
    0x4A4E, 0x528E, 0x52AF, 0x52AF, 0x52AF, 0x52AF, 0x528F, 0x4A6F, 0x4A6F, 0x4A6F, 0x4A4E, 0x10A3, 0x0041, 0x0841, 0x0841, 0x0841, 
    0x0021, 0x0041, 0x0061, 0x1103, 0x2166, 0x2186, 0x2186, 0x2187, 0x2187, 0x2986, 0x2986, 0x29C7, 0x530C, 0x5B10, 0x6372, 0x6B93, 
    0x6B73, 0x6BB2, 0x6BB3, 0x6BB3, 0x73B3, 0x73D4, 0x73D3, 0x73D3, 0x73D3, 0x7C14, 0x7C15, 0x7BD4, 0x7BF3, 0x7BD3, 0x73D3, 0x5B10, 
    0x424C, 0x3A0B, 0x528D, 0x5ACE, 0x52AE, 0x5AEE, 0x6BB1, 0x6BD3, 0x5B51, 0x424E, 0x422D, 0x52D0, 0x7BD5, 0x73D3, 0x73B3, 0x73B3, 
    0x7392, 0x7392, 0x7391, 0x7392, 0x6B92, 0x6B71, 0x7392, 0x73B2, 0x73D2, 0x73D2, 0x73D3, 0x73B2, 0x73D3, 0x73D3, 0x73D3, 0x73D3, 
    0x7BD3, 0x7BD3, 0x73D3, 0x73D3, 0x7BD3, 0x7BD3, 0x7BD3, 0x7BD3, 0x7BD3, 0x7BD3, 0x7BD3, 0x7BD3, 0x7BD3, 0x7BD3, 0x7BD3, 0x7BF3, 
    0x7BD3, 0x7BD3, 0x7BF3, 0x73D3, 0x7BD3, 0x7BD2, 0x7BD2, 0x7BD3, 0x7BD3, 0x7BD3, 0x7BD3, 0x52AE, 0x4A2D, 0x6B31, 0x73B2, 0x7BB2, 
    0x7BD3, 0x7BD3, 0x7BD2, 0x7BD3, 0x73D3, 0x73D3, 0x7BB3, 0x7BB3, 0x7BB3, 0x7BD3, 0x7BB3, 0x7BB3, 0x7BB3, 0x73B3, 0x7BB3, 0x7BB3, 
    0x7BB3, 0x73B3, 0x73B3, 0x73B3, 0x73B3, 0x7392, 0x7392, 0x7392, 0x7372, 0x6B92, 0x6B92, 0x6B72, 0x7372, 0x7372, 0x6B72, 0x6B72, 
    0x6B52, 0x6B52, 0x6B31, 0x6B31, 0x6331, 0x6310, 0x52AF, 0x52CE, 0x52CF, 0x4AAF, 0x528E, 0x528F, 0x424D, 0x424D, 0x52B0, 0x52B0, 
    0x422E, 0x3A0D, 0x4A4E, 0x4A8E, 0x4A8E, 0x4A6E, 0x4A6E, 0x422E, 0x420D, 0x420C, 0x39EB, 0x1083, 0x0041, 0x0841, 0x0841, 0x0841, 
    0x0020, 0x0020, 0x0081, 0x1904, 0x2166, 0x2186, 0x2186, 0x2187, 0x2187, 0x2167, 0x2987, 0x31A6, 0x424A, 0x4A6D, 0x52CF, 0x5B10, 
    0x5310, 0x5310, 0x5B31, 0x52F0, 0x4A6F, 0x6311, 0x7C14, 0x8413, 0x7BF3, 0x7BF3, 0x73D3, 0x73B2, 0x73B2, 0x73B2, 0x6BD2, 0x4AEF, 
    0x422D, 0x3A4E, 0x5AF0, 0x6B51, 0x6330, 0x5B0F, 0x6310, 0x6B51, 0x6B52, 0x6B72, 0x6B72, 0x6B51, 0x6351, 0x6B71, 0x6B71, 0x6B51, 
    0x6351, 0x6351, 0x6351, 0x6351, 0x6B71, 0x6B72, 0x7372, 0x7392, 0x7392, 0x73B2, 0x73B3, 0x73B2, 0x73D2, 0x73D2, 0x73B2, 0x73B3, 
    0x7BD2, 0x7BB2, 0x7BD2, 0x7BD2, 0x7BB3, 0x7BB3, 0x7BD3, 0x7BD2, 0x7BD3, 0x7BD3, 0x7BD3, 0x7BD2, 0x7BD3, 0x73D3, 0x73D3, 0x7BD3, 
    0x7BD3, 0x7BD3, 0x7BD3, 0x7BD3, 0x7BD3, 0x7BD2, 0x7BD2, 0x7BD3, 0x7BD2, 0x73D2, 0x73D2, 0x528E, 0x4A0C, 0x6B10, 0x7BB2, 0x7BB2, 
    0x7BB3, 0x7BB3, 0x7BD2, 0x7BD2, 0x7BD2, 0x7BD3, 0x7BB3, 0x7B93, 0x7BB3, 0x7BB3, 0x7BB2, 0x7BB3, 0x7BB3, 0x73B2, 0x73B2, 0x7BB3, 
    0x7BB2, 0x7392, 0x7392, 0x73B2, 0x7392, 0x7392, 0x7392, 0x7392, 0x7372, 0x7372, 0x7372, 0x6B72, 0x6B72, 0x6B72, 0x6B52, 0x6352, 
    0x6351, 0x6B52, 0x6B51, 0x6B31, 0x6331, 0x6310, 0x52AE, 0x52AF, 0x4A8E, 0x4A6E, 0x52AE, 0x52AE, 0x31C9, 0x31C9, 0x4A6D, 0x528E, 
    0x41EC, 0x296A, 0x318B, 0x39EB, 0x39EA, 0x39CA, 0x31C9, 0x3189, 0x3188, 0x3189, 0x3189, 0x0882, 0x0041, 0x0841, 0x0841, 0x0841, 
    0x0020, 0x0020, 0x0061, 0x1103, 0x2165, 0x2165, 0x2165, 0x2186, 0x2186, 0x2165, 0x2966, 0x2966, 0x1905, 0x2105, 0x18E5, 0x4A4B, 
    0x420A, 0x31A8, 0x31A8, 0x39A9, 0x31A8, 0x528C, 0x7C13, 0x7C13, 0x7BD3, 0x7BD3, 0x73D2, 0x73D2, 0x73D2, 0x7C33, 0x8495, 0x8CD6, 
    0x8496, 0x8456, 0x8476, 0x8476, 0x8C96, 0x7C14, 0x6351, 0x6350, 0x6330, 0x6330, 0x6B51, 0x6B31, 0x6B31, 0x6B51, 0x6B51, 0x6350, 
    0x6351, 0x6331, 0x6351, 0x6352, 0x6352, 0x7372, 0x7392, 0x7392, 0x73B2, 0x73B2, 0x73B2, 0x73B2, 0x73B2, 0x73B2, 0x7BB2, 0x7BB2, 
    0x73D2, 0x73D2, 0x73B2, 0x73D2, 0x73D2, 0x73B2, 0x7BB2, 0x7BB2, 0x7BB2, 0x73D2, 0x73B3, 0x7BD3, 0x7BD3, 0x7BD2, 0x7BD2, 0x7BB2, 
    0x7BD2, 0x7BD3, 0x7BB3, 0x7BD3, 0x7BB3, 0x7BD3, 0x7BD3, 0x7BD2, 0x73D2, 0x73D3, 0x73B3, 0x528E, 0x420B, 0x630F, 0x7392, 0x7BB2, 
    0x7BB2, 0x73D2, 0x7BB2, 0x7BB2, 0x7BB2, 0x7BB2, 0x7BD2, 0x73B2, 0x73B2, 0x73B2, 0x73B2, 0x73B2, 0x73B2, 0x73B2, 0x7BB2, 0x7BB2, 
    0x7391, 0x73B2, 0x73B2, 0x73B2, 0x7392, 0x7392, 0x7392, 0x6B92, 0x7372, 0x7372, 0x7372, 0x7352, 0x6B52, 0x6B51, 0x6B52, 0x6351, 
    0x6B31, 0x6B30, 0x6B10, 0x62F0, 0x62F0, 0x62CF, 0x4A6E, 0x420D, 0x420C, 0x4A4C, 0x424C, 0x2949, 0x2106, 0x3186, 0x39C8, 0x31A8, 
    0x2947, 0x1905, 0x2126, 0x2946, 0x2967, 0x2968, 0x3189, 0x31A8, 0x31C9, 0x31CA, 0x39EA, 0x10A3, 0x0041, 0x0841, 0x0841, 0x0841, 
    0x0020, 0x0040, 0x0060, 0x10E2, 0x2144, 0x2145, 0x2165, 0x2166, 0x2166, 0x2165, 0x2965, 0x2145, 0x10A2, 0x1062, 0x0821, 0x3A09, 
    0x2987, 0x1084, 0x1084, 0x18E6, 0x2947, 0x4A4B, 0x7BD2, 0x7BF3, 0x7BD3, 0x7BB3, 0x73B2, 0x73B2, 0x73F3, 0x8CD5, 0x9D17, 0xA578, 
    0xA558, 0x9CF6, 0x94D5, 0x9494, 0x8C95, 0x8414, 0x6B51, 0x6331, 0x6330, 0x6330, 0x6351, 0x6331, 0x6331, 0x6B31, 0x6B51, 0x6B30, 
    0x6B31, 0x6B31, 0x6B31, 0x6B51, 0x6B51, 0x6B71, 0x7392, 0x7392, 0x73B2, 0x73B2, 0x73B2, 0x73B2, 0x73B2, 0x73B2, 0x73B2, 0x73B2, 
    0x73B2, 0x73B2, 0x73B2, 0x73B3, 0x73B2, 0x73B2, 0x73B2, 0x7BB2, 0x7BD2, 0x73D2, 0x73B2, 0x7BB3, 0x7BD2, 0x73D2, 0x73D3, 0x73B3, 
    0x7BB2, 0x73D3, 0x7BB3, 0x7BB3, 0x7BB2, 0x7BD3, 0x7BB3, 0x7BB2, 0x7BB2, 0x73D2, 0x73D3, 0x4A8E, 0x41EB, 0x62EF, 0x7392, 0x73B2, 
    0x73B2, 0x7BB2, 0x73B2, 0x73B2, 0x73B2, 0x73B2, 0x7BB2, 0x73B2, 0x73B2, 0x73B2, 0x73B2, 0x7392, 0x73B1, 0x73B2, 0x73B2, 0x7392, 
    0x7392, 0x6BB1, 0x6B91, 0x7C15, 0x7BF4, 0x7392, 0x7372, 0x6B72, 0x7371, 0x7371, 0x6B71, 0x6B51, 0x6B30, 0x6B2F, 0x634F, 0x630F, 
    0x62CE, 0x62AD, 0x5A8D, 0x526D, 0x524D, 0x4A0B, 0x39C9, 0x3988, 0x39A8, 0x39C9, 0x3188, 0x18E6, 0x2105, 0x2925, 0x2946, 0x2926, 
    0x18C4, 0x18C4, 0x18E4, 0x2104, 0x2145, 0x2146, 0x2947, 0x3187, 0x31A8, 0x31A9, 0x31A8, 0x0882, 0x0041, 0x0841, 0x0841, 0x0841, 
    0x0040, 0x0040, 0x0060, 0x18A2, 0x2104, 0x2124, 0x2145, 0x2144, 0x2165, 0x2142, 0x18E1, 0x0881, 0x08A1, 0x10C5, 0x1928, 0x322B, 
    0x322B, 0x31CB, 0x39CC, 0x39EB, 0x426C, 0x5B0E, 0x7370, 0x83F2, 0x7BB0, 0x7390, 0x736F, 0x62ED, 0x7BD0, 0x8C92, 0x9473, 0x8C53, 
    0x8C53, 0x8C53, 0x8C33, 0x8412, 0x83F3, 0x7BB2, 0x6B31, 0x6331, 0x6B31, 0x6B71, 0x6371, 0x6351, 0x6331, 0x6331, 0x6351, 0x6331, 
    0x6B31, 0x6B31, 0x6B52, 0x6B52, 0x6B52, 0x6B71, 0x7391, 0x7391, 0x7391, 0x73B2, 0x7392, 0x7392, 0x7392, 0x73B2, 0x73B2, 0x73B2, 
    0x7392, 0x7391, 0x7392, 0x73B2, 0x73B2, 0x73B2, 0x73B2, 0x73B2, 0x73B2, 0x7BB2, 0x7BB2, 0x73D2, 0x73D2, 0x7BB2, 0x7BB2, 0x7BB2, 
    0x7BB2, 0x7BD2, 0x7BD2, 0x7BB2, 0x7BB2, 0x7BD2, 0x7BD2, 0x7BB2, 0x7BB2, 0x73B2, 0x73B2, 0x52AD, 0x41EA, 0x62CE, 0x7371, 0x7392, 
    0x7392, 0x73B2, 0x7BB2, 0x73B2, 0x73B2, 0x73B2, 0x73B2, 0x73B2, 0x7392, 0x73B2, 0x7392, 0x7392, 0x7392, 0x73B2, 0x7391, 0x6BB1, 
    0x7392, 0x73F4, 0x94F8, 0xAD19, 0x83D4, 0x6B4F, 0x6B50, 0x6B2E, 0x6AED, 0x62AD, 0x5A8D, 0x5A8C, 0x522B, 0x522B, 0x4A2A, 0x49E9, 
    0x41C8, 0x41C8, 0x41CB, 0x41CA, 0x31CA, 0x2127, 0x2927, 0x2106, 0x2125, 0x2124, 0x18E5, 0x18E5, 0x18E5, 0x18A4, 0x18A3, 0x18A3, 
    0x1082, 0x1082, 0x10A3, 0x10A4, 0x10C3, 0x18C3, 0x18C3, 0x18C3, 0x18C3, 0x18C4, 0x1883, 0x0841, 0x0041, 0x0841, 0x0841, 0x0841, 
    0x0021, 0x0062, 0x0083, 0x0883, 0x0862, 0x0861, 0x0040, 0x0040, 0x0040, 0x0840, 0x0040, 0x10E5, 0x3A2B, 0x428D, 0x4AAE, 0x422C, 
    0x4A8E, 0x5B10, 0x5AF0, 0x526D, 0x522B, 0x524B, 0x5A4B, 0x5A4A, 0x4A07, 0x41C6, 0x3985, 0x3986, 0x6B0E, 0x83F1, 0x8412, 0x8413, 
    0x8414, 0x8414, 0x8413, 0x7BF2, 0x73F3, 0x6BB2, 0x6351, 0x6B31, 0x6B51, 0x6B92, 0x6B51, 0x6B51, 0x6B51, 0x6351, 0x6351, 0x6B71, 
    0x6B71, 0x6B51, 0x6B52, 0x6B72, 0x7371, 0x7392, 0x7392, 0x7392, 0x7392, 0x7392, 0x7392, 0x7392, 0x7392, 0x7392, 0x7392, 0x7392, 
    0x7391, 0x73B2, 0x73B2, 0x73B2, 0x73B2, 0x73B2, 0x73B2, 0x73B2, 0x73B2, 0x73B2, 0x73B2, 0x73B2, 0x73B2, 0x73B2, 0x73B2, 0x73B2, 
    0x73D2, 0x73B2, 0x73D2, 0x7BB2, 0x7BB2, 0x73B2, 0x73B1, 0x73B2, 0x73B2, 0x7391, 0x7391, 0x528D, 0x41EA, 0x5ACE, 0x6B71, 0x7391, 
    0x73B2, 0x73B2, 0x73B2, 0x7392, 0x73B2, 0x7392, 0x7392, 0x7392, 0x7392, 0x7391, 0x7371, 0x7351, 0x7350, 0x6B6F, 0x6B4F, 0x6B70, 
    0x8C75, 0xB5BC, 0xC61D, 0xAD5C, 0x7BB5, 0x5A8E, 0x4A2D, 0x4A4B, 0x422B, 0x420C, 0x39EB, 0x41CA, 0x41EB, 0x41EC, 0x3A0C, 0x3189, 
    0x2105, 0x2926, 0x3188, 0x31A9, 0x29CB, 0x4ACF, 0x2947, 0x18A5, 0x18A4, 0x18C4, 0x10C4, 0x18C4, 0x10A4, 0x1063, 0x1062, 0x1061, 
    0x0882, 0x0883, 0x10A3, 0x10A4, 0x10A3, 0x1082, 0x1082, 0x0882, 0x0882, 0x0843, 0x0822, 0x0041, 0x0041, 0x0841, 0x0841, 0x0841, 
    0x1927, 0x1947, 0x2168, 0x2147, 0x1947, 0x2188, 0x29A9, 0x31CA, 0x31EA, 0x3209, 0x320A, 0x426D, 0x52EF, 0x5B30, 0x5B30, 0x4A6E, 
    0x5AD0, 0x6B71, 0x6B71, 0x5ACE, 0x41C8, 0x3988, 0x3166, 0x3145, 0x3144, 0x2924, 0x2904, 0x2945, 0x632D, 0x8410, 0x8412, 0x8433, 
    0x8C53, 0x8C53, 0x8412, 0x73D1, 0x73D2, 0x73F2, 0x6B91, 0x6310, 0x6331, 0x6352, 0x6351, 0x6352, 0x6352, 0x6371, 0x6371, 0x6351, 
    0x6B71, 0x6B51, 0x6B71, 0x6B72, 0x6B72, 0x6B92, 0x6B92, 0x6B92, 0x6B91, 0x6B92, 0x6B92, 0x6B92, 0x7392, 0x7392, 0x7392, 0x7392, 
    0x7392, 0x7392, 0x6B92, 0x6BB2, 0x7392, 0x73B2, 0x7392, 0x7392, 0x7392, 0x6BB2, 0x73B2, 0x73D2, 0x73B2, 0x73B2, 0x73B2, 0x73B2, 
    0x73B2, 0x73B2, 0x73B2, 0x73B2, 0x73B2, 0x73B2, 0x73B2, 0x73B2, 0x7392, 0x6B92, 0x6B92, 0x4A8D, 0x39EA, 0x5ACE, 0x6B71, 0x6B91, 
    0x7391, 0x7391, 0x6B71, 0x6B70, 0x6B50, 0x6B50, 0x6B4F, 0x632F, 0x630E, 0x62EE, 0x5AAD, 0x5A8C, 0x5A8C, 0x528C, 0x4A4B, 0x5AAE, 
    0xB59A, 0xDE9E, 0xD67E, 0xC63E, 0xB5DC, 0x7C16, 0x526F, 0x4A6D, 0x4A8D, 0x4AAE, 0x4AAE, 0x52AE, 0x528E, 0x528E, 0x52CF, 0x39EB, 
    0x10A5, 0x10A5, 0x20E5, 0x2146, 0x31C9, 0x52CE, 0x1906, 0x10A4, 0x1084, 0x10A4, 0x10A4, 0x18A4, 0x1084, 0x1084, 0x10A3, 0x1082, 
    0x0882, 0x0883, 0x10A4, 0x18C4, 0x10C4, 0x0883, 0x0862, 0x0862, 0x0883, 0x0843, 0x0022, 0x0041, 0x0041, 0x0841, 0x0841, 0x0841, 
    0x3A2C, 0x3A2C, 0x422B, 0x3A2B, 0x422B, 0x4A4C, 0x528E, 0x5ACE, 0x5ACE, 0x5AEE, 0x5AEE, 0x5B0F, 0x6330, 0x6350, 0x6B50, 0x5AEF, 
    0x5AEF, 0x5AEF, 0x5B0F, 0x4A8C, 0x39A9, 0x3167, 0x2924, 0x2904, 0x2925, 0x2925, 0x2925, 0x2104, 0x2145, 0x7C10, 0x5ACC, 0x4A09, 
    0x3187, 0x3166, 0x422A, 0x5AEE, 0x6B91, 0x73F2, 0x6B71, 0x5B0F, 0x6330, 0x6351, 0x6351, 0x6351, 0x6351, 0x6352, 0x6B52, 0x6B72, 
    0x6B72, 0x6B71, 0x6B71, 0x6B72, 0x6B72, 0x6B92, 0x6B91, 0x6B91, 0x6B71, 0x6B92, 0x6B72, 0x6B72, 0x6B92, 0x6B92, 0x6B92, 0x6B92, 
    0x6B92, 0x7392, 0x7391, 0x7391, 0x6B91, 0x6B91, 0x6BB1, 0x6BB1, 0x6B92, 0x7392, 0x73B2, 0x73B2, 0x73B2, 0x7392, 0x73B2, 0x73B2, 
    0x7392, 0x73B2, 0x73B2, 0x73B2, 0x73B2, 0x7392, 0x73B2, 0x7392, 0x7392, 0x7392, 0x7392, 0x4A6D, 0x39AA, 0x528D, 0x630E, 0x630E, 
    0x62EE, 0x5ACD, 0x5ACD, 0x528D, 0x526C, 0x524C, 0x4A6B, 0x4A4B, 0x424B, 0x422B, 0x422B, 0x4A2C, 0x4A4C, 0x4A6D, 0x4A4D, 0x62EF, 
    0xBDBA, 0xDE5C, 0xD65C, 0xD67D, 0xD67D, 0x94B8, 0x6B12, 0x6310, 0x6330, 0x6330, 0x6330, 0x6310, 0x6310, 0x6310, 0x6B51, 0x5B31, 
    0x31ED, 0x1909, 0x0884, 0x0884, 0x08A3, 0x10C4, 0x10C4, 0x1083, 0x0883, 0x10A3, 0x1083, 0x1084, 0x1083, 0x10A3, 0x18C4, 0x10C3, 
    0x0883, 0x0883, 0x0883, 0x1083, 0x10A4, 0x0863, 0x0863, 0x0862, 0x0883, 0x0883, 0x0862, 0x0041, 0x0041, 0x0841, 0x0841, 0x0841, 
    0x3A2C, 0x424C, 0x424C, 0x426C, 0x4A6D, 0x4A8D, 0x52AE, 0x52AE, 0x5AAE, 0x52CE, 0x5AEE, 0x5B0F, 0x5B0F, 0x6330, 0x6351, 0x52CF, 
    0x39EB, 0x3189, 0x31C9, 0x31C8, 0x31A7, 0x3186, 0x2924, 0x2904, 0x2925, 0x2945, 0x2925, 0x2103, 0x2164, 0x8471, 0x420A, 0x18C5, 
    0x1884, 0x18A4, 0x3188, 0x528D, 0x6370, 0x6BB1, 0x6350, 0x6310, 0x6310, 0x6351, 0x6351, 0x6351, 0x6331, 0x6351, 0x6B51, 0x6B71, 
    0x6B72, 0x6B72, 0x6B72, 0x6B72, 0x6B72, 0x6B72, 0x6B72, 0x6B72, 0x6372, 0x6B72, 0x6B72, 0x6B72, 0x6B71, 0x6B71, 0x6B91, 0x6B91, 
    0x6B72, 0x6B92, 0x7372, 0x7372, 0x7392, 0x6B92, 0x6B92, 0x6B92, 0x6B92, 0x6B92, 0x6B92, 0x6B92, 0x6B92, 0x7392, 0x7392, 0x6B92, 
    0x7392, 0x7391, 0x7391, 0x7391, 0x7391, 0x7351, 0x7B50, 0x7350, 0x6B50, 0x6B2E, 0x6B2E, 0x4A4B, 0x2947, 0x2968, 0x41EA, 0x422B, 
    0x4A4C, 0x4A6C, 0x4A4D, 0x4A6D, 0x4A6D, 0x4A6E, 0x52AE, 0x52CF, 0x52CF, 0x5ACF, 0x5AEF, 0x630F, 0x630F, 0x6330, 0x630F, 0x7371, 
    0xB558, 0xB59A, 0xB59A, 0xBD9A, 0xB59A, 0x8414, 0x6B31, 0x6330, 0x6310, 0x62F0, 0x62F0, 0x5AEF, 0x52CF, 0x630F, 0x7BB2, 0x8434, 
    0x7C34, 0x6BD3, 0x4AD1, 0x29AC, 0x10E6, 0x0885, 0x1083, 0x10A3, 0x10A3, 0x10A3, 0x1083, 0x1083, 0x0883, 0x0883, 0x1083, 0x0883, 
    0x0062, 0x0841, 0x0841, 0x0841, 0x0862, 0x0863, 0x0883, 0x0883, 0x0883, 0x08A3, 0x0083, 0x0041, 0x0041, 0x0841, 0x0841, 0x0841, 
    0x3A2B, 0x422B, 0x422C, 0x426D, 0x428D, 0x4A8E, 0x52CF, 0x52AE, 0x5AAE, 0x52AE, 0x5AEE, 0x5AEF, 0x5B0F, 0x6330, 0x6331, 0x526E, 
    0x318A, 0x3189, 0x31C9, 0x31A7, 0x31A6, 0x31A6, 0x2925, 0x2905, 0x2945, 0x2924, 0x3124, 0x2903, 0x31A6, 0x94D2, 0x4209, 0x20C5, 
    0x18E4, 0x10C3, 0x3187, 0x524B, 0x630D, 0x632E, 0x632F, 0x6310, 0x6310, 0x6351, 0x6351, 0x6351, 0x6351, 0x6351, 0x6371, 0x6351, 
    0x6B52, 0x6B72, 0x6372, 0x6B51, 0x6B51, 0x6B71, 0x6B71, 0x6371, 0x6372, 0x6B72, 0x6B71, 0x6B71, 0x6391, 0x6391, 0x6B71, 0x6B71, 
    0x7371, 0x6B71, 0x6B71, 0x6B71, 0x6B92, 0x6BD3, 0x73B3, 0x6B92, 0x6B92, 0x6B91, 0x7391, 0x7371, 0x7391, 0x7371, 0x7391, 0x7370, 
    0x6B50, 0x732F, 0x732F, 0x6B0F, 0x72EE, 0x6ACD, 0x62CC, 0x5A8C, 0x4A0B, 0x3987, 0x3145, 0x20E4, 0x18A3, 0x28E5, 0x41EB, 0x528D, 
    0x52CF, 0x5AF0, 0x6311, 0x6331, 0x6310, 0x6310, 0x6310, 0x6330, 0x6B51, 0x6B51, 0x6B51, 0x6B51, 0x6B51, 0x6331, 0x630F, 0x7390, 
    0xB558, 0xB579, 0xAD59, 0xAD59, 0xAD19, 0x7B93, 0x62D0, 0x62CF, 0x5A8D, 0x524C, 0x4A0B, 0x41E9, 0x3967, 0x4A2B, 0x7BD3, 0x83F4, 
    0x8C14, 0x8C54, 0x8455, 0x7C15, 0x5B73, 0x322E, 0x10C6, 0x10C6, 0x10E5, 0x10E5, 0x10A3, 0x1083, 0x0862, 0x0861, 0x0842, 0x0042, 
    0x0041, 0x0821, 0x0821, 0x0841, 0x0862, 0x0883, 0x0883, 0x0883, 0x0883, 0x0883, 0x0862, 0x0041, 0x0041, 0x0841, 0x0841, 0x0841, 
    0x3A2B, 0x3A0B, 0x3A2C, 0x428D, 0x4AAD, 0x52CE, 0x52EF, 0x5ACE, 0x5AAE, 0x52AE, 0x5ACE, 0x5AEE, 0x5AEE, 0x6310, 0x6310, 0x422B, 
    0x39EA, 0x31C8, 0x31A8, 0x39A7, 0x3987, 0x3987, 0x2945, 0x2925, 0x3125, 0x3124, 0x3124, 0x2903, 0x29A5, 0x8450, 0x4229, 0x28E5, 
    0x20E3, 0x20E3, 0x3145, 0x49E8, 0x4A49, 0x526A, 0x52CC, 0x5B0E, 0x630F, 0x6331, 0x6331, 0x6331, 0x6351, 0x6351, 0x6351, 0x6371, 
    0x6371, 0x6B71, 0x6B52, 0x6B51, 0x6B71, 0x6B71, 0x6B71, 0x6B51, 0x6B51, 0x6B51, 0x6B51, 0x6B51, 0x6B51, 0x6B51, 0x6B50, 0x6B51, 
    0x6B51, 0x6B71, 0x6B71, 0x6B71, 0x8475, 0xA5B9, 0xAD9B, 0x7394, 0x62EF, 0x62ED, 0x62ED, 0x6AED, 0x6AED, 0x62CC, 0x5AAC, 0x528C, 
    0x526C, 0x524C, 0x522C, 0x4A4C, 0x4A4C, 0x4A6C, 0x4A6D, 0x4A6D, 0x420C, 0x2106, 0x1084, 0x1083, 0x18C3, 0x2945, 0x528C, 0x6B2F, 
    0x6B30, 0x6B50, 0x6B51, 0x6B51, 0x6B51, 0x6B71, 0x5ACF, 0x6B30, 0x6B51, 0x6B71, 0x6B51, 0x6B10, 0x6B10, 0x5ACE, 0x4A2B, 0x5A8C, 
    0x9C73, 0xAD16, 0xA4F6, 0x9CD5, 0x9454, 0x420A, 0x39A9, 0x41C9, 0x3148, 0x2125, 0x2104, 0x20E4, 0x2104, 0x4A2A, 0x7BD2, 0x7BD3, 
    0x7BF3, 0x7BF3, 0x7BF3, 0x8414, 0x7C14, 0x73F4, 0x5AF0, 0x10E7, 0x10C5, 0x10A4, 0x0862, 0x0841, 0x0840, 0x0840, 0x0821, 0x0821, 
    0x0041, 0x0841, 0x0841, 0x0861, 0x0862, 0x0883, 0x0882, 0x0882, 0x0882, 0x0882, 0x0862, 0x0041, 0x0041, 0x0841, 0x0841, 0x0841, 
    0x3A2B, 0x424B, 0x426C, 0x42AD, 0x52EE, 0x530F, 0x530F, 0x52EF, 0x52EF, 0x4ACF, 0x52EF, 0x5ACF, 0x5ACF, 0x6310, 0x6330, 0x39CB, 
    0x31EB, 0x31CA, 0x31AA, 0x39A9, 0x3988, 0x3167, 0x3125, 0x3125, 0x2924, 0x2924, 0x2104, 0x20E3, 0x2965, 0x6B8E, 0x4209, 0x20E4, 
    0x20C4, 0x20E4, 0x3145, 0x41A6, 0x5249, 0x5A8A, 0x52AC, 0x52EE, 0x5B0E, 0x5B10, 0x6331, 0x6351, 0x6351, 0x6351, 0x6351, 0x6351, 
    0x6351, 0x6B31, 0x6B31, 0x6351, 0x6330, 0x6B30, 0x6B30, 0x6B30, 0x6B30, 0x734F, 0x736F, 0x6B4F, 0x6B0F, 0x6AEE, 0x62ED, 0x5AAC, 
    0x5A8B, 0x5A8C, 0x526A, 0x5A8A, 0x8C52, 0xAD56, 0xAD38, 0x526E, 0x3148, 0x3967, 0x3188, 0x39EA, 0x420B, 0x422C, 0x424C, 0x426D, 
    0x4A8E, 0x52AF, 0x5AD0, 0x5B10, 0x5B30, 0x5B30, 0x5B30, 0x6310, 0x52AE, 0x2968, 0x10C5, 0x1084, 0x18C3, 0x2946, 0x5AAC, 0x6B4F, 
    0x7371, 0x7371, 0x6B30, 0x6B30, 0x5B0F, 0x634F, 0x4A2B, 0x5AAE, 0x5AAD, 0x5A6C, 0x5A4B, 0x524A, 0x4A2A, 0x3187, 0x3167, 0x49EA, 
    0x5A8D, 0x6AEE, 0x62CD, 0x52AC, 0x39E9, 0x10A4, 0x2966, 0x3189, 0x3169, 0x2106, 0x18C5, 0x18A4, 0x18C5, 0x420A, 0x73D2, 0x73D3, 
    0x73D3, 0x73D4, 0x7BD4, 0x7BF4, 0x83F4, 0x83F4, 0x6B31, 0x1087, 0x1083, 0x1061, 0x0020, 0x0820, 0x0820, 0x0821, 0x0821, 0x0841, 
    0x0841, 0x0842, 0x0862, 0x0862, 0x0881, 0x0861, 0x0862, 0x0862, 0x0882, 0x0862, 0x0862, 0x0041, 0x0041, 0x0841, 0x0841, 0x0841, 
    0x424C, 0x424D, 0x426D, 0x4ACD, 0x52EF, 0x5AEF, 0x5B0F, 0x5B10, 0x52F0, 0x5310, 0x5B30, 0x5B11, 0x5B11, 0x6351, 0x6391, 0x5B71, 
    0x5330, 0x52CF, 0x4AAE, 0x4A6D, 0x39CB, 0x3168, 0x2905, 0x2905, 0x2946, 0x3166, 0x2948, 0x2127, 0x29EA, 0x530E, 0x2945, 0x1041, 
    0x1841, 0x1861, 0x28E3, 0x3944, 0x49E7, 0x5268, 0x52AB, 0x52CD, 0x5B0E, 0x6331, 0x6331, 0x6B30, 0x6B50, 0x6B31, 0x6B30, 0x6330, 
    0x6330, 0x6B2F, 0x6B2F, 0x6B2F, 0x6B0E, 0x6AEE, 0x62EE, 0x62CD, 0x6B0D, 0x6B2D, 0x6B0C, 0x62EC, 0x5A8A, 0x5229, 0x49C6, 0x3144, 
    0x20C3, 0x18A3, 0x1843, 0x1884, 0x62EF, 0x8414, 0x8C96, 0x3A4E, 0x1928, 0x2967, 0x3A0B, 0x426E, 0x4AAF, 0x52D0, 0x5B10, 0x5B10, 
    0x6331, 0x6351, 0x6351, 0x6B51, 0x6B51, 0x6B51, 0x6B51, 0x6B51, 0x5ACF, 0x3167, 0x18C3, 0x10A3, 0x18E3, 0x3166, 0x528C, 0x6B0E, 
    0x6B2E, 0x734F, 0x62AC, 0x5A8C, 0x4A69, 0x4208, 0x3147, 0x2947, 0x2966, 0x3166, 0x3167, 0x3188, 0x3188, 0x2947, 0x3168, 0x41EA, 
    0x4A4B, 0x4A2B, 0x41E9, 0x31A9, 0x2968, 0x2128, 0x318A, 0x39EB, 0x320B, 0x29AB, 0x216A, 0x2109, 0x2909, 0x422D, 0x7BF3, 0x7BF4, 
    0x7BF4, 0x7BF4, 0x83D4, 0x7BB3, 0x73D2, 0x6B71, 0x526D, 0x1065, 0x0863, 0x0841, 0x0020, 0x0021, 0x0041, 0x0841, 0x0841, 0x0842, 
    0x0842, 0x0862, 0x0862, 0x0862, 0x0861, 0x0861, 0x0842, 0x0862, 0x0862, 0x0863, 0x0863, 0x0041, 0x0041, 0x0841, 0x0841, 0x0841, 
    0x4A8E, 0x4A8E, 0x4AAE, 0x52EE, 0x5B0F, 0x5B10, 0x5B30, 0x5B30, 0x5B30, 0x6350, 0x6350, 0x6330, 0x6B30, 0x6B70, 0x73B1, 0x6B90, 
    0x6370, 0x5B2F, 0x5B2F, 0x5B2F, 0x5B0F, 0x4A6D, 0x3A0B, 0x422C, 0x52AD, 0x6330, 0x6B72, 0x6371, 0x6370, 0x6371, 0x2988, 0x10E5, 
    0x1905, 0x1904, 0x1906, 0x3189, 0x39A8, 0x4A49, 0x52CC, 0x4AAC, 0x52ED, 0x5B4F, 0x634F, 0x632F, 0x5B2F, 0x62EE, 0x5AEE, 0x62CD, 
    0x62CD, 0x62ED, 0x62CC, 0x5AAC, 0x5A6C, 0x4A4A, 0x4209, 0x39A7, 0x2945, 0x2125, 0x2105, 0x2906, 0x2126, 0x2126, 0x2126, 0x1905, 
    0x2106, 0x1906, 0x20E6, 0x3188, 0x73B2, 0x8C55, 0x8455, 0x63D2, 0x428D, 0x2106, 0x39E9, 0x52CD, 0x5AEE, 0x5AEF, 0x6310, 0x6B50, 
    0x6B50, 0x6B50, 0x6B50, 0x6B51, 0x6B71, 0x6B51, 0x6B50, 0x6330, 0x52CE, 0x2947, 0x1083, 0x10A3, 0x2104, 0x3166, 0x4A2C, 0x41CA, 
    0x3988, 0x3968, 0x3147, 0x3167, 0x3186, 0x3187, 0x2947, 0x2967, 0x3167, 0x3188, 0x3188, 0x3188, 0x3189, 0x2948, 0x2907, 0x3147, 
    0x3188, 0x31AA, 0x29A9, 0x31EB, 0x3A0B, 0x424D, 0x52CF, 0x5B11, 0x6393, 0x6BD4, 0x73F4, 0x73D3, 0x73D3, 0x73D3, 0x7BF3, 0x7BF3, 
    0x7BB3, 0x7BB3, 0x7372, 0x6B30, 0x5AB0, 0x4A4E, 0x3189, 0x1085, 0x0862, 0x0021, 0x0021, 0x0041, 0x0041, 0x0041, 0x0842, 0x0842, 
    0x0862, 0x0862, 0x0862, 0x0862, 0x0862, 0x0842, 0x0842, 0x0862, 0x0862, 0x0862, 0x0842, 0x0041, 0x0041, 0x0841, 0x0841, 0x0841, 
    0x52CF, 0x52CF, 0x52EF, 0x5B0F, 0x6330, 0x6330, 0x6330, 0x6B30, 0x6B30, 0x634F, 0x6B70, 0x6B50, 0x6B70, 0x7391, 0x73B1, 0x73B1, 
    0x73B1, 0x7391, 0x73B1, 0x7391, 0x6B91, 0x6B92, 0x7371, 0x7371, 0x6B71, 0x6B91, 0x6B91, 0x7391, 0x6B71, 0x632F, 0x4A6B, 0x632F, 
    0x73F3, 0x6372, 0x6B72, 0x6B52, 0x4A6D, 0x528C, 0x528C, 0x4A4A, 0x5ACC, 0x5AED, 0x5AAC, 0x528C, 0x528C, 0x524B, 0x4A2B, 0x422B, 
    0x422B, 0x424C, 0x422B, 0x422C, 0x3A2C, 0x3A2B, 0x2988, 0x1927, 0x18E5, 0x1906, 0x1907, 0x1906, 0x18E6, 0x1906, 0x2106, 0x2106, 
    0x2126, 0x1926, 0x2106, 0x4A2B, 0x73D3, 0x7BF3, 0x6BD2, 0x6BD2, 0x4AAE, 0x20C7, 0x2968, 0x4AAB, 0x52ED, 0x5AEE, 0x5AEE, 0x5AED, 
    0x5B0E, 0x5ACE, 0x5ACD, 0x5AAC, 0x52AC, 0x528C, 0x4A4B, 0x4A2B, 0x4A4C, 0x2947, 0x1083, 0x10A3, 0x2105, 0x3167, 0x420B, 0x3188, 
    0x3167, 0x3168, 0x3168, 0x3187, 0x3187, 0x3187, 0x2968, 0x31A9, 0x39EB, 0x424C, 0x4A6D, 0x4A8E, 0x52AE, 0x4A8E, 0x426E, 0x4A6E, 
    0x4ACF, 0x5B72, 0x6BB4, 0x73F4, 0x7C35, 0x83F3, 0x83D3, 0x83F3, 0x7BD3, 0x7BD3, 0x7BD3, 0x73B2, 0x73B2, 0x73B2, 0x7392, 0x7392, 
    0x7372, 0x6B72, 0x6331, 0x5AD0, 0x4A8F, 0x420D, 0x2948, 0x10A4, 0x0862, 0x0041, 0x0021, 0x0041, 0x0842, 0x0842, 0x0842, 0x0862, 
    0x0062, 0x0062, 0x0062, 0x0862, 0x0862, 0x0842, 0x0842, 0x0862, 0x0862, 0x0842, 0x0822, 0x0041, 0x0041, 0x0841, 0x0841, 0x0841, 
    0x52EF, 0x5AEF, 0x5B0F, 0x634F, 0x6350, 0x6350, 0x6330, 0x6350, 0x6350, 0x6B70, 0x6B70, 0x6B50, 0x7391, 0x73B2, 0x73D2, 0x7BD2, 
    0x73B2, 0x73B2, 0x7BD2, 0x73B1, 0x7391, 0x7391, 0x7371, 0x7371, 0x7371, 0x6B71, 0x6B71, 0x6B71, 0x6370, 0x6B50, 0x630E, 0x7391, 
    0x7BD2, 0x6B71, 0x6B51, 0x6330, 0x5B10, 0x5B0F, 0x4A6C, 0x4A2B, 0x528D, 0x4A6C, 0x3A0A, 0x424B, 0x424C, 0x424C, 0x426D, 0x4A8E, 
    0x528E, 0x4AAE, 0x4AAF, 0x4ACF, 0x428E, 0x4A6C, 0x2168, 0x10E6, 0x18E5, 0x18E5, 0x18E5, 0x1905, 0x1905, 0x1905, 0x1905, 0x1905, 
    0x1906, 0x1906, 0x18E6, 0x526C, 0x6BB2, 0x6BB2, 0x6371, 0x5B51, 0x426D, 0x20C7, 0x2126, 0x3A28, 0x428A, 0x424B, 0x3A09, 0x39C8, 
    0x3A08, 0x4209, 0x39C8, 0x3187, 0x2946, 0x2147, 0x2966, 0x3187, 0x4209, 0x2946, 0x18A4, 0x18A3, 0x18E4, 0x2946, 0x3A0A, 0x31A9, 
    0x3189, 0x31AA, 0x39EA, 0x3A0A, 0x422C, 0x424B, 0x422C, 0x528E, 0x5AF0, 0x6B92, 0x73D4, 0x7C15, 0x8435, 0x8454, 0x8434, 0x8414, 
    0x8414, 0x7C14, 0x7C14, 0x7BD4, 0x7BD3, 0x7BB3, 0x7BB2, 0x73B3, 0x73B3, 0x73B2, 0x73B2, 0x6BB2, 0x6B92, 0x6B92, 0x7392, 0x7372, 
    0x6B71, 0x6351, 0x5B11, 0x52AF, 0x426E, 0x3A0C, 0x2126, 0x08A4, 0x0861, 0x0841, 0x0021, 0x0041, 0x0041, 0x0842, 0x0862, 0x0862, 
    0x0061, 0x0061, 0x0062, 0x0861, 0x0861, 0x0862, 0x0862, 0x0042, 0x0042, 0x0821, 0x0821, 0x0041, 0x0041, 0x0841, 0x0841, 0x0841, 
    0x630F, 0x6310, 0x6330, 0x6B71, 0x6371, 0x6371, 0x6351, 0x6B71, 0x6B71, 0x6B91, 0x6B91, 0x6B71, 0x7391, 0x73B1, 0x7BD1, 0x7BD3, 
    0x73D3, 0x73B2, 0x73B2, 0x7391, 0x7391, 0x6B91, 0x6B71, 0x6B51, 0x6B50, 0x6B50, 0x6B50, 0x6B50, 0x6B70, 0x7391, 0x6B91, 0x6B91, 
    0x6B71, 0x6B51, 0x6351, 0x6371, 0x6350, 0x6351, 0x4A4D, 0x41EB, 0x5AAE, 0x5AAD, 0x526C, 0x52CF, 0x5310, 0x52EF, 0x5B0F, 0x630F, 
    0x630F, 0x5B0F, 0x5B10, 0x52F0, 0x4AAF, 0x3A0C, 0x29AA, 0x1907, 0x10A5, 0x18E5, 0x18E4, 0x18E4, 0x18E4, 0x18E4, 0x1905, 0x1905, 
    0x1905, 0x18E5, 0x10C4, 0x5ACD, 0x73D2, 0x73D3, 0x73D4, 0x73F4, 0x5AF0, 0x20E8, 0x18C5, 0x2925, 0x2946, 0x10C4, 0x0043, 0x0844, 
    0x18A5, 0x41C9, 0x3167, 0x2926, 0x2126, 0x2126, 0x2926, 0x3188, 0x420B, 0x2989, 0x1928, 0x2168, 0x29C9, 0x3A0B, 0x52CF, 0x5ACF, 
    0x5AF1, 0x6332, 0x6373, 0x6B94, 0x73D3, 0x73F4, 0x7BF4, 0x8414, 0x8414, 0x8414, 0x8434, 0x83F4, 0x7BF3, 0x7BF3, 0x7BD3, 0x7BD3, 
    0x73B2, 0x73B2, 0x7BB3, 0x73B3, 0x73B3, 0x7393, 0x73B3, 0x7392, 0x7392, 0x6BB2, 0x7392, 0x7392, 0x7392, 0x7392, 0x6B71, 0x6B71, 
    0x6352, 0x6331, 0x52F0, 0x4A8F, 0x424E, 0x39EC, 0x2126, 0x0884, 0x0842, 0x0821, 0x0041, 0x0041, 0x0041, 0x0842, 0x0842, 0x0862, 
    0x0841, 0x0841, 0x0862, 0x0861, 0x0061, 0x0061, 0x0062, 0x0062, 0x10E5, 0x18C6, 0x0844, 0x0041, 0x0041, 0x0841, 0x0841, 0x0841, 
    0x6330, 0x6350, 0x6371, 0x6372, 0x6372, 0x6372, 0x6B92, 0x6B92, 0x6B92, 0x6B91, 0x6B91, 0x6B71, 0x7391, 0x73B1, 0x73D2, 0x73D2, 
    0x73D2, 0x73B1, 0x6B91, 0x6B71, 0x7391, 0x7391, 0x6B70, 0x6B50, 0x6B50, 0x6B50, 0x6B70, 0x6B70, 0x6B70, 0x6B71, 0x6B91, 0x6B71, 
    0x6B71, 0x6351, 0x6B51, 0x6B50, 0x632F, 0x6B70, 0x422B, 0x3187, 0x5AAD, 0x62CE, 0x5AAE, 0x5B10, 0x5B10, 0x5AF0, 0x5B10, 0x5B10, 
    0x5B10, 0x5B10, 0x52F0, 0x52AF, 0x4A6D, 0x4ACF, 0x6C13, 0x52F0, 0x18C9, 0x10A6, 0x18E4, 0x18E4, 0x10C4, 0x18C4, 0x18E4, 0x18E4, 
    0x18E4, 0x18E4, 0x18E3, 0x528A, 0x6B71, 0x6351, 0x5AEF, 0x73B2, 0x5AF0, 0x10A7, 0x0844, 0x18C4, 0x2147, 0x29CA, 0x52CF, 0x52F1, 
    0x31ED, 0x422D, 0x39CB, 0x29AA, 0x31EB, 0x3A4D, 0x4A8E, 0x5AF0, 0x6372, 0x5B51, 0x5B51, 0x5B52, 0x6B93, 0x73D4, 0x7BF4, 0x7C14, 
    0x7C34, 0x8434, 0x8414, 0x83F4, 0x83F3, 0x7BF3, 0x7BD3, 0x7BD2, 0x7BD2, 0x73B3, 0x73B3, 0x73B2, 0x73B2, 0x73B2, 0x73B2, 0x73B2, 
    0x73B2, 0x73B2, 0x73B2, 0x73B2, 0x73B2, 0x7392, 0x7392, 0x7392, 0x7392, 0x7392, 0x7372, 0x7372, 0x7372, 0x7372, 0x7352, 0x6B52, 
    0x6331, 0x6310, 0x52D0, 0x4A6E, 0x422D, 0x39EB, 0x2127, 0x0884, 0x0862, 0x0041, 0x0021, 0x0841, 0x0841, 0x0842, 0x0842, 0x0842, 
    0x0842, 0x0842, 0x0842, 0x0842, 0x0041, 0x0061, 0x0061, 0x0082, 0x31E8, 0x5310, 0x322D, 0x0883, 0x0041, 0x0841, 0x0841, 0x0841, 
    0x5B30, 0x6371, 0x6371, 0x6B92, 0x6B92, 0x6B91, 0x6BB2, 0x6BB2, 0x6BB2, 0x6BB1, 0x6BB1, 0x6B91, 0x7392, 0x73B2, 0x73D2, 0x73B2, 
    0x6BB2, 0x6B91, 0x6B90, 0x6B91, 0x7391, 0x7392, 0x7371, 0x7350, 0x7350, 0x7350, 0x6B70, 0x6B70, 0x6B71, 0x6B71, 0x6B92, 0x6B71, 
    0x7371, 0x6B51, 0x6B30, 0x630F, 0x630F, 0x6B50, 0x41EA, 0x3146, 0x5AAB, 0x630E, 0x5ACE, 0x5B0F, 0x5B0F, 0x530F, 0x632F, 0x632E, 
    0x632E, 0x5AED, 0x52CD, 0x4A4C, 0x3148, 0x632F, 0x9CF5, 0x8CB6, 0x42D1, 0x196B, 0x192A, 0x0086, 0x1084, 0x18A4, 0x18A3, 0x18A3, 
    0x10A3, 0x08A3, 0x0862, 0x422A, 0x5B11, 0x426F, 0x424E, 0x73D3, 0x7415, 0x5B93, 0x63B3, 0x6C14, 0x7C56, 0x8CD7, 0x9D5A, 0x9D5A, 
    0x7415, 0x73F4, 0x6BB2, 0x6B93, 0x6BB3, 0x73F3, 0x7BF3, 0x7C13, 0x8413, 0x8433, 0x8433, 0x83F3, 0x7BD3, 0x7BD3, 0x73F2, 0x73D2, 
    0x7BB2, 0x7BB2, 0x7BB2, 0x7BB2, 0x7BD2, 0x7BD2, 0x73B2, 0x73B2, 0x73B2, 0x73B2, 0x73B2, 0x73B2, 0x73B2, 0x73B2, 0x73B2, 0x73B1, 
    0x73B2, 0x6BB2, 0x7392, 0x73B2, 0x73B2, 0x7392, 0x7392, 0x6B92, 0x6B91, 0x6B91, 0x6B91, 0x6B72, 0x6B72, 0x6B72, 0x6B71, 0x6B51, 
    0x6310, 0x5AEF, 0x5AAF, 0x4A6E, 0x422C, 0x31CA, 0x1927, 0x0884, 0x0862, 0x0041, 0x0041, 0x0841, 0x0841, 0x0841, 0x0041, 0x0061, 
    0x0041, 0x0842, 0x0842, 0x0841, 0x0041, 0x0041, 0x0840, 0x0841, 0x2124, 0x7C32, 0x7432, 0x1904, 0x0021, 0x0841, 0x0841, 0x0841, 
    0x5B30, 0x6351, 0x6371, 0x6B92, 0x6B91, 0x6B91, 0x6BB2, 0x6BB2, 0x6BB2, 0x6BB1, 0x6BB1, 0x73B1, 0x73B2, 0x73D2, 0x73D2, 0x73D2, 
    0x73D2, 0x6BB2, 0x6BB2, 0x73B2, 0x73B2, 0x73B2, 0x7392, 0x7371, 0x7350, 0x7350, 0x6B50, 0x6B71, 0x6B91, 0x6B91, 0x73B1, 0x6B91, 
    0x6B71, 0x6B50, 0x632F, 0x5AEF, 0x5AEF, 0x630F, 0x41EA, 0x3146, 0x528B, 0x62EE, 0x528C, 0x52AC, 0x4A6B, 0x422A, 0x39E8, 0x39C8, 
    0x39C8, 0x39A8, 0x39C8, 0x2126, 0x3A0B, 0x8413, 0x9454, 0x8C75, 0x7435, 0x5BB2, 0x6413, 0x5371, 0x20E9, 0x1066, 0x1083, 0x0882, 
    0x1989, 0x3A8D, 0x4ACF, 0x6BF4, 0x7C57, 0x7416, 0x7C36, 0x9CF8, 0xA559, 0xA59A, 0xADBA, 0xAD99, 0xA558, 0x9CF6, 0x8454, 0x83F3, 
    0x7BF3, 0x7C13, 0x8413, 0x8413, 0x7C13, 0x7BF3, 0x7BD2, 0x73D2, 0x73D2, 0x73D2, 0x73B2, 0x7BB2, 0x7BB2, 0x73B2, 0x73D2, 0x73D2, 
    0x73B2, 0x73B2, 0x73B2, 0x7BB2, 0x7BB2, 0x7BB2, 0x73B2, 0x73B2, 0x73B2, 0x73B2, 0x73B2, 0x73B2, 0x73B2, 0x7392, 0x73B2, 0x73B2, 
    0x73B2, 0x73B2, 0x7392, 0x7392, 0x7392, 0x7372, 0x7372, 0x7392, 0x6B72, 0x6B72, 0x6B72, 0x6B72, 0x6B72, 0x6B72, 0x6B51, 0x6331, 
    0x62F0, 0x5ACF, 0x52AE, 0x4A6D, 0x420B, 0x31AA, 0x1907, 0x0864, 0x0861, 0x0841, 0x0861, 0x0841, 0x0841, 0x0841, 0x0041, 0x0041, 
    0x0041, 0x0842, 0x0841, 0x0841, 0x0841, 0x0841, 0x0841, 0x0020, 0x1082, 0x73AF, 0x8452, 0x2124, 0x0021, 0x0841, 0x0841, 0x0841, 
    0x6350, 0x6371, 0x6B91, 0x6B91, 0x6B70, 0x6B71, 0x7392, 0x73D2, 0x73D2, 0x73B1, 0x73B1, 0x7BB1, 0x7BB1, 0x7BD1, 0x7BF2, 0x73F2, 
    0x73D2, 0x73D2, 0x73B2, 0x73B2, 0x7BD2, 0x73B2, 0x7392, 0x6B91, 0x6B70, 0x6B70, 0x6B50, 0x6B70, 0x6B71, 0x7371, 0x73B1, 0x6B70, 
    0x634F, 0x632F, 0x6B2F, 0x630F, 0x5ACE, 0x62EF, 0x4A0B, 0x3148, 0x524C, 0x5AEE, 0x41E9, 0x2966, 0x2945, 0x2105, 0x18E5, 0x18A5, 
    0x20C5, 0x20E5, 0x2105, 0x3167, 0x8CB4, 0xA517, 0x83D3, 0x8414, 0x94B5, 0xA557, 0xB65A, 0x9D77, 0x20C9, 0x0006, 0x0023, 0x10E5, 
    0x7412, 0x9D58, 0xADBB, 0xAD9A, 0xA558, 0x9D17, 0x9494, 0x83D1, 0x7370, 0x6B50, 0x6B70, 0x7370, 0x7370, 0x6B0F, 0x5ACE, 0x5ACE, 
    0x6330, 0x6B92, 0x73B2, 0x73B2, 0x73B2, 0x7392, 0x73B2, 0x73B2, 0x73B2, 0x73B2, 0x73B2, 0x73B2, 0x7392, 0x73B2, 0x73B2, 0x73B2, 
    0x73B2, 0x73B1, 0x73B2, 0x73B2, 0x73B2, 0x73B2, 0x73B2, 0x73B2, 0x73B2, 0x73B2, 0x73B2, 0x73B2, 0x7392, 0x7392, 0x7392, 0x6BB2, 
    0x7392, 0x7392, 0x7392, 0x6B92, 0x6B92, 0x6B71, 0x7371, 0x6B72, 0x6B72, 0x6B52, 0x6B72, 0x6B72, 0x6B52, 0x6B52, 0x6351, 0x6310, 
    0x62F0, 0x5AEF, 0x528E, 0x4A2D, 0x420B, 0x318A, 0x1906, 0x0864, 0x0842, 0x0841, 0x0041, 0x0041, 0x0061, 0x0841, 0x0841, 0x0841, 
    0x0841, 0x0842, 0x0842, 0x0842, 0x0862, 0x0842, 0x0842, 0x0021, 0x10A2, 0x530B, 0x73EE, 0x1904, 0x0021, 0x0841, 0x0841, 0x0841, 
    0x6371, 0x6B91, 0x6B91, 0x6BB1, 0x6B92, 0x6BB2, 0x6BD2, 0x6BD2, 0x73B2, 0x73B1, 0x73B1, 0x73B1, 0x73B1, 0x73D2, 0x73F2, 0x73D2, 
    0x73D2, 0x73B2, 0x73B2, 0x73B2, 0x73D2, 0x73D2, 0x7391, 0x7371, 0x6B70, 0x6B70, 0x6B71, 0x6B71, 0x6B71, 0x6B51, 0x7391, 0x6B4F, 
    0x630F, 0x630F, 0x632F, 0x634F, 0x5AEE, 0x52CE, 0x4A6B, 0x39E9, 0x4A4B, 0x5AEE, 0x31C9, 0x18E5, 0x2105, 0x2105, 0x2126, 0x2126, 
    0x2126, 0x2126, 0x1925, 0x4229, 0x94B3, 0x9495, 0x7BD2, 0x7BD2, 0x8C54, 0x9D17, 0x9D38, 0x8C96, 0x5B51, 0x5B71, 0x6351, 0x6B50, 
    0x7351, 0x6B0F, 0x6B0F, 0x62EE, 0x630F, 0x630F, 0x5AEE, 0x52AD, 0x4A6D, 0x4A4D, 0x4A6D, 0x526D, 0x528E, 0x528D, 0x528D, 0x4AAD, 
    0x6350, 0x6B91, 0x6BB1, 0x73B2, 0x73B2, 0x73B2, 0x73B2, 0x73B2, 0x73B1, 0x73B2, 0x73B2, 0x73B2, 0x73B2, 0x73B2, 0x73B2, 0x73B2, 
    0x7392, 0x73B2, 0x73B1, 0x73B2, 0x6BB2, 0x73B2, 0x73B2, 0x7392, 0x73B2, 0x73B2, 0x7391, 0x7392, 0x7392, 0x6B92, 0x6B92, 0x7372, 
    0x7392, 0x6B92, 0x6B72, 0x6B92, 0x6B71, 0x6B72, 0x6B72, 0x6B52, 0x6B52, 0x6B72, 0x6352, 0x6352, 0x6351, 0x6351, 0x6331, 0x5B10, 
    0x5AF0, 0x52CF, 0x526F, 0x422D, 0x3A0C, 0x298A, 0x1906, 0x1084, 0x0862, 0x0041, 0x0041, 0x0041, 0x0041, 0x0041, 0x0041, 0x0841, 
    0x0841, 0x0842, 0x0842, 0x0841, 0x0841, 0x0842, 0x0842, 0x0841, 0x0861, 0x1903, 0x2144, 0x0882, 0x0041, 0x0841, 0x0841, 0x0841, 
    0x6391, 0x63B2, 0x6BB2, 0x6BB2, 0x6BB2, 0x6BD2, 0x6BD2, 0x6BB2, 0x6BB2, 0x7391, 0x73B1, 0x7392, 0x73B2, 0x73D2, 0x73D2, 0x73D3, 
    0x73B2, 0x73B2, 0x73B2, 0x73B2, 0x73D2, 0x73B2, 0x7B91, 0x7371, 0x7391, 0x7391, 0x7391, 0x6B91, 0x6B71, 0x6B51, 0x6B91, 0x6370, 
    0x5B0E, 0x5AEE, 0x52CE, 0x528E, 0x4A8D, 0x4AAE, 0x528D, 0x422A, 0x424B, 0x52CD, 0x39C9, 0x20E6, 0x2106, 0x2125, 0x2146, 0x2126, 
    0x2126, 0x2126, 0x2126, 0x39E9, 0x7C11, 0x8C33, 0x7BD2, 0x7BD2, 0x83F3, 0x8413, 0x7BD3, 0x7BD3, 0x73D2, 0x73D3, 0x73D3, 0x6B92, 
    0x5ACF, 0x524D, 0x526D, 0x4A6C, 0x4A6D, 0x4A6D, 0x4A6D, 0x528E, 0x528E, 0x4A6E, 0x4A6E, 0x4A6E, 0x4A8E, 0x528D, 0x528D, 0x52AD, 
    0x5B2F, 0x6B91, 0x6B92, 0x6B92, 0x73B2, 0x73B2, 0x73B2, 0x7392, 0x73B2, 0x7392, 0x7392, 0x73B2, 0x73B1, 0x7392, 0x73B2, 0x73B2, 
    0x73B1, 0x73B1, 0x7392, 0x7392, 0x6B91, 0x73B2, 0x6B92, 0x7392, 0x7392, 0x6B92, 0x7392, 0x7392, 0x7392, 0x6B92, 0x6B92, 0x6B72, 
    0x6B92, 0x7372, 0x7371, 0x6B72, 0x6B72, 0x6B71, 0x6371, 0x6B51, 0x6B52, 0x6B52, 0x6352, 0x6351, 0x6B31, 0x6331, 0x5B10, 0x5AF0, 
    0x52CF, 0x52AF, 0x4A6E, 0x422D, 0x39CC, 0x296A, 0x1906, 0x08A4, 0x0862, 0x0041, 0x0041, 0x0041, 0x0041, 0x0041, 0x0061, 0x0841, 
    0x0841, 0x0821, 0x0841, 0x0841, 0x0841, 0x0841, 0x0841, 0x0841, 0x0841, 0x0041, 0x0041, 0x0041, 0x0041, 0x0841, 0x0841, 0x0841, 
    0x6392, 0x63B2, 0x63B2, 0x6BB2, 0x6BB2, 0x6BB2, 0x6BB2, 0x6BB2, 0x6BB1, 0x6B91, 0x6B71, 0x6B91, 0x6B91, 0x6BB2, 0x73D2, 0x73B2, 
    0x73B2, 0x7392, 0x7391, 0x7391, 0x6BB1, 0x73B1, 0x73B1, 0x73B1, 0x73B1, 0x73B1, 0x73B1, 0x73B0, 0x6B91, 0x7371, 0x6BB2, 0x5B70, 
    0x4ACF, 0x428E, 0x426E, 0x3A2D, 0x424C, 0x426D, 0x52AE, 0x528C, 0x4A4C, 0x4A8D, 0x31C9, 0x1906, 0x2106, 0x2147, 0x2147, 0x2927, 
    0x2927, 0x2947, 0x2947, 0x31E9, 0x73F1, 0x8C34, 0x7BB2, 0x7BB2, 0x6B91, 0x6330, 0x5B0F, 0x6330, 0x6351, 0x6371, 0x6351, 0x6331, 
    0x52CF, 0x426E, 0x4A6D, 0x4A6D, 0x4A6D, 0x4A4D, 0x4A6D, 0x526D, 0x4A6D, 0x4A6D, 0x4A6D, 0x4A6D, 0x4A6D, 0x526D, 0x528D, 0x528D, 
    0x62EF, 0x6B91, 0x6B91, 0x7391, 0x7391, 0x6B92, 0x6B92, 0x6B92, 0x6B92, 0x6B91, 0x6B91, 0x6BB2, 0x6BB2, 0x6BB2, 0x6B92, 0x6B92, 
    0x6B92, 0x7392, 0x6B91, 0x6B91, 0x6B92, 0x6B92, 0x7372, 0x7372, 0x6B92, 0x6B72, 0x6B72, 0x6B72, 0x6B72, 0x6B92, 0x6B92, 0x6B92, 
    0x6B72, 0x6B72, 0x6B72, 0x6B71, 0x6B51, 0x6B52, 0x6B51, 0x6B52, 0x6B52, 0x6B31, 0x6B31, 0x6331, 0x6331, 0x6330, 0x5B10, 0x5AF0, 
    0x52CF, 0x52AF, 0x4A6E, 0x422D, 0x39CC, 0x296A, 0x1907, 0x0885, 0x0842, 0x0841, 0x0041, 0x0041, 0x0841, 0x0841, 0x0841, 0x0841, 
    0x0841, 0x0821, 0x0841, 0x0841, 0x0842, 0x0861, 0x0841, 0x0862, 0x0841, 0x0041, 0x0041, 0x0041, 0x0041, 0x0841, 0x0841, 0x0841, 
    0x6371, 0x6391, 0x6391, 0x6391, 0x6B91, 0x6B71, 0x6B91, 0x6BB2, 0x6B92, 0x6B91, 0x6B71, 0x7ACE, 0x724C, 0x62CB, 0x6B8E, 0x73B1, 
    0x73B1, 0x6B91, 0x6B91, 0x6B91, 0x6BB1, 0x73B1, 0x73B1, 0x73B1, 0x73B1, 0x73D1, 0x73B1, 0x73B1, 0x6BB1, 0x7391, 0x6370, 0x5B2F, 
    0x4AAF, 0x428F, 0x428E, 0x3A6D, 0x3A6C, 0x426C, 0x52AD, 0x5AAD, 0x528C, 0x4AAD, 0x39EA, 0x1927, 0x2147, 0x2147, 0x2968, 0x2967, 
    0x2967, 0x2968, 0x2968, 0x31C9, 0x6BB1, 0x8413, 0x7BB1, 0x7BB2, 0x6BB1, 0x5B2F, 0x52EF, 0x6350, 0x6351, 0x6351, 0x6351, 0x6331, 
    0x52AF, 0x424D, 0x4A6C, 0x4A6C, 0x4A6C, 0x4A4C, 0x4A4C, 0x4A6C, 0x4A6C, 0x4A6C, 0x4A6C, 0x4A6C, 0x4A6C, 0x4A6C, 0x528D, 0x4A8D, 
    0x5B0F, 0x6B71, 0x6B91, 0x6B72, 0x6B92, 0x6B72, 0x7392, 0x7392, 0x6B91, 0x6B91, 0x6B91, 0x6B92, 0x6B92, 0x6B92, 0x6B92, 0x6B92, 
    0x6B92, 0x6B92, 0x6B92, 0x6B92, 0x6B91, 0x6B92, 0x6B72, 0x6B72, 0x6B72, 0x6B71, 0x6B71, 0x6B71, 0x6B71, 0x6B71, 0x6B71, 0x6B71, 
    0x6371, 0x6B71, 0x6B71, 0x6B71, 0x6B51, 0x6B71, 0x6B71, 0x6B52, 0x6B31, 0x6B30, 0x6331, 0x6311, 0x6331, 0x6311, 0x5AD1, 0x5AD0, 
    0x52B0, 0x528F, 0x4A6E, 0x3A2D, 0x31EB, 0x2169, 0x1906, 0x1084, 0x0841, 0x0841, 0x0041, 0x0841, 0x0841, 0x0841, 0x0841, 0x0841, 
    0x0041, 0x0042, 0x0842, 0x0841, 0x0842, 0x0841, 0x0841, 0x0841, 0x0841, 0x0840, 0x0861, 0x0841, 0x0041, 0x0841, 0x0841, 0x0841, 
    0x6370, 0x6390, 0x6390, 0x6370, 0x6370, 0x6350, 0x6B91, 0x7B71, 0x7330, 0x7A49, 0x6145, 0x68E5, 0x6905, 0x6925, 0x6145, 0x6B0D, 
    0x73AF, 0x6B90, 0x6B91, 0x6B91, 0x6BB1, 0x73B1, 0x73B1, 0x73B1, 0x73B1, 0x7BB1, 0x7BD1, 0x73B1, 0x73B1, 0x7391, 0x6330, 0x42AC, 
    0x422B, 0x424C, 0x426C, 0x424B, 0x426C, 0x428C, 0x52AE, 0x62AE, 0x5AAD, 0x52AD, 0x3A0A, 0x2146, 0x2147, 0x2968, 0x29A8, 0x2988, 
    0x39C9, 0x31C9, 0x2989, 0x420B, 0x6B4F, 0x7391, 0x7B91, 0x7BB2, 0x6B92, 0x632F, 0x5AEE, 0x6330, 0x6310, 0x52AF, 0x632F, 0x632F, 
    0x52AF, 0x4A2D, 0x424C, 0x4A6B, 0x4A4C, 0x4A4C, 0x4A4C, 0x4A6C, 0x4A6C, 0x4A4C, 0x4A6C, 0x4A8C, 0x4A6C, 0x4A8D, 0x528D, 0x52CF, 
    0x5B10, 0x6B71, 0x6B91, 0x6B72, 0x6B92, 0x6B72, 0x6B72, 0x6B72, 0x6B71, 0x6B71, 0x6B71, 0x6B92, 0x6B72, 0x6B72, 0x6B72, 0x6B72, 
    0x6B91, 0x6B91, 0x6B91, 0x6B91, 0x6B71, 0x6B71, 0x6B71, 0x6B71, 0x6B71, 0x6B71, 0x6B71, 0x6B72, 0x6B72, 0x6B72, 0x6B52, 0x6B72, 
    0x6B51, 0x6371, 0x6350, 0x6B51, 0x6B51, 0x6351, 0x6351, 0x6351, 0x5B51, 0x6330, 0x6330, 0x6311, 0x5B11, 0x5B10, 0x52D0, 0x52D0, 
    0x52B0, 0x528F, 0x4A6E, 0x3A2C, 0x29EA, 0x2169, 0x1906, 0x10A4, 0x0842, 0x0841, 0x0842, 0x0842, 0x0841, 0x0821, 0x0821, 0x0841, 
    0x0041, 0x0041, 0x0841, 0x0841, 0x0041, 0x0041, 0x0041, 0x0041, 0x0841, 0x0861, 0x1083, 0x0841, 0x0041, 0x0841, 0x0841, 0x0841, 
    0x6350, 0x6350, 0x6350, 0x6350, 0x6350, 0x6371, 0x7B91, 0x8A2C, 0x4864, 0x60C3, 0x6061, 0x6063, 0x6083, 0x6883, 0x6063, 0x3103, 
    0x62E9, 0x7BD0, 0x7391, 0x6B91, 0x6BB2, 0x73B2, 0x7392, 0x73B2, 0x73B1, 0x73B1, 0x73D1, 0x73B1, 0x6BB1, 0x6B91, 0x5B30, 0x5B30, 
    0x4ACE, 0x530F, 0x532F, 0x530F, 0x52EF, 0x5ACF, 0x5AEE, 0x62CE, 0x5ACD, 0x528D, 0x420A, 0x2967, 0x2967, 0x3188, 0x31A8, 0x31A9, 
    0x4A8C, 0x31A9, 0x3168, 0x4A6C, 0x62EE, 0x6B2F, 0x7B91, 0x7B91, 0x7392, 0x6310, 0x5ACF, 0x6310, 0x5AEF, 0x4AAE, 0x6330, 0x6330, 
    0x52B0, 0x4A2E, 0x4A4D, 0x4A6C, 0x4A4C, 0x4A4C, 0x4A6D, 0x4A6E, 0x4A8D, 0x52CE, 0x5AEF, 0x5AEF, 0x52CF, 0x52CF, 0x5ACE, 0x5AEE, 
    0x632F, 0x6351, 0x6B71, 0x6B71, 0x6B51, 0x6B71, 0x6B71, 0x6B72, 0x6B71, 0x6B71, 0x6B71, 0x6B71, 0x6B71, 0x6B71, 0x6B71, 0x6B71, 
    0x6371, 0x6B71, 0x6B71, 0x6B51, 0x6371, 0x6B71, 0x6B70, 0x6B70, 0x6B51, 0x6B51, 0x6B71, 0x6B71, 0x6B51, 0x6B51, 0x6B71, 0x6B71, 
    0x6B50, 0x6B51, 0x6B51, 0x6B51, 0x6331, 0x6331, 0x6331, 0x6311, 0x6311, 0x6330, 0x6310, 0x5B10, 0x5B10, 0x5AF0, 0x52EF, 0x52AF, 
    0x5290, 0x528F, 0x4A4D, 0x39EB, 0x31C9, 0x2968, 0x1905, 0x10C4, 0x0862, 0x0041, 0x0841, 0x0861, 0x0841, 0x0841, 0x0841, 0x0841, 
    0x0841, 0x0841, 0x0041, 0x0041, 0x0041, 0x0041, 0x0061, 0x0861, 0x10A2, 0x18C4, 0x18C5, 0x0862, 0x0041, 0x0841, 0x0841, 0x0841, 
    0x5B30, 0x6330, 0x5B30, 0x6350, 0x6B70, 0x7371, 0x72AD, 0x5842, 0x6084, 0x5882, 0x60A2, 0x6083, 0x6083, 0x5883, 0x5862, 0x40A1, 
    0x59C5, 0x732E, 0x6B90, 0x6B90, 0x7391, 0x7391, 0x7391, 0x7391, 0x7390, 0x7390, 0x7390, 0x7370, 0x6BB1, 0x6BB1, 0x5B30, 0x6330, 
    0x632F, 0x632F, 0x6330, 0x5B30, 0x630F, 0x5ACE, 0x5ACD, 0x62EE, 0x62CD, 0x4A6B, 0x39EA, 0x2967, 0x2967, 0x3188, 0x39A8, 0x39A8, 
    0x4209, 0x41EA, 0x3988, 0x39A9, 0x31A9, 0x52AD, 0x7370, 0x7391, 0x6B91, 0x6310, 0x5AEF, 0x5B0F, 0x632F, 0x6330, 0x6331, 0x5B31, 
    0x52CF, 0x4A8E, 0x4A8E, 0x4AAE, 0x52AE, 0x52CE, 0x5AEE, 0x52ED, 0x4AAD, 0x4A6E, 0x4A8E, 0x4AAF, 0x52AF, 0x52CF, 0x5B10, 0x5B10, 
    0x6330, 0x6350, 0x6371, 0x6352, 0x6B51, 0x6B71, 0x6B71, 0x6B71, 0x6B70, 0x6B71, 0x6B71, 0x6B71, 0x6B71, 0x6B71, 0x6B71, 0x6B51, 
    0x6B51, 0x6B51, 0x6B71, 0x6B51, 0x6B70, 0x6350, 0x6351, 0x6B51, 0x6B51, 0x6B51, 0x6350, 0x6350, 0x6351, 0x6371, 0x6351, 0x6351, 
    0x6331, 0x6B31, 0x6B31, 0x6331, 0x6B31, 0x6331, 0x6331, 0x6331, 0x6310, 0x6331, 0x6310, 0x5B10, 0x5AF0, 0x5AF0, 0x52AF, 0x52AF, 
    0x4A8E, 0x4A8E, 0x4A4E, 0x41EC, 0x39C9, 0x2948, 0x1905, 0x10C4, 0x0862, 0x0041, 0x0041, 0x0841, 0x0841, 0x0821, 0x0041, 0x0041, 
    0x0041, 0x0021, 0x0021, 0x0841, 0x0041, 0x0882, 0x0883, 0x10E3, 0x18E4, 0x20E5, 0x20E5, 0x0862, 0x0041, 0x0841, 0x0841, 0x0841, 
    0x5B30, 0x5B30, 0x5B30, 0x6350, 0x7B50, 0x7AAD, 0x5106, 0x68A5, 0x68A4, 0x58A2, 0x60A2, 0x6083, 0x5883, 0x5863, 0x5863, 0x40A1, 
    0x59A5, 0x730E, 0x7370, 0x7371, 0x7391, 0x73B1, 0x7371, 0x7371, 0x7370, 0x7390, 0x6B90, 0x6B70, 0x6B91, 0x6B91, 0x6370, 0x6350, 
    0x632F, 0x6350, 0x632F, 0x5B0E, 0x5ACC, 0x4A49, 0x4228, 0x5ACC, 0x5AED, 0x4A4B, 0x41E9, 0x2967, 0x2967, 0x3188, 0x3188, 0x31A8, 
    0x39C8, 0x4A2B, 0x3989, 0x3989, 0x39C9, 0x5AAE, 0x7371, 0x7372, 0x6B72, 0x5B10, 0x52CF, 0x5AF0, 0x5B30, 0x6330, 0x6351, 0x5B30, 
    0x5AEF, 0x52AE, 0x424D, 0x422C, 0x422D, 0x424D, 0x4AAE, 0x4AEE, 0x530F, 0x5B10, 0x5B30, 0x6330, 0x6330, 0x6330, 0x6331, 0x6351, 
    0x6351, 0x6B51, 0x6B51, 0x6351, 0x6351, 0x6371, 0x6B71, 0x6B71, 0x6B70, 0x6B51, 0x6B51, 0x6B51, 0x6B51, 0x6B51, 0x6B50, 0x6B51, 
    0x6B51, 0x6B51, 0x6B71, 0x6B71, 0x6351, 0x6351, 0x6350, 0x6350, 0x6351, 0x6371, 0x6350, 0x6B51, 0x6B51, 0x6B31, 0x6B31, 0x6B51, 
    0x6B31, 0x6B31, 0x6B11, 0x6331, 0x6330, 0x6330, 0x6330, 0x6310, 0x6310, 0x6310, 0x6310, 0x5B10, 0x52EF, 0x5AEF, 0x52B0, 0x52AF, 
    0x4A8E, 0x4A8E, 0x4A4E, 0x420C, 0x39CA, 0x2968, 0x2107, 0x18C6, 0x0883, 0x0042, 0x0041, 0x0842, 0x0841, 0x0821, 0x0021, 0x0041, 
    0x0041, 0x0041, 0x0841, 0x0862, 0x08A3, 0x10C4, 0x18E5, 0x1904, 0x2105, 0x20E5, 0x20E5, 0x0862, 0x0041, 0x0841, 0x0841, 0x0841, 
    0x532F, 0x5B2F, 0x632F, 0x6370, 0x624B, 0x60E6, 0x58C5, 0x68A5, 0x68A5, 0x6904, 0x58A2, 0x5063, 0x5062, 0x5062, 0x5062, 0x3081, 
    0x5A27, 0x736F, 0x6B91, 0x6B91, 0x6BB2, 0x6BB2, 0x6B92, 0x6B91, 0x6B91, 0x6B70, 0x6B71, 0x6B71, 0x6B91, 0x6BB1, 0x6B91, 0x6B71, 
    0x6350, 0x6330, 0x5ACE, 0x39A9, 0x18C4, 0x18A2, 0x2966, 0x4A6B, 0x4A8C, 0x424B, 0x3A0A, 0x2147, 0x2167, 0x2968, 0x29A9, 0x31A9, 
    0x31A9, 0x422A, 0x41E9, 0x39C9, 0x39C9, 0x528D, 0x6B50, 0x6B91, 0x6B71, 0x5AF0, 0x52AF, 0x52EF, 0x5B30, 0x5B30, 0x5B10, 0x5B10, 
    0x52F0, 0x52CF, 0x4AEF, 0x5310, 0x5B10, 0x5B10, 0x5B30, 0x6330, 0x6330, 0x6331, 0x6331, 0x6331, 0x6331, 0x5B31, 0x6331, 0x6351, 
    0x6351, 0x6351, 0x6351, 0x6351, 0x6331, 0x6351, 0x6351, 0x6331, 0x6351, 0x6351, 0x6351, 0x6331, 0x6331, 0x6351, 0x6351, 0x6B31, 
    0x6B52, 0x6B52, 0x6B51, 0x6B31, 0x6331, 0x6331, 0x6330, 0x6351, 0x6351, 0x6331, 0x6350, 0x6350, 0x6330, 0x6331, 0x6331, 0x6331, 
    0x6311, 0x6330, 0x6310, 0x6330, 0x6310, 0x5B10, 0x5B10, 0x6310, 0x6310, 0x62F0, 0x62F0, 0x5AF0, 0x5ACF, 0x5ACF, 0x52AF, 0x4A8F, 
    0x428E, 0x426E, 0x4A4E, 0x420C, 0x39AB, 0x2969, 0x2127, 0x18C6, 0x0883, 0x0841, 0x0841, 0x0841, 0x0062, 0x0041, 0x0041, 0x0862, 
    0x0862, 0x0882, 0x10A3, 0x18C5, 0x2105, 0x2106, 0x2126, 0x2126, 0x2126, 0x2126, 0x2126, 0x0862, 0x0041, 0x0841, 0x0841, 0x0841, 
    0x532F, 0x5B2F, 0x62EE, 0x624B, 0x5948, 0x60C6, 0x58A5, 0x60A4, 0x60C4, 0x60C3, 0x58A2, 0x5883, 0x5062, 0x5062, 0x5062, 0x20A1, 
    0x5A68, 0x7390, 0x6B91, 0x7391, 0x73B2, 0x73B2, 0x7392, 0x7391, 0x6B91, 0x6B91, 0x6B90, 0x6B91, 0x7391, 0x7391, 0x6B91, 0x6B91, 
    0x6B70, 0x6350, 0x5ACE, 0x39CA, 0x18E3, 0x18A1, 0x2124, 0x420A, 0x424B, 0x422B, 0x39EA, 0x2167, 0x2167, 0x2968, 0x2988, 0x31A8, 
    0x2988, 0x2988, 0x4A8B, 0x422B, 0x31CA, 0x4A6C, 0x634F, 0x6B70, 0x6370, 0x5AEF, 0x52CE, 0x5AEF, 0x5B10, 0x5B10, 0x5B10, 0x5B10, 
    0x5B10, 0x5B10, 0x5B10, 0x6310, 0x6330, 0x6330, 0x6330, 0x6331, 0x6331, 0x6330, 0x6330, 0x6330, 0x6330, 0x6330, 0x6351, 0x5B51, 
    0x6331, 0x6350, 0x6350, 0x6330, 0x6330, 0x6351, 0x6351, 0x5B51, 0x6351, 0x6331, 0x6331, 0x6332, 0x6331, 0x6331, 0x5B51, 0x6331, 
    0x6331, 0x6331, 0x6331, 0x6331, 0x6330, 0x6331, 0x6331, 0x6331, 0x5B31, 0x6331, 0x6331, 0x6330, 0x6331, 0x6331, 0x6331, 0x5B31, 
    0x6331, 0x6330, 0x5B30, 0x6310, 0x6310, 0x6310, 0x6310, 0x6310, 0x5AF0, 0x5B10, 0x5AF0, 0x52F0, 0x52D0, 0x5ACF, 0x528F, 0x4A8F, 
    0x426F, 0x426E, 0x422D, 0x39EB, 0x31AA, 0x2949, 0x2126, 0x10C6, 0x0862, 0x0842, 0x0842, 0x0842, 0x0042, 0x0862, 0x08A3, 0x10C4, 
    0x2105, 0x2105, 0x2126, 0x2126, 0x2146, 0x2146, 0x2146, 0x2947, 0x2947, 0x2967, 0x2967, 0x0882, 0x0041, 0x0841, 0x0841, 0x0841, 
    0x5AEF, 0x52AC, 0x520A, 0x5946, 0x58E5, 0x60A5, 0x60A4, 0x60A4, 0x60C4, 0x60A3, 0x60C3, 0x60A3, 0x5082, 0x5862, 0x5062, 0x28E2, 
    0x5248, 0x6B4F, 0x6371, 0x6B91, 0x6BB2, 0x6BB2, 0x6B92, 0x6B92, 0x7391, 0x7370, 0x6B71, 0x7391, 0x6B91, 0x6B91, 0x6B91, 0x6B90, 
    0x6B70, 0x634F, 0x5ACD, 0x31A9, 0x2104, 0x20E2, 0x2904, 0x39C8, 0x422A, 0x420A, 0x39EA, 0x2147, 0x2967, 0x2967, 0x3187, 0x3167, 
    0x2966, 0x2147, 0x424A, 0x422B, 0x31CA, 0x426C, 0x5B2F, 0x6370, 0x6371, 0x52EF, 0x52AE, 0x5AEF, 0x5B0F, 0x5B2F, 0x5B10, 0x5B10, 
    0x5B11, 0x5311, 0x5B10, 0x5B10, 0x5B2F, 0x5B2F, 0x5B10, 0x5B30, 0x5B30, 0x5B10, 0x5B30, 0x6331, 0x6331, 0x6331, 0x6331, 0x6330, 
    0x5B10, 0x6331, 0x6330, 0x6331, 0x6331, 0x6330, 0x5B30, 0x6330, 0x6350, 0x6331, 0x6331, 0x6331, 0x6331, 0x6331, 0x6331, 0x6330, 
    0x6331, 0x6331, 0x6331, 0x6331, 0x6330, 0x5B30, 0x6330, 0x6330, 0x6330, 0x6330, 0x5B31, 0x5B31, 0x6331, 0x6331, 0x6311, 0x6311, 
    0x6331, 0x6330, 0x6310, 0x6310, 0x5B10, 0x5B10, 0x5B10, 0x5AF1, 0x5AF0, 0x5AF0, 0x52F0, 0x52F0, 0x52CF, 0x52AF, 0x4A8F, 0x4A6F, 
    0x424E, 0x424E, 0x420C, 0x39CB, 0x3188, 0x2127, 0x1906, 0x08A4, 0x0862, 0x0862, 0x0063, 0x0863, 0x1083, 0x18C4, 0x1925, 0x1946, 
    0x2147, 0x2947, 0x2947, 0x2967, 0x2967, 0x2968, 0x2968, 0x2968, 0x2968, 0x2968, 0x2948, 0x0862, 0x0041, 0x0841, 0x0841, 0x0841, 
    0x4968, 0x48E3, 0x48A3, 0x5083, 0x5084, 0x5084, 0x5884, 0x60A4, 0x60A4, 0x58A3, 0x58C3, 0x50A3, 0x4882, 0x4062, 0x4082, 0x39A7, 
    0x4A6A, 0x630F, 0x6B71, 0x6B92, 0x73B2, 0x73B2, 0x73B2, 0x73B2, 0x7391, 0x6B91, 0x6B91, 0x6B91, 0x6B92, 0x6B72, 0x6B91, 0x6B70, 
    0x632F, 0x5AEE, 0x4A2A, 0x3167, 0x2104, 0x20E3, 0x18E3, 0x31C7, 0x4A6A, 0x3A0A, 0x39E9, 0x1926, 0x1906, 0x1925, 0x2125, 0x2125, 
    0x18E4, 0x10A3, 0x2104, 0x39C8, 0x39A9, 0x422B, 0x5B2F, 0x6370, 0x6B51, 0x5AEF, 0x52AE, 0x5ACF, 0x5B10, 0x5B10, 0x5B10, 0x5B10, 
    0x5AF0, 0x5B11, 0x5AF1, 0x62F1, 0x5B10, 0x5B30, 0x5B30, 0x5B30, 0x5B30, 0x5B30, 0x5B30, 0x5B10, 0x6330, 0x6330, 0x6310, 0x6310, 
    0x6310, 0x6330, 0x6330, 0x6330, 0x6330, 0x6330, 0x6330, 0x6330, 0x6330, 0x5B30, 0x5B30, 0x6330, 0x6330, 0x6330, 0x6330, 0x6330, 
    0x6331, 0x6330, 0x6331, 0x6331, 0x5B31, 0x6331, 0x6330, 0x6330, 0x6330, 0x6311, 0x5B11, 0x5B30, 0x5B10, 0x6310, 0x6310, 0x6310, 
    0x6310, 0x5B10, 0x6310, 0x5B10, 0x5B11, 0x5B10, 0x5AF0, 0x5AF0, 0x5ACF, 0x5ACE, 0x5ACE, 0x52AE, 0x528E, 0x4A6D, 0x4A4D, 0x4A2C, 
    0x41EB, 0x41CA, 0x39C9, 0x31A8, 0x2966, 0x1905, 0x10C4, 0x0882, 0x0881, 0x0881, 0x08A3, 0x18E4, 0x2125, 0x2146, 0x2166, 0x2167, 
    0x2968, 0x2949, 0x2968, 0x2968, 0x2988, 0x2968, 0x2988, 0x2988, 0x2988, 0x2968, 0x2968, 0x0882, 0x0041, 0x0841, 0x0841, 0x0841, 
    0x2822, 0x3042, 0x3862, 0x4062, 0x3862, 0x3862, 0x3842, 0x4042, 0x4862, 0x50C1, 0x5080, 0x4881, 0x4861, 0x2881, 0x3103, 0x4A4A, 
    0x5AED, 0x6350, 0x6B72, 0x7392, 0x73B2, 0x73B2, 0x73D1, 0x73D1, 0x6370, 0x6B70, 0x73D1, 0x73D1, 0x5B2F, 0x6370, 0x6370, 0x5B2F, 
    0x52AC, 0x424A, 0x39E9, 0x2947, 0x18C3, 0x10A2, 0x10A2, 0x31A6, 0x4A69, 0x3A09, 0x39C8, 0x18E4, 0x18A3, 0x18C3, 0x18E3, 0x1904, 
    0x08A2, 0x0883, 0x1063, 0x2966, 0x31A7, 0x39E9, 0x5AEE, 0x6B70, 0x6B71, 0x5B0F, 0x4AAD, 0x52CE, 0x5B0F, 0x5B0F, 0x5AEF, 0x5B0F, 
    0x52EF, 0x5B0F, 0x5AEF, 0x5AEF, 0x5B0E, 0x5B0F, 0x5B0F, 0x5B0F, 0x5B10, 0x5B10, 0x5B10, 0x5B0F, 0x5B0F, 0x5B10, 0x5B10, 0x5B0F, 
    0x6310, 0x5B10, 0x5B10, 0x5B10, 0x5B10, 0x6310, 0x6330, 0x6330, 0x6330, 0x6330, 0x6330, 0x6330, 0x6330, 0x6330, 0x6330, 0x6330, 
    0x5B30, 0x6310, 0x6310, 0x6330, 0x6310, 0x6310, 0x6310, 0x6310, 0x6330, 0x6310, 0x6330, 0x6310, 0x5B10, 0x5B10, 0x5B10, 0x5B0F, 
    0x5AEF, 0x5AF0, 0x5AF0, 0x5ACF, 0x52CF, 0x52CF, 0x52CF, 0x528E, 0x528D, 0x526D, 0x524D, 0x4A6C, 0x4A2B, 0x420A, 0x41E9, 0x39A9, 
    0x39A9, 0x3188, 0x3187, 0x2966, 0x1925, 0x10A4, 0x1062, 0x1081, 0x1082, 0x10C3, 0x1905, 0x2146, 0x2967, 0x2967, 0x2968, 0x2968, 
    0x2988, 0x2988, 0x2988, 0x2988, 0x2988, 0x2988, 0x3188, 0x3189, 0x31A9, 0x3188, 0x3168, 0x1082, 0x0041, 0x0841, 0x0841, 0x0841, 
    0x30C6, 0x30C6, 0x30E6, 0x30E5, 0x2883, 0x2841, 0x2021, 0x2001, 0x2821, 0x3881, 0x3840, 0x3840, 0x3020, 0x20C2, 0x41E7, 0x5ACE, 
    0x630F, 0x6350, 0x6B91, 0x6B91, 0x73B2, 0x7391, 0x6B0F, 0x5AAD, 0x52CC, 0x5ACC, 0x5AEC, 0x5ACB, 0x426A, 0x634E, 0x634F, 0x52EE, 
    0x4A6B, 0x424B, 0x39E8, 0x2125, 0x10A2, 0x0882, 0x1082, 0x3186, 0x4A49, 0x39C8, 0x39C7, 0x18E4, 0x18C4, 0x18E4, 0x1904, 0x1905, 
    0x08A3, 0x0882, 0x0862, 0x18E4, 0x31C7, 0x424C, 0x6310, 0x6371, 0x6391, 0x5B0F, 0x4A8E, 0x52CE, 0x5B0F, 0x5B0F, 0x5AEF, 0x5B0F, 
    0x530F, 0x5B0F, 0x5B0F, 0x5B0F, 0x5B0F, 0x5B0F, 0x5B0F, 0x5B0F, 0x5B10, 0x6310, 0x5B0F, 0x5B0F, 0x5B2F, 0x5B10, 0x5B10, 0x5B10, 
    0x6310, 0x5B10, 0x5B10, 0x5B10, 0x5B30, 0x5B10, 0x6330, 0x6330, 0x6330, 0x6330, 0x6330, 0x6310, 0x6311, 0x6331, 0x6330, 0x6330, 
    0x6330, 0x6330, 0x630F, 0x6310, 0x6310, 0x6310, 0x6311, 0x6310, 0x6310, 0x6310, 0x6310, 0x5B10, 0x5B10, 0x5B0F, 0x5B0F, 0x5AEE, 
    0x52CF, 0x5ACF, 0x5AAE, 0x5AAD, 0x528C, 0x4A6D, 0x4A6D, 0x4A4C, 0x424B, 0x4A0B, 0x4A0A, 0x39EA, 0x39C9, 0x39C9, 0x3189, 0x3168, 
    0x3168, 0x3167, 0x2987, 0x2967, 0x2126, 0x08A4, 0x0882, 0x10A2, 0x10A2, 0x18E4, 0x2126, 0x2967, 0x2968, 0x2989, 0x2989, 0x3189, 
    0x3189, 0x31A9, 0x31A9, 0x31A8, 0x31A8, 0x31A8, 0x31A8, 0x3188, 0x2968, 0x2946, 0x2926, 0x0862, 0x0041, 0x0841, 0x0841, 0x0841, 
    0x4A2B, 0x41EB, 0x41C9, 0x3166, 0x20C4, 0x2083, 0x2083, 0x2062, 0x2062, 0x2861, 0x2862, 0x28E4, 0x3146, 0x420A, 0x62EE, 0x630F, 
    0x630F, 0x6370, 0x6B91, 0x6B91, 0x6BB1, 0x7391, 0x49EC, 0x2906, 0x39C5, 0x39A5, 0x20C3, 0x18A2, 0x29C7, 0x636D, 0x634F, 0x52AE, 
    0x524C, 0x41EA, 0x2966, 0x10A2, 0x0041, 0x0041, 0x0862, 0x2967, 0x3A09, 0x2965, 0x31A7, 0x1904, 0x18E4, 0x1904, 0x1904, 0x2125, 
    0x10C4, 0x0881, 0x0860, 0x0020, 0x3A08, 0x634F, 0x6351, 0x6371, 0x6391, 0x52EF, 0x4A8D, 0x52CE, 0x52EF, 0x52EF, 0x52CF, 0x5AEF, 
    0x52F0, 0x5AF0, 0x5AF0, 0x5B10, 0x5AF0, 0x5AF0, 0x5B10, 0x5B10, 0x5B10, 0x5AF0, 0x530F, 0x5B10, 0x5B10, 0x5AF0, 0x5AEF, 0x5B0F, 
    0x5B0F, 0x5B10, 0x5B10, 0x5B10, 0x5B10, 0x5B0F, 0x5B0F, 0x5B10, 0x6310, 0x6310, 0x6310, 0x6310, 0x6310, 0x6310, 0x5B10, 0x5B10, 
    0x5B10, 0x5B10, 0x5B10, 0x5B10, 0x5AF0, 0x5B10, 0x5AF0, 0x5B10, 0x5B0F, 0x52EF, 0x5ACF, 0x5ACF, 0x5ACE, 0x52AD, 0x52AD, 0x528C, 
    0x4A6C, 0x4A8D, 0x4A6C, 0x4A4A, 0x422A, 0x3A0A, 0x39EA, 0x39E9, 0x39E8, 0x39C8, 0x31A8, 0x3188, 0x31A8, 0x31A8, 0x31A9, 0x31A9, 
    0x3188, 0x3188, 0x3187, 0x3187, 0x3147, 0x1084, 0x1082, 0x1083, 0x18A3, 0x20E4, 0x2947, 0x3168, 0x2988, 0x31A9, 0x31A9, 0x31A9, 
    0x31A8, 0x31A8, 0x3188, 0x2987, 0x2967, 0x2946, 0x2945, 0x2925, 0x20E5, 0x18C4, 0x18C4, 0x0861, 0x0041, 0x0841, 0x0841, 0x0841, 
    0x424C, 0x3A0C, 0x39CA, 0x3187, 0x3168, 0x3189, 0x3168, 0x3146, 0x2946, 0x3187, 0x4208, 0x4A4C, 0x5AEF, 0x5AEF, 0x62EF, 0x5AEE, 
    0x5B0E, 0x6350, 0x6370, 0x6391, 0x6391, 0x6BB2, 0x4A6D, 0x2127, 0x2944, 0x2123, 0x20E2, 0x20E3, 0x29A6, 0x5B2D, 0x5B0F, 0x4A8D, 
    0x428D, 0x31EA, 0x21A9, 0x2188, 0x2187, 0x2187, 0x29A8, 0x3A2A, 0x3209, 0x1905, 0x39C8, 0x2105, 0x1904, 0x1904, 0x2124, 0x2125, 
    0x10C4, 0x0861, 0x0061, 0x0020, 0x4A6A, 0x6B70, 0x634F, 0x6B70, 0x6391, 0x52EF, 0x4A8D, 0x4ACE, 0x52EF, 0x52F0, 0x52D0, 0x52EF, 
    0x530F, 0x52EF, 0x52EF, 0x5AEF, 0x52EF, 0x5AEF, 0x5AEF, 0x5AEF, 0x5AEF, 0x52EF, 0x52EF, 0x530F, 0x530F, 0x530F, 0x5310, 0x5B10, 
    0x5B10, 0x5B10, 0x5B10, 0x5B10, 0x5AF0, 0x5B10, 0x5AF0, 0x5B10, 0x5B10, 0x5AF0, 0x62F0, 0x6310, 0x5B10, 0x5B10, 0x5B10, 0x5AF0, 
    0x5AF0, 0x5AEF, 0x52EF, 0x52EF, 0x52CF, 0x52CF, 0x52AE, 0x52CE, 0x52AD, 0x52AD, 0x4A6D, 0x526D, 0x4A6C, 0x4A4B, 0x4A2B, 0x420A, 
    0x39EA, 0x39EA, 0x31E9, 0x39C9, 0x31A9, 0x31C9, 0x31C9, 0x31C9, 0x31A8, 0x31A9, 0x31AA, 0x31A9, 0x31C9, 0x31CA, 0x31CA, 0x31CA, 
    0x31CA, 0x31CA, 0x31A9, 0x31A9, 0x2968, 0x10A4, 0x0882, 0x1083, 0x10A3, 0x1904, 0x2946, 0x3187, 0x31A8, 0x2989, 0x2988, 0x2967, 
    0x2146, 0x2126, 0x2126, 0x1904, 0x18E4, 0x18E4, 0x18E4, 0x10C4, 0x18E4, 0x18C4, 0x18E4, 0x0861, 0x0041, 0x0841, 0x0841, 0x0841, 
    0x428C, 0x426C, 0x424C, 0x422B, 0x4A4C, 0x4A6D, 0x4A6C, 0x4A6C, 0x4A6C, 0x52AC, 0x5B0D, 0x62EE, 0x630F, 0x630F, 0x630F, 0x5ACE, 
    0x5AEF, 0x5B2F, 0x6350, 0x6370, 0x6371, 0x6371, 0x4ACF, 0x3A0C, 0x39C9, 0x3167, 0x2145, 0x2166, 0x3A2A, 0x5B0E, 0x530F, 0x426D, 
    0x428D, 0x426C, 0x426D, 0x428E, 0x4AAD, 0x428C, 0x428B, 0x426B, 0x31C9, 0x1905, 0x3A09, 0x2126, 0x18E5, 0x1904, 0x1904, 0x1924, 
    0x10E4, 0x0862, 0x0862, 0x0041, 0x4A6A, 0x6B70, 0x632F, 0x6350, 0x6371, 0x52EF, 0x4A6E, 0x4A8E, 0x4AEE, 0x530F, 0x52F0, 0x52D0, 
    0x52D0, 0x52CF, 0x52EF, 0x52EF, 0x52EF, 0x52EF, 0x5AEF, 0x5AEF, 0x52EF, 0x52EF, 0x52EF, 0x530F, 0x52EF, 0x52F0, 0x52F0, 0x52F0, 
    0x52EF, 0x5B10, 0x5AEF, 0x5310, 0x5310, 0x5B10, 0x5B10, 0x5B10, 0x5B10, 0x5B10, 0x5B10, 0x5B0F, 0x5AEF, 0x5AEF, 0x52EF, 0x4AAF, 
    0x52AE, 0x528D, 0x528D, 0x528E, 0x4A8D, 0x4A6D, 0x4A6C, 0x4A4C, 0x4A4B, 0x422B, 0x3A0B, 0x39EB, 0x39EA, 0x39C9, 0x31A9, 0x31A9, 
    0x31A9, 0x31A9, 0x31A9, 0x31A9, 0x31C9, 0x31EA, 0x31EA, 0x31EA, 0x39EA, 0x39EA, 0x39CA, 0x39CA, 0x39CB, 0x41EB, 0x420B, 0x39EB, 
    0x320B, 0x320B, 0x31EB, 0x31CA, 0x2988, 0x10A4, 0x0883, 0x1083, 0x10C3, 0x2124, 0x2946, 0x2166, 0x2146, 0x2106, 0x1905, 0x18E5, 
    0x18E5, 0x18E5, 0x18E5, 0x18C4, 0x18E4, 0x18E5, 0x18E5, 0x10E4, 0x18E4, 0x10E4, 0x10E4, 0x0861, 0x0041, 0x0841, 0x0841, 0x0841, 
    0x4AAD, 0x4AAC, 0x42AD, 0x4AAD, 0x52CE, 0x52CE, 0x52EE, 0x52EE, 0x52CE, 0x5AEE, 0x5B2F, 0x632F, 0x6350, 0x6330, 0x5B0F, 0x5AEE, 
    0x5B0F, 0x5B2F, 0x6350, 0x6350, 0x6370, 0x6351, 0x52F0, 0x4AAE, 0x4A6C, 0x422A, 0x3A0A, 0x424A, 0x4AAC, 0x5B0E, 0x52AE, 0x424D, 
    0x4AAC, 0x4AAC, 0x4AAD, 0x4AAE, 0x4A8D, 0x426C, 0x3A4B, 0x424A, 0x31E8, 0x1926, 0x39E8, 0x2126, 0x18E5, 0x18E4, 0x1904, 0x1924, 
    0x10E3, 0x0862, 0x1083, 0x0862, 0x4A6A, 0x6B70, 0x6330, 0x6350, 0x6B71, 0x5AEF, 0x4A6D, 0x4A8E, 0x52EF, 0x52EF, 0x4AEF, 0x4ACF, 
    0x52CF, 0x52CF, 0x4AEF, 0x52EF, 0x52EF, 0x52EF, 0x52EF, 0x52EF, 0x52EF, 0x52EF, 0x52EF, 0x52EF, 0x52EF, 0x52EF, 0x52EF, 0x52EF, 
    0x52EF, 0x5AEF, 0x5AF0, 0x5AEF, 0x52F0, 0x52F0, 0x52EF, 0x52EF, 0x52EF, 0x52EF, 0x52CF, 0x52AE, 0x52AE, 0x52AE, 0x4A8E, 0x4A8D, 
    0x4A6D, 0x4A6C, 0x4A4C, 0x4A4C, 0x422B, 0x422B, 0x420B, 0x41EA, 0x39EA, 0x31CA, 0x31CA, 0x31C9, 0x31C9, 0x39A9, 0x39C9, 0x39C9, 
    0x31C9, 0x31CA, 0x31CA, 0x31E9, 0x31E9, 0x31EA, 0x31EA, 0x39EA, 0x3A0A, 0x3A0A, 0x3A0A, 0x3A0B, 0x420B, 0x422B, 0x3A2B, 0x422B, 
    0x3A2B, 0x422B, 0x420C, 0x39EB, 0x3188, 0x10A5, 0x0883, 0x10A3, 0x10C3, 0x2125, 0x2126, 0x1905, 0x1905, 0x18E5, 0x18E5, 0x18E5, 
    0x18E4, 0x18E4, 0x18E4, 0x18E5, 0x18E5, 0x18E4, 0x1904, 0x1904, 0x1904, 0x10E4, 0x10C4, 0x0041, 0x0841, 0x0841, 0x0841, 0x0841, 
    0x52AE, 0x52CE, 0x52EE, 0x52EE, 0x530F, 0x5B0F, 0x5B0F, 0x5B0F, 0x5B30, 0x5B2F, 0x5B4F, 0x6350, 0x6350, 0x6350, 0x5B30, 0x5B2F, 
    0x5B2F, 0x6370, 0x6371, 0x6370, 0x6390, 0x6371, 0x5B10, 0x5AEF, 0x5ACE, 0x52CE, 0x52CD, 0x52CD, 0x4AED, 0x5B2F, 0x52AD, 0x4A6C, 
    0x4AAC, 0x426B, 0x424A, 0x39E8, 0x2146, 0x1905, 0x1904, 0x1904, 0x10C3, 0x10E5, 0x31A8, 0x2145, 0x18C4, 0x10E3, 0x1903, 0x1903, 
    0x10E3, 0x10C3, 0x18C4, 0x10A3, 0x4A8B, 0x6B90, 0x6330, 0x6350, 0x6391, 0x5B0F, 0x428D, 0x428D, 0x4AAF, 0x426D, 0x42AD, 0x4AEE, 
    0x4AEF, 0x4ACE, 0x4AEF, 0x52EF, 0x52CF, 0x52EF, 0x52CF, 0x52EF, 0x52EF, 0x52EF, 0x52EF, 0x52EF, 0x52EF, 0x52EF, 0x52EF, 0x5AEF, 
    0x5AEF, 0x5AD0, 0x5AD0, 0x52EF, 0x52CE, 0x52AE, 0x52AE, 0x528D, 0x528D, 0x4A8D, 0x4A6C, 0x426C, 0x424C, 0x424C, 0x422B, 0x3A2A, 
    0x3A09, 0x3A09, 0x39EA, 0x31C9, 0x31C8, 0x39C8, 0x31C9, 0x31A9, 0x31A9, 0x31C9, 0x31CA, 0x31CA, 0x39EA, 0x39EA, 0x39EA, 0x39EA, 
    0x39EA, 0x3A0B, 0x3A0B, 0x420B, 0x3A2B, 0x3A2C, 0x422C, 0x424C, 0x424C, 0x424C, 0x422C, 0x422D, 0x424D, 0x424D, 0x424D, 0x424D, 
    0x424D, 0x422D, 0x422D, 0x39EB, 0x31A8, 0x10A5, 0x0883, 0x10A3, 0x10C3, 0x2125, 0x2126, 0x18E5, 0x18E5, 0x18E5, 0x1905, 0x1905, 
    0x18E5, 0x18E4, 0x18E5, 0x18E5, 0x18E5, 0x20E4, 0x2104, 0x1904, 0x1905, 0x18E5, 0x0862, 0x0041, 0x0841, 0x0841, 0x0841, 0x0841, 
    0x4AEF, 0x4AEF, 0x4B0F, 0x532F, 0x5B30, 0x6330, 0x6330, 0x6350, 0x6350, 0x6350, 0x6350, 0x6350, 0x6351, 0x6370, 0x6370, 0x6350, 
    0x6350, 0x6390, 0x6390, 0x6391, 0x63B1, 0x6B91, 0x6331, 0x6310, 0x62EF, 0x5AEF, 0x5B0E, 0x5AED, 0x5AEE, 0x632F, 0x5B2F, 0x4AAC, 
    0x39E8, 0x18E3, 0x18C3, 0x18E3, 0x18E3, 0x1903, 0x2165, 0x29A6, 0x29A6, 0x31C8, 0x31E8, 0x2146, 0x18E4, 0x10E4, 0x1904, 0x2104, 
    0x2104, 0x1904, 0x1905, 0x18E4, 0x4A8B, 0x6B91, 0x6350, 0x6350, 0x6B70, 0x5B0F, 0x4A6E, 0x4A8D, 0x42AE, 0x322C, 0x4AAD, 0x52EE, 
    0x52CF, 0x52CF, 0x52CE, 0x52CE, 0x52CE, 0x52EE, 0x52CF, 0x52EF, 0x52EF, 0x52CF, 0x52CF, 0x52CF, 0x52CE, 0x52CF, 0x52CE, 0x52AE, 
    0x52AD, 0x528E, 0x528E, 0x528D, 0x528C, 0x4A6C, 0x4A4B, 0x424B, 0x4A4B, 0x4A2C, 0x4A0C, 0x41EA, 0x39E9, 0x39C8, 0x39A8, 0x39C8, 
    0x39C9, 0x39C9, 0x31C9, 0x31C9, 0x39E9, 0x39E9, 0x39EA, 0x39EA, 0x39EA, 0x3A0A, 0x39EA, 0x3A0B, 0x3A0B, 0x3A0B, 0x422C, 0x422C, 
    0x422C, 0x424C, 0x424D, 0x4A4E, 0x4A6E, 0x4A6D, 0x4A8E, 0x428E, 0x426E, 0x426E, 0x424D, 0x424D, 0x424D, 0x424D, 0x424C, 0x422B, 
    0x420A, 0x39C9, 0x2988, 0x3188, 0x31A9, 0x18C5, 0x1082, 0x10A2, 0x10E3, 0x2145, 0x2167, 0x2106, 0x18E5, 0x1905, 0x1905, 0x1905, 
    0x2105, 0x20E6, 0x2105, 0x2105, 0x2105, 0x2106, 0x2106, 0x20E5, 0x18E5, 0x0882, 0x0041, 0x0041, 0x0841, 0x0841, 0x0841, 0x0841, 
    0x4B0F, 0x4B0F, 0x532F, 0x5330, 0x5B50, 0x6350, 0x5B50, 0x6350, 0x6350, 0x634F, 0x634F, 0x6350, 0x6350, 0x6370, 0x6371, 0x6371, 
    0x6371, 0x6370, 0x6370, 0x6370, 0x6B91, 0x6371, 0x6350, 0x6330, 0x5B0F, 0x5B0F, 0x5B0E, 0x5AEE, 0x630E, 0x632F, 0x5B2F, 0x4ACE, 
    0x2967, 0x0844, 0x18E6, 0x31A8, 0x31C8, 0x31C8, 0x29C7, 0x3A09, 0x422A, 0x3A2B, 0x31E9, 0x2946, 0x18E5, 0x18E5, 0x1905, 0x2125, 
    0x2105, 0x1904, 0x2125, 0x18E4, 0x4AAB, 0x6B91, 0x6351, 0x6350, 0x634F, 0x52EF, 0x426D, 0x426D, 0x4AAE, 0x428D, 0x4AAE, 0x52CE, 
    0x52AF, 0x52CF, 0x52CF, 0x52CE, 0x52CE, 0x52CE, 0x52CF, 0x52CF, 0x52AF, 0x52AF, 0x52AE, 0x528D, 0x528D, 0x4A8D, 0x4A8C, 0x4A8C, 
    0x4A8B, 0x4A4B, 0x4A2B, 0x4A4A, 0x4A2A, 0x420A, 0x3A09, 0x39E9, 0x39C9, 0x39C9, 0x39C9, 0x31C9, 0x31C8, 0x31C8, 0x31C9, 0x39C9, 
    0x39C9, 0x39C9, 0x39E9, 0x31EA, 0x39EA, 0x39EA, 0x39EA, 0x3A0A, 0x3A0B, 0x3A0C, 0x3A0C, 0x3A0C, 0x3A2C, 0x424D, 0x424D, 0x422E, 
    0x424D, 0x426D, 0x426E, 0x4A6E, 0x4A6E, 0x4A6E, 0x4A8F, 0x428E, 0x426E, 0x426D, 0x426C, 0x422A, 0x39C9, 0x31A8, 0x2946, 0x2125, 
    0x2946, 0x2125, 0x2146, 0x31A8, 0x29A8, 0x10C5, 0x0882, 0x08A2, 0x18E3, 0x2145, 0x2147, 0x2127, 0x1906, 0x1905, 0x1905, 0x1905, 
    0x1905, 0x1905, 0x1905, 0x2105, 0x2105, 0x2105, 0x18E5, 0x10A3, 0x0862, 0x0041, 0x0041, 0x0841, 0x0841, 0x0841, 0x0841, 0x0841, 
    0x10A3, 0x10A3, 0x10A3, 0x10C3, 0x10C3, 0x10C3, 0x10C3, 0x10C3, 0x10C3, 0x10C3, 0x10C3, 0x10C3, 0x10C3, 0x10C3, 0x10C3, 0x10C3, 
    0x10C3, 0x18C3, 0x18C3, 0x18C3, 0x18C3, 0x10C3, 0x10C3, 0x10C3, 0x10A3, 0x10A3, 0x10A3, 0x10A3, 0x10A3, 0x10A3, 0x10C3, 0x10A3, 
    0x0862, 0x0042, 0x0862, 0x1083, 0x1083, 0x0882, 0x0882, 0x1082, 0x1083, 0x1083, 0x0882, 0x0862, 0x0861, 0x0861, 0x0861, 0x0862, 
    0x0861, 0x0861, 0x0861, 0x0861, 0x10A2, 0x18C3, 0x10C3, 0x10C3, 0x10C3, 0x10A3, 0x10A3, 0x1083, 0x10A3, 0x10A3, 0x10A3, 0x10A3, 
    0x10A3, 0x10A3, 0x10A3, 0x10A3, 0x10A3, 0x10A3, 0x10A3, 0x10A3, 0x10A3, 0x10A3, 0x10A3, 0x10A3, 0x10A3, 0x10A3, 0x1082, 0x10A2, 
    0x10A2, 0x1082, 0x1082, 0x1082, 0x1082, 0x1082, 0x0882, 0x0862, 0x0862, 0x0882, 0x0882, 0x0882, 0x0882, 0x0882, 0x0882, 0x0882, 
    0x0882, 0x0882, 0x0882, 0x0883, 0x0882, 0x0882, 0x0882, 0x1082, 0x1083, 0x1083, 0x1083, 0x1083, 0x1083, 0x10A3, 0x10A3, 0x1083, 
    0x10A3, 0x10A3, 0x10A3, 0x10A3, 0x10A3, 0x10A3, 0x10A3, 0x10A3, 0x1083, 0x10A3, 0x10A3, 0x1082, 0x0862, 0x0861, 0x0841, 0x0841, 
    0x0841, 0x0841, 0x0862, 0x0882, 0x0882, 0x0041, 0x0041, 0x0841, 0x0861, 0x0861, 0x0862, 0x0862, 0x0862, 0x0862, 0x0862, 0x0861, 
    0x0861, 0x0861, 0x0861, 0x0861, 0x0861, 0x0861, 0x0841, 0x0041, 0x0041, 0x0041, 0x0841, 0x0841, 0x0841, 0x0841, 0x0841, 0x0841, 
    0x0021, 0x0021, 0x0021, 0x0020, 0x0020, 0x0020, 0x0020, 0x0020, 0x0020, 0x0021, 0x0021, 0x0020, 0x0020, 0x0020, 0x0020, 0x0020, 
    0x0020, 0x0020, 0x0020, 0x0020, 0x0020, 0x0020, 0x0020, 0x0020, 0x0020, 0x0021, 0x0021, 0x0021, 0x0021, 0x0021, 0x0020, 0x0021, 
    0x0041, 0x0041, 0x0021, 0x0021, 0x0021, 0x0021, 0x0021, 0x0021, 0x0021, 0x0021, 0x0021, 0x0041, 0x0041, 0x0041, 0x0041, 0x0041, 
    0x0041, 0x0041, 0x0041, 0x0041, 0x0021, 0x0020, 0x0020, 0x0020, 0x0020, 0x0020, 0x0021, 0x0021, 0x0021, 0x0021, 0x0020, 0x0020, 
    0x0020, 0x0020, 0x0020, 0x0020, 0x0020, 0x0020, 0x0020, 0x0020, 0x0020, 0x0020, 0x0020, 0x0021, 0x0021, 0x0021, 0x0021, 0x0021, 
    0x0021, 0x0021, 0x0021, 0x0021, 0x0021, 0x0021, 0x0021, 0x0021, 0x0021, 0x0021, 0x0021, 0x0021, 0x0021, 0x0021, 0x0021, 0x0021, 
    0x0021, 0x0021, 0x0021, 0x0021, 0x0021, 0x0021, 0x0021, 0x0021, 0x0021, 0x0021, 0x0021, 0x0021, 0x0021, 0x0021, 0x0021, 0x0021, 
    0x0021, 0x0021, 0x0020, 0x0021, 0x0021, 0x0020, 0x0020, 0x0021, 0x0021, 0x0021, 0x0021, 0x0021, 0x0021, 0x0021, 0x0021, 0x0041, 
    0x0021, 0x0021, 0x0021, 0x0021, 0x0021, 0x0041, 0x0041, 0x0041, 0x0021, 0x0021, 0x0021, 0x0021, 0x0021, 0x0021, 0x0021, 0x0021, 
    0x0021, 0x0021, 0x0021, 0x0041, 0x0041, 0x0041, 0x0041, 0x0041, 0x0041, 0x0841, 0x0841, 0x0841, 0x0841, 0x0841, 0x0841, 0x0841, 
    0x0041, 0x0041, 0x0041, 0x0041, 0x0041, 0x0041, 0x0041, 0x0041, 0x0041, 0x0041, 0x0041, 0x0041, 0x0041, 0x0041, 0x0041, 0x0041, 
    0x0041, 0x0041, 0x0041, 0x0041, 0x0041, 0x0041, 0x0041, 0x0041, 0x0041, 0x0041, 0x0041, 0x0041, 0x0041, 0x0041, 0x0041, 0x0041, 
    0x0041, 0x0041, 0x0041, 0x0041, 0x0041, 0x0041, 0x0041, 0x0041, 0x0041, 0x0041, 0x0041, 0x0041, 0x0041, 0x0041, 0x0041, 0x0041, 
    0x0041, 0x0041, 0x0041, 0x0041, 0x0041, 0x0041, 0x0041, 0x0041, 0x0041, 0x0041, 0x0041, 0x0041, 0x0041, 0x0041, 0x0041, 0x0041, 
    0x0041, 0x0041, 0x0041, 0x0041, 0x0041, 0x0041, 0x0041, 0x0041, 0x0041, 0x0041, 0x0041, 0x0041, 0x0041, 0x0041, 0x0041, 0x0041, 
    0x0041, 0x0041, 0x0041, 0x0041, 0x0041, 0x0041, 0x0041, 0x0041, 0x0041, 0x0041, 0x0041, 0x0041, 0x0041, 0x0041, 0x0041, 0x0041, 
    0x0041, 0x0041, 0x0041, 0x0041, 0x0041, 0x0041, 0x0041, 0x0041, 0x0041, 0x0041, 0x0041, 0x0041, 0x0041, 0x0041, 0x0041, 0x0041, 
    0x0041, 0x0041, 0x0041, 0x0041, 0x0041, 0x0041, 0x0041, 0x0041, 0x0041, 0x0041, 0x0041, 0x0041, 0x0041, 0x0041, 0x0041, 0x0041, 
    0x0041, 0x0041, 0x0041, 0x0041, 0x0041, 0x0041, 0x0041, 0x0041, 0x0041, 0x0041, 0x0041, 0x0041, 0x0041, 0x0041, 0x0041, 0x0041, 
    0x0041, 0x0041, 0x0041, 0x0041, 0x0041, 0x0041, 0x0041, 0x0841, 0x0841, 0x0841, 0x0841, 0x0841, 0x0841, 0x0841, 0x0841, 0x0841
};


/* ================= Cache 处理 ================= */

static inline void dcache_invalidate(void *addr, uint32_t size)
{
    uint32_t a = ((uint32_t)addr) & ~31U;
    uint32_t s = (size + ((uint32_t)addr - a) + 31U) & ~31U;
    SCB_InvalidateDCache_by_Addr((uint32_t *)a, (int32_t)s);
    __DSB();
    __ISB();
}

/* ================= 主流程 ================= */
void demo_run(void)
{
	uint8_t ret;
	ret  = atk_mc2640_init();
	ret |= atk_mc2640_set_output_format(ATK_MC2640_OUTPUT_FORMAT_RGB565);
	/*我发现不设置窗口竟然可以把全图压缩*/
	ret |= atk_mc2640_set_output_size(DEMO_OUTPUT_WIDTH, DEMO_OUTPUT_HEIGHT);

	atk_mc2640_set_light_mode(ATK_MC2640_LIGHT_MODE_OFFICE);//白天模式
	//atk_mc2640_set_light_mode(ATK_MC2640_LIGHT_MODE_AUTO);//夜间模式
	atk_mc2640_set_color_saturation(ATK_MC2640_COLOR_SATURATION_0);
	atk_mc2640_set_brightness(ATK_MC2640_BRIGHTNESS_0);
	atk_mc2640_set_contrast(ATK_MC2640_CONTRAST_1);
	atk_mc2640_set_special_effect(ATK_MC2640_SPECIAL_EFFECT_NORMAL );
	uint8_t exposure_level = 80;//白天80夜间100即可
	uint8_t frame_count = 0;
	while (1)
	{
			atk_mc2640_set_exposure_level(exposure_level);
			delay_ms(50);

			/* DCMI DMA → AXI SRAM */
			atk_mc2640_get_frame(
					(uint32_t)cam_dma_buf,
					ATK_MC2640_GET_TYPE_DTS_16B_INC,
					NULL
			);

			/* 同步 Cache */
			dcache_invalidate(cam_dma_buf, BYTES);

			/* 拷贝给 CPU / AI */
			memcpy(image_buffer, cam_dma_buf, BYTES);
/*下面决定是否传输图片*/		
#define  PHOTO    0
#if  (PHOTO)
			// 例如：图像处理、保存到SD卡、通过网络传输等
			delay_ms(500);
			printf("[IMAGE_START]"); // 直接打印每个元素
			delay_ms(2000);
			for (int i = 0; i < DEMO_OUTPUT_WIDTH *DEMO_OUTPUT_HEIGHT; i++) 
			{ 
					printf("%04X,", image_buffer[i]); // 直接打印每个元素
					delay_ms(1); 
			}
			delay_ms(500);
			printf("[IMAGE_END]");
			delay_ms(500);
#endif			
			break;
					
	}
}
